chart_id	source_id	source_label	target_id	target_label	edge_label	edge_type	confidence	rule_applied	rationale
arabidopsis_aba_guard_cell	A	Drought: ABA rises	B	PYR/PYL inhibit PP2C		proceeds	med	none	unlabeled process step
arabidopsis_aba_guard_cell	B	PYR/PYL inhibit PP2C	C	SnRK2 kinases active		proceeds	med	none	unlabeled process step
arabidopsis_aba_guard_cell	C	SnRK2 kinases active	D	Open SLAC1 anion channels; stomata close		proceeds	med	none	unlabeled process step
arabidopsis_aba_guard_cell	D	Open SLAC1 anion channels; stomata close	E	Transpiration drops; water restored		proceeds	med	none	unlabeled process step
arabidopsis_aba_guard_cell	E	Transpiration drops; water restored	F	Rehydration lowers ABA		proceeds	med	none	unlabeled process step
arabidopsis_aba_guard_cell	F	Rehydration lowers ABA	A	Drought: ABA rises	⊣ feedback	represses	high	1	Rule1 explicit bar-head inhibition
arabidopsis_circadian_clock	B	CCA1/LHY morning factors	C	Repress evening gene TOC1		proceeds	med	none	unlabeled process step
arabidopsis_circadian_clock	C	Repress evening gene TOC1	D	TOC1 / evening complex	⊣	represses	high	1	Rule1 explicit bar-head inhibition
arabidopsis_circadian_clock	D	TOC1 / evening complex	E	Represses CCA1/LHY		proceeds	med	none	unlabeled process step
arabidopsis_circadian_clock	E	Represses CCA1/LHY	B	CCA1/LHY morning factors	⊣ delayed	represses	high	1	Rule1 explicit bar-head inhibition
arabidopsis_flc_vernalization	C	PRC2 deposits H3K27me3 at FLC	D	FLC epigenetically silenced		proceeds	med	none	unlabeled process step
arabidopsis_flc_vernalization	D	FLC epigenetically silenced	E	Silenced state mitotically inherited		proceeds	med	none	unlabeled process step
arabidopsis_flc_vernalization	E	Silenced state mitotically inherited	C	PRC2 deposits H3K27me3 at FLC	+ self-maintain	activates	high	1	Rule1 explicit Activates/+ marker
bacillus_comk_competence	D	ComK accumulates	E	ComK activates its own promoter		proceeds	med	none	unlabeled process step
bacillus_comk_competence	E	ComK activates its own promoter	D	ComK accumulates	+	activates	high	1	Rule1 explicit Activates/+ marker
bacillus_germination	AQ	ATP Synthesis Resumes	CA	ATP Sufficient?		produces	med	none	material production/appearance
bacillus_germination	CA	ATP Sufficient?	CB	Slow Germination	No	represses	high	2	Rule2 checkpoint outcome No -> represses
bacillus_germination	CB	Slow Germination	AQ	ATP Synthesis Resumes		proceeds	med	none	unlabeled process step
bacillus_spo0a_sporulation	C	Spo0A~P rises	D	Spo0A~P above threshold?		proceeds	high	none	process feeds decision gate
bacillus_spo0a_sporulation	D	Spo0A~P above threshold?	E	Activates sporulation sigma factors	Yes	activates	high	2	Rule2 checkpoint outcome Yes -> activates
bacillus_spo0a_sporulation	E	Activates sporulation sigma factors	F	Positive feedback raises Spo0A~P		proceeds	med	none	unlabeled process step
bacillus_spo0a_sporulation	F	Positive feedback raises Spo0A~P	C	Spo0A~P rises	+	activates	high	1	Rule1 explicit Activates/+ marker
celegans_dauer_decision	E	Low signaling: DAF-16 + DAF-3 active	F	Commit to dauer larva		proceeds	med	none	unlabeled process step
celegans_dauer_decision	F	Commit to dauer larva	E	Low signaling: DAF-16 + DAF-3 active	+ commit	activates	high	1	Rule1 explicit Activates/+ marker
drosophila_segment_polarity	B	engrailed (en)	C	hedgehog (hh)		proceeds	med	none	unlabeled process step
drosophila_segment_polarity	B	engrailed (en)	G	Wg maintains en/hh		proceeds	med	none	unlabeled process step
drosophila_segment_polarity	C	hedgehog (hh)	H	Hh sustains wg via Ci		proceeds	med	none	unlabeled process step
drosophila_segment_polarity	E	wingless (wg)	B	engrailed (en)	+ maintain en	activates	high	1	Rule1 explicit Activates/+ marker
drosophila_segment_polarity	F	Ci activator in receiving cell	E	wingless (wg)	+	activates	high	1	Rule1 explicit Activates/+ marker
drosophila_segment_polarity	G	Wg maintains en/hh	E	wingless (wg)	+	activates	high	1	Rule1 explicit Activates/+ marker
drosophila_segment_polarity	H	Hh sustains wg via Ci	F	Ci activator in receiving cell		proceeds	med	none	unlabeled process step
ecoli_aerobic_respiration	AA	Succinate Dehydrogenase sdhABCD	AB	Fumarate + FADH2		proceeds	med	none	unlabeled process step
ecoli_aerobic_respiration	AB	Fumarate + FADH2	AC	Fumarase fumAC		proceeds	med	none	unlabeled process step
ecoli_aerobic_respiration	AC	Fumarase fumAC	AD	Malate		proceeds	med	none	unlabeled process step
ecoli_aerobic_respiration	AD	Malate	AE	Malate Dehydrogenase mdh		proceeds	med	none	unlabeled process step
ecoli_aerobic_respiration	AE	Malate Dehydrogenase mdh	AF	Oxaloacetate + NADH		proceeds	med	none	unlabeled process step
ecoli_aerobic_respiration	AF	Oxaloacetate + NADH	R	Citrate Synthase gltA		proceeds	med	none	unlabeled process step
ecoli_aerobic_respiration	R	Citrate Synthase gltA	S	Citrate		proceeds	med	none	unlabeled process step
ecoli_aerobic_respiration	S	Citrate	T	Aconitase acnA/acnB		proceeds	med	none	unlabeled process step
ecoli_aerobic_respiration	T	Aconitase acnA/acnB	U	Isocitrate		proceeds	med	none	unlabeled process step
ecoli_aerobic_respiration	U	Isocitrate	V	Isocitrate Dehydrogenase icd		proceeds	med	none	unlabeled process step
ecoli_aerobic_respiration	V	Isocitrate Dehydrogenase icd	W	α-Ketoglutarate + NADH + CO2		proceeds	med	none	unlabeled process step
ecoli_aerobic_respiration	W	α-Ketoglutarate + NADH + CO2	X	α-KG Dehydrogenase sucABCD		proceeds	med	none	unlabeled process step
ecoli_aerobic_respiration	X	α-KG Dehydrogenase sucABCD	Y	Succinyl-CoA + NADH + CO2		proceeds	med	none	unlabeled process step
ecoli_aerobic_respiration	Y	Succinyl-CoA + NADH + CO2	Z	Succinate		proceeds	med	none	unlabeled process step
ecoli_aerobic_respiration	Z	Succinate	AA	Succinate Dehydrogenase sdhABCD		proceeds	med	none	unlabeled process step
ecoli_anaerobic_respiration	A47	ArcA available?	Wait1	Wait for ArcA	No	activates	high	2	Rule2 checkpoint outcome No -> activates
ecoli_anaerobic_respiration	Wait1	Wait for ArcA	A47	ArcA available?		proceeds	high	none	process feeds decision gate
ecoli_biofilm_formation	AV	DGC Diguanylate Cyclases	V	c-di-GMP	Synthesize	produces	high	none	edge label is material production
ecoli_biofilm_formation	AY	Regulatory Integration?	AZ	Stationary Phase	RpoS	activates	med	2	Rule2 named-factor gate branch enables
ecoli_biofilm_formation	AY	Regulatory Integration?	BB	DNA Bending	IHF	activates	med	2	Rule2 named-factor gate branch enables
ecoli_biofilm_formation	AZ	Stationary Phase	K	CsgD Master Regulator		proceeds	med	none	unlabeled process step
ecoli_biofilm_formation	BB	DNA Bending	K	CsgD Master Regulator	Enhances	activates	high	1	Rule1 explicit Activates/+ marker
ecoli_biofilm_formation	BE	Stable Community	BF	Dispersal Signal?		proceeds	high	none	process feeds decision gate
ecoli_biofilm_formation	BF	Dispersal Signal?	BE	Stable Community	No Signal	represses	high	2	Rule2 checkpoint outcome No Signal -> represses
ecoli_biofilm_formation	K	CsgD Master Regulator	AY	Regulatory Integration?		proceeds	high	none	process feeds decision gate
ecoli_biofilm_formation	V	c-di-GMP	AV	DGC Diguanylate Cyclases		proceeds	med	none	unlabeled process step
ecoli_cell_division	A12	Midcell permissive for FtsZ?	Wait1	Wait for proper conditions	No - inhibited	represses	high	1	Rule1 explicit inhibit/repress label
ecoli_cell_division	A13	FtsZ accumulates at midcell	A14	FtsZ monomers bind GTP		proceeds	med	none	unlabeled process step
ecoli_cell_division	A14	FtsZ monomers bind GTP	A15	FtsZ-GTP polymerizes into protofilaments		proceeds	med	none	unlabeled process step
ecoli_cell_division	A15	FtsZ-GTP polymerizes into protofilaments	A16	Protofilaments are short ~30 subunits dynamic		proceeds	med	none	unlabeled process step
ecoli_cell_division	A16	Protofilaments are short ~30 subunits dynamic	A17	Protofilaments tether to membrane		proceeds	med	none	pathway/state advances
ecoli_cell_division	A17	Protofilaments tether to membrane	A18	FtsA binds FtsZ C-terminal peptide		proceeds	med	none	pathway/state advances
ecoli_cell_division	A17	Protofilaments tether to membrane	A20	ZipA binds FtsZ C-terminal peptide		proceeds	med	none	pathway/state advances
ecoli_cell_division	A18	FtsA binds FtsZ C-terminal peptide	A19	FtsA amphipathic helix inserts in membrane		proceeds	med	none	pathway/state advances
ecoli_cell_division	A19	FtsA amphipathic helix inserts in membrane	A22	FtsA and ZipA stabilize FtsZ protofilaments		proceeds	med	none	pathway/state advances
ecoli_cell_division	A20	ZipA binds FtsZ C-terminal peptide	A21	ZipA transmembrane domain anchors to membrane		proceeds	med	none	pathway/state advances
ecoli_cell_division	A21	ZipA transmembrane domain anchors to membrane	A22	FtsA and ZipA stabilize FtsZ protofilaments		proceeds	med	none	pathway/state advances
ecoli_cell_division	A22	FtsA and ZipA stabilize FtsZ protofilaments	A23	Lateral bundling of protofilaments		proceeds	med	none	unlabeled process step
ecoli_cell_division	A23	Lateral bundling of protofilaments	A24	Proto-ring formation - discontinuous structure		proceeds	med	none	unlabeled process step
ecoli_cell_division	A24	Proto-ring formation - discontinuous structure	A25	Z-ring assembled at midcell		proceeds	med	none	unlabeled process step
ecoli_cell_division	A25	Z-ring assembled at midcell	A26	Z-ring maturation checkpoint		proceeds	high	none	process feeds decision gate
ecoli_cell_division	A26	Z-ring maturation checkpoint	A28	Disassembly - restart	Z-ring unstable	activates	high	2	Rule2 gate outcome Z-ring unstable -> activates
ecoli_cell_division	A28	Disassembly - restart	A13	FtsZ accumulates at midcell		proceeds	med	none	unlabeled process step
ecoli_cell_division	A33	Divisome assembly checkpoint	Wait2	Wait for early proteins	Incomplete assembly	activates	high	2	Rule2 checkpoint outcome Incomplete assembly -> activates
ecoli_cell_division	A39	FtsW and FtsI complex formed?	Wait3	Wait for protein availability	No	activates	high	2	Rule2 checkpoint outcome No -> activates
ecoli_cell_division	A47	Z-ring constricts - circumference decreases	A48	Membrane follows Z-ring constriction		proceeds	med	none	pathway/state advances
ecoli_cell_division	A48	Membrane follows Z-ring constriction	A49	Septal peptidoglycan synthesis coupled to constriction		proceeds	med	none	pathway/state advances
ecoli_cell_division	A49	Septal peptidoglycan synthesis coupled to constriction	A50	Chromosome segregation complete?		proceeds	high	none	process feeds decision gate
ecoli_cell_division	A50	Chromosome segregation complete?	A51	Continue constriction	Yes - FtsK done	activates	high	2	Rule2 checkpoint outcome Yes - FtsK done -> activates
ecoli_cell_division	A50	Chromosome segregation complete?	A52	FtsK pumps DNA across septum	No - chromosomes trapped	represses	high	2	Rule2 checkpoint outcome No - chromosomes trapped -> represses
ecoli_cell_division	A51	Continue constriction	A55	Constriction continues		proceeds	med	none	unlabeled process step
ecoli_cell_division	A52	FtsK pumps DNA across septum	A53	FtsK recognizes KOPS DNA sequences		proceeds	med	none	unlabeled process step
ecoli_cell_division	A53	FtsK recognizes KOPS DNA sequences	A54	FtsK translocates DNA toward dif		proceeds	med	none	unlabeled process step
ecoli_cell_division	A54	FtsK translocates DNA toward dif	A51	Continue constriction		proceeds	med	none	unlabeled process step
ecoli_cell_division	A55	Constriction continues	A56	Septal ring diameter decreases		proceeds	med	none	unlabeled process step
ecoli_cell_division	A56	Septal ring diameter decreases	A57	Constriction complete?		proceeds	high	none	process feeds decision gate
ecoli_cell_division	A57	Constriction complete?	A58	Continue synthesis and constriction	No - ring diameter > 0	represses	high	2	Rule2 checkpoint outcome No - ring diameter > 0 -> represses
ecoli_cell_division	A58	Continue synthesis and constriction	A47	Z-ring constricts - circumference decreases		proceeds	med	none	unlabeled process step
ecoli_cell_division	Wait1	Wait for proper conditions	A12	Midcell permissive for FtsZ?		proceeds	high	none	process feeds decision gate
ecoli_cell_division	Wait2	Wait for early proteins	A33	Divisome assembly checkpoint		proceeds	high	none	process feeds decision gate
ecoli_cell_division	Wait3	Wait for protein availability	A39	FtsW and FtsI complex formed?		proceeds	high	none	process feeds decision gate
ecoli_chemotaxis	AB	Tumbling	AD	New Direction?		proceeds	high	none	process feeds decision gate
ecoli_chemotaxis	AC	Smooth Swimming Run	AG	Continue Run?		proceeds	high	none	process feeds decision gate
ecoli_chemotaxis	AD	New Direction?	AE	Reorientation	Random	activates	high	2	Rule2 checkpoint outcome Random -> activates
ecoli_chemotaxis	AE	Reorientation	AF	Gradient Assessment?		proceeds	high	none	process feeds decision gate
ecoli_chemotaxis	AF	Gradient Assessment?	AB	Tumbling	Worse	represses	high	2	Rule2 checkpoint outcome Worse -> represses
ecoli_chemotaxis	AF	Gradient Assessment?	AC	Smooth Swimming Run	Better	activates	high	2	Rule2 checkpoint outcome Better -> activates
ecoli_chemotaxis	AG	Continue Run?	AB	Tumbling	Unfavorable	represses	high	2	Rule2 checkpoint outcome Unfavorable -> represses
ecoli_chemotaxis	AG	Continue Run?	AC	Smooth Swimming Run	Favorable Gradient	activates	high	2	Rule2 checkpoint outcome Favorable Gradient -> activates
ecoli_chemotaxis	AK	Active CheB Methylesterase	AL	Adaptation Mechanism?		proceeds	high	none	process feeds decision gate
ecoli_chemotaxis	AL	Adaptation Mechanism?	AM	Remove Methyl Groups	Demethylation	activates	med	2	Rule2 named-factor gate branch enables
ecoli_chemotaxis	AM	Remove Methyl Groups	AN	MCP Glutamate Residues		proceeds	med	none	unlabeled process step
ecoli_chemotaxis	AN	MCP Glutamate Residues	AO	Reduced Sensitivity		proceeds	med	none	unlabeled process step
ecoli_chemotaxis	AO	Reduced Sensitivity	AU	Adaptation Balance?		proceeds	high	none	process feeds decision gate
ecoli_chemotaxis	AU	Adaptation Balance?	AV	Restored Basal Activity	Equilibrium	activates	high	2	Rule2 checkpoint outcome Equilibrium -> activates
ecoli_chemotaxis	AV	Restored Basal Activity	L	CheA Histidine Kinase		proceeds	med	none	unlabeled process step
ecoli_chemotaxis	BK	Allosteric Coupling?	BL	Coordinated Activity	Team Response	activates	high	2	Rule2 checkpoint outcome Team Response -> activates
ecoli_chemotaxis	BL	Coordinated Activity	O	CheA Autophosphorylation?		proceeds	high	none	process feeds decision gate
ecoli_chemotaxis	L	CheA Histidine Kinase	M	CheW Coupling Protein	Requires	proceeds	med	none	structural dependency advances assembly
ecoli_chemotaxis	M	CheW Coupling Protein	N	Receptor-CheW-CheA Complex		proceeds	med	none	unlabeled process step
ecoli_chemotaxis	N	Receptor-CheW-CheA Complex	BK	Allosteric Coupling?		proceeds	high	none	process feeds decision gate
ecoli_chemotaxis	N	Receptor-CheW-CheA Complex	O	CheA Autophosphorylation?		activates	med	none	regulator changes target capacity
ecoli_chemotaxis	O	CheA Autophosphorylation?	P	CheA~P	High Activity	activates	high	2	Rule2 checkpoint outcome High Activity -> activates
ecoli_chemotaxis	P	CheA~P	R	Phosphotransfer Branch?		proceeds	high	none	process feeds decision gate
ecoli_chemotaxis	R	Phosphotransfer Branch?	T	CheB~P	To CheB	proceeds	med	none	gate routes to branch target
ecoli_chemotaxis	T	CheB~P	AK	Active CheB Methylesterase		proceeds	med	none	unlabeled process step
ecoli_dna_replication_elongation	AA	DnaG Primase Recognition	AB	RNA Primer Synthesis		proceeds	med	none	unlabeled process step
ecoli_dna_replication_elongation	AB	RNA Primer Synthesis	AC	~10 nt RNA Primer		proceeds	med	none	unlabeled process step
ecoli_dna_replication_elongation	AC	~10 nt RNA Primer	AD	DNA Pol III Recognition		proceeds	med	none	unlabeled process step
ecoli_dna_replication_elongation	AD	DNA Pol III Recognition	AE	Okazaki Fragment Synthesis?		proceeds	high	none	process feeds decision gate
ecoli_dna_replication_elongation	AE	Okazaki Fragment Synthesis?	AF	DNA Pol III Core Enzyme α	Initiate	activates	high	2	Rule2 checkpoint outcome Initiate -> activates
ecoli_dna_replication_elongation	AF	DNA Pol III Core Enzyme α	AG	Extension from RNA Primer		proceeds	med	none	unlabeled process step
ecoli_dna_replication_elongation	AG	Extension from RNA Primer	AH	dNTP Incorporation		proceeds	med	none	unlabeled process step
ecoli_dna_replication_elongation	AH	dNTP Incorporation	AI	Synthesis ~1000-2000 nt		proceeds	med	none	unlabeled process step
ecoli_dna_replication_elongation	AI	Synthesis ~1000-2000 nt	AJ	Reach Previous Fragment?		proceeds	high	none	process feeds decision gate
ecoli_dna_replication_elongation	AJ	Reach Previous Fragment?	AH	dNTP Incorporation	No	represses	high	2	Rule2 checkpoint outcome No -> represses
ecoli_dna_replication_elongation	AJ	Reach Previous Fragment?	AK	Pol III Dissociates	Yes	activates	high	2	Rule2 checkpoint outcome Yes -> activates
ecoli_dna_replication_elongation	AK	Pol III Dissociates	AL	DNA Pol I Recognition		proceeds	med	none	unlabeled process step
ecoli_dna_replication_elongation	AL	DNA Pol I Recognition	AM	5'-3' Exonuclease Activity		proceeds	med	none	unlabeled process step
ecoli_dna_replication_elongation	AM	5'-3' Exonuclease Activity	AN	Nick Translation		proceeds	med	none	pathway/state advances
ecoli_dna_replication_elongation	AN	Nick Translation	AO	Remove RNA Primer		proceeds	med	none	pathway/state advances
ecoli_dna_replication_elongation	AO	Remove RNA Primer	AP	Replace with DNA		proceeds	med	none	unlabeled process step
ecoli_dna_replication_elongation	AP	Replace with DNA	AQ	Nick Remaining?		proceeds	high	none	process feeds decision gate
ecoli_dna_replication_elongation	AQ	Nick Remaining?	AR	DNA Ligase	Yes	activates	high	2	Rule2 checkpoint outcome Yes -> activates
ecoli_dna_replication_elongation	AR	DNA Ligase	AS	Seal Phosphodiester Backbone		proceeds	med	none	unlabeled process step
ecoli_dna_replication_elongation	AS	Seal Phosphodiester Backbone	AT	Completed Okazaki Fragment		proceeds	med	none	unlabeled process step
ecoli_dna_replication_elongation	AT	Completed Okazaki Fragment	AU	New Primer Needed?		proceeds	high	none	process feeds decision gate
ecoli_dna_replication_elongation	AU	New Primer Needed?	AA	DnaG Primase Recognition	Yes	activates	high	2	Rule2 checkpoint outcome Yes -> activates
ecoli_dna_replication_elongation	AX	Leading-Lagging Coupling?	AY	Replisome Integrity	Coordinated	activates	high	2	Rule2 checkpoint outcome Coordinated -> activates
ecoli_dna_replication_elongation	AY	Replisome Integrity	AZ	Continue Replication?		proceeds	high	none	process feeds decision gate
ecoli_dna_replication_elongation	AZ	Continue Replication?	BA	Processive Synthesis	Fork Active	proceeds	med	none	pathway/state advances
ecoli_dna_replication_elongation	BA	Processive Synthesis	BC	Obstacles?		proceeds	high	none	process feeds decision gate
ecoli_dna_replication_elongation	BC	Obstacles?	K	Nucleotide Selection	None	represses	high	2	Rule2 checkpoint outcome None -> represses
ecoli_dna_replication_elongation	BH	Both Strands Complete?	BA	Processive Synthesis	No	represses	high	2	Rule2 checkpoint outcome No -> represses
ecoli_dna_replication_elongation	K	Nucleotide Selection	M	Watson-Crick Base Pairing		proceeds	med	none	unlabeled process step
ecoli_dna_replication_elongation	M	Watson-Crick Base Pairing	N	Phosphodiester Bond Formation		proceeds	med	none	unlabeled process step
ecoli_dna_replication_elongation	N	Phosphodiester Bond Formation	O	Pyrophosphate Release		proceeds	med	none	unlabeled process step
ecoli_dna_replication_elongation	O	Pyrophosphate Release	P	DNA Extension +1 Nucleotide		proceeds	med	none	unlabeled process step
ecoli_dna_replication_elongation	P	DNA Extension +1 Nucleotide	Q	Proofreading Check?		proceeds	high	none	process feeds decision gate
ecoli_dna_replication_elongation	Q	Proofreading Check?	R	Continue Synthesis	Correct Base	activates	high	2	Rule2 checkpoint outcome Correct Base -> activates
ecoli_dna_replication_elongation	Q	Proofreading Check?	S	3'-5' Exonuclease ε Subunit	Mismatch	represses	high	2	Rule2 checkpoint outcome Mismatch -> represses
ecoli_dna_replication_elongation	R	Continue Synthesis	U	Beta Clamp Processivity		proceeds	med	none	unlabeled process step
ecoli_dna_replication_elongation	S	3'-5' Exonuclease ε Subunit	T	Excise Incorrect Nucleotide		proceeds	med	none	unlabeled process step
ecoli_dna_replication_elongation	T	Excise Incorrect Nucleotide	K	Nucleotide Selection		proceeds	med	none	unlabeled process step
ecoli_dna_replication_elongation	U	Beta Clamp Processivity	AX	Leading-Lagging Coupling?		proceeds	high	none	process feeds decision gate
ecoli_dna_replication_elongation	U	Beta Clamp Processivity	V	Tau Clamp Loader		proceeds	med	none	unlabeled process step
ecoli_dna_replication_elongation	V	Tau Clamp Loader	AX	Leading-Lagging Coupling?		proceeds	high	none	process feeds decision gate
ecoli_dna_replication_elongation	V	Tau Clamp Loader	W	Maintain Association		proceeds	med	none	unlabeled process step
ecoli_dna_replication_elongation	W	Maintain Association	X	End of Template?		proceeds	high	none	process feeds decision gate
ecoli_dna_replication_elongation	X	End of Template?	K	Nucleotide Selection	No	represses	high	2	Rule2 checkpoint outcome No -> represses
ecoli_dna_replication_elongation	X	End of Template?	Y	Leading Strand Complete	Yes	activates	high	2	Rule2 checkpoint outcome Yes -> activates
ecoli_dna_replication_elongation	Y	Leading Strand Complete	BH	Both Strands Complete?		proceeds	high	none	process feeds decision gate
ecoli_dna_replication_termination	AE	Decatenation Reaction	AG	ATP Hydrolysis		proceeds	med	none	unlabeled process step
ecoli_dna_replication_termination	AG	ATP Hydrolysis	AH	DNA Strand Passage		proceeds	med	none	unlabeled process step
ecoli_dna_replication_termination	AH	DNA Strand Passage	AI	Catenane Resolution		proceeds	med	none	unlabeled process step
ecoli_dna_replication_termination	AI	Catenane Resolution	AJ	Complete Separation?		proceeds	high	none	process feeds decision gate
ecoli_dna_replication_termination	AJ	Complete Separation?	AE	Decatenation Reaction	No	represses	high	2	Rule2 checkpoint outcome No -> represses
ecoli_dna_replication_termination	B	Convergence in Terminus Region	C	Ter Site Encounter?		proceeds	high	none	process feeds decision gate
ecoli_dna_replication_termination	C	Ter Site Encounter?	D	Tus Protein Binding	TerA-J Sites Present	activates	high	2	Rule2 checkpoint outcome TerA-J Sites Present -> activates
ecoli_dna_replication_termination	D	Tus Protein Binding	F	Tus-Ter Complex Formation		produces	med	none	assembly yields complex/product
ecoli_dna_replication_termination	F	Tus-Ter Complex Formation	G	Fork Orientation?		proceeds	high	none	process feeds decision gate
ecoli_dna_replication_termination	G	Fork Orientation?	H	Fork Passes Through	Permissive	activates	high	2	Rule2 checkpoint outcome Permissive -> activates
ecoli_dna_replication_termination	H	Fork Passes Through	B	Convergence in Terminus Region		proceeds	med	none	unlabeled process step
ecoli_e._coli_osmotic_stress_response	B	Turgor loss / water efflux	C	RpoS (σS) stabilized		proceeds	med	none	unlabeled process step
ecoli_e._coli_osmotic_stress_response	C	RpoS (σS) stabilized	D	Osmoprotectant gene transcription		proceeds	med	none	unlabeled process step
ecoli_e._coli_osmotic_stress_response	D	Osmoprotectant gene transcription	E	Compatible solute accumulation		proceeds	med	none	unlabeled process step
ecoli_e._coli_osmotic_stress_response	E	Compatible solute accumulation	F	Turgor & cell volume restored		proceeds	med	none	unlabeled process step
ecoli_e._coli_osmotic_stress_response	F	Turgor & cell volume restored	B	Turgor loss / water efflux	− feedback	represses	high	1	Rule1 explicit bar-head inhibition
ecoli_fatty_acid_degradation	AC	FadE Acyl-CoA Dehydrogenase	AD	AND: FAD<br/>Available?		proceeds	high	none	process feeds decision gate
ecoli_fatty_acid_degradation	AD	AND: FAD<br/>Available?	AF	Acyl-CoA → trans-2-Enoyl-CoA	Yes	activates	high	2	Rule2 checkpoint outcome Yes -> activates
ecoli_fatty_acid_degradation	AF	Acyl-CoA → trans-2-Enoyl-CoA	AH	FadB Enoyl-CoA Hydratase		proceeds	med	none	unlabeled process step
ecoli_fatty_acid_degradation	AH	FadB Enoyl-CoA Hydratase	AI	Water Addition		proceeds	med	none	unlabeled process step
ecoli_fatty_acid_degradation	AI	Water Addition	AJ	L-3-Hydroxyacyl-CoA		proceeds	med	none	unlabeled process step
ecoli_fatty_acid_degradation	AJ	L-3-Hydroxyacyl-CoA	AK	FadB 3-Hydroxyacyl-CoA DH		proceeds	med	none	unlabeled process step
ecoli_fatty_acid_degradation	AK	FadB 3-Hydroxyacyl-CoA DH	AL	AND: NAD+<br/>Available?		proceeds	high	none	process feeds decision gate
ecoli_fatty_acid_degradation	AL	AND: NAD+<br/>Available?	AM	3-Ketoacyl-CoA	Yes	activates	high	2	Rule2 checkpoint outcome Yes -> activates
ecoli_fatty_acid_degradation	AM	3-Ketoacyl-CoA	AO	FadA β-Ketothiolase		proceeds	med	none	unlabeled process step
ecoli_fatty_acid_degradation	AO	FadA β-Ketothiolase	AP	{AND: CoA-SH<br/>Available?		proceeds	high	none	process feeds decision gate
ecoli_fatty_acid_degradation	AP	{AND: CoA-SH<br/>Available?	AQ	Acetyl-CoA + Acyl-CoA n-2	Yes	activates	high	2	Rule2 checkpoint outcome Yes -> activates
ecoli_fatty_acid_degradation	AQ	Acetyl-CoA + Acyl-CoA n-2	AS	Shortened Acyl-CoA		proceeds	med	none	unlabeled process step
ecoli_fatty_acid_degradation	AS	Shortened Acyl-CoA	AT	OR: Continue<br/>Oxidation?		proceeds	high	none	process feeds decision gate
ecoli_fatty_acid_degradation	AT	OR: Continue<br/>Oxidation?	AC	FadE Acyl-CoA Dehydrogenase	Chain > C4	activates	high	2	Rule2 checkpoint outcome Chain > C4 -> activates
ecoli_fatty_acid_synthesis	AA	Dehydration	AB	Trans-2-Enoyl-ACP		proceeds	med	none	unlabeled process step
ecoli_fatty_acid_synthesis	AB	Trans-2-Enoyl-ACP	AC	FabI Enoyl-ACP Reductase		proceeds	med	none	unlabeled process step
ecoli_fatty_acid_synthesis	AC	FabI Enoyl-ACP Reductase	AD	NADH Dependent Reduction		proceeds	med	none	unlabeled process step
ecoli_fatty_acid_synthesis	AD	NADH Dependent Reduction	AE	Acyl-ACP		proceeds	med	none	unlabeled process step
ecoli_fatty_acid_synthesis	AE	Acyl-ACP	AF	Chain Length?		proceeds	high	none	process feeds decision gate
ecoli_fatty_acid_synthesis	AF	Chain Length?	AG	Continue Elongation	C4-C14	activates	med	2	Rule2 named-factor gate branch enables
ecoli_fatty_acid_synthesis	AF	Chain Length?	AJ	Termination	C16-C18	activates	med	2	Rule2 named-factor gate branch enables
ecoli_fatty_acid_synthesis	AG	Continue Elongation	V	FabB/F Beta-Ketoacyl-ACP Synthase I/II		proceeds	med	none	pathway/state advances
ecoli_fatty_acid_synthesis	AH	Next Condensation	AI	Beta-Ketoacyl-ACP		proceeds	med	none	unlabeled process step
ecoli_fatty_acid_synthesis	AI	Beta-Ketoacyl-ACP	W	FabG Beta-Ketoacyl-ACP Reductase		proceeds	med	none	unlabeled process step
ecoli_fatty_acid_synthesis	AJ	Termination	AK	Acyl-ACP Thioesterase		proceeds	med	none	pathway/state advances
ecoli_fatty_acid_synthesis	AK	Acyl-ACP Thioesterase	AM	Free ACP		proceeds	med	none	unlabeled process step
ecoli_fatty_acid_synthesis	AM	Free ACP	AN	ACP Recycling		proceeds	med	none	pathway/state advances
ecoli_fatty_acid_synthesis	AN	ACP Recycling	L	4'-Phosphopantetheine Arm		proceeds	med	none	pathway/state advances
ecoli_fatty_acid_synthesis	L	4'-Phosphopantetheine Arm	N	FabD ACP S-Acetyltransferase		proceeds	med	none	unlabeled process step
ecoli_fatty_acid_synthesis	L	4'-Phosphopantetheine Arm	O	FabD ACP S-Malonyltransferase		proceeds	med	none	unlabeled process step
ecoli_fatty_acid_synthesis	N	FabD ACP S-Acetyltransferase	P	Acetyl-ACP		proceeds	med	none	unlabeled process step
ecoli_fatty_acid_synthesis	O	FabD ACP S-Malonyltransferase	Q	Malonyl-ACP		proceeds	med	none	unlabeled process step
ecoli_fatty_acid_synthesis	P	Acetyl-ACP	R	Initiation or<br/>Elongation?		proceeds	high	none	process feeds decision gate
ecoli_fatty_acid_synthesis	Q	Malonyl-ACP	AH	Next Condensation		proceeds	med	none	unlabeled process step
ecoli_fatty_acid_synthesis	Q	Malonyl-ACP	S	FabH Beta-Ketoacyl-ACP Synthase III		proceeds	med	none	unlabeled process step
ecoli_fatty_acid_synthesis	R	Initiation or<br/>Elongation?	S	FabH Beta-Ketoacyl-ACP Synthase III	Initiation	activates	med	2	Rule2 named-factor gate branch enables
ecoli_fatty_acid_synthesis	R	Initiation or<br/>Elongation?	V	FabB/F Beta-Ketoacyl-ACP Synthase I/II	Elongation	activates	med	2	Rule2 named-factor gate branch enables
ecoli_fatty_acid_synthesis	S	FabH Beta-Ketoacyl-ACP Synthase III	T	Condensation		proceeds	med	none	unlabeled process step
ecoli_fatty_acid_synthesis	T	Condensation	U	Acetoacetyl-ACP		proceeds	med	none	unlabeled process step
ecoli_fatty_acid_synthesis	U	Acetoacetyl-ACP	W	FabG Beta-Ketoacyl-ACP Reductase		proceeds	med	none	unlabeled process step
ecoli_fatty_acid_synthesis	V	FabB/F Beta-Ketoacyl-ACP Synthase I/II	AH	Next Condensation		proceeds	med	none	unlabeled process step
ecoli_fatty_acid_synthesis	W	FabG Beta-Ketoacyl-ACP Reductase	X	NADPH Dependent Reduction		proceeds	med	none	unlabeled process step
ecoli_fatty_acid_synthesis	X	NADPH Dependent Reduction	Y	Beta-Hydroxyacyl-ACP		proceeds	med	none	unlabeled process step
ecoli_fatty_acid_synthesis	Y	Beta-Hydroxyacyl-ACP	Z	FabA/Z Beta-Hydroxyacyl-ACP Dehydratase		proceeds	med	none	unlabeled process step
ecoli_fatty_acid_synthesis	Z	FabA/Z Beta-Hydroxyacyl-ACP Dehydratase	AA	Dehydration		proceeds	med	none	unlabeled process step
ecoli_flagellar_assembly	AA	FliK Hook-Length Sensor	AB	Hook Length<br/>~55nm?		proceeds	high	none	process feeds decision gate
ecoli_flagellar_assembly	AB	Hook Length<br/>~55nm?	AC	Continue Hook Export	No	represses	high	2	Rule2 checkpoint outcome No -> represses
ecoli_flagellar_assembly	AC	Continue Hook Export	Y	FlgE Hook Protein Export		proceeds	med	none	unlabeled process step
ecoli_flagellar_assembly	Y	FlgE Hook Protein Export	Z	Hook Length Control		proceeds	med	none	unlabeled process step
ecoli_flagellar_assembly	Z	Hook Length Control	AA	FliK Hook-Length Sensor		proceeds	med	none	unlabeled process step
ecoli_glycolysis	A32	Substrates present?	Wait1	Wait for NAD+	Missing cofactor	activates	high	2	Rule2 checkpoint outcome Missing cofactor -> activates
ecoli_glycolysis	Wait1	Wait for NAD+	A32	Substrates present?		proceeds	high	none	process feeds decision gate
ecoli_heavy_metal_resistance	A21	CusCFBA complex assembly	Wait1	Wait for synthesis	Components missing	activates	high	2	Rule2 checkpoint outcome Components missing -> activates
ecoli_heavy_metal_resistance	A75	ZnuABC complex formation	Wait2	Wait for synthesis	Incomplete	activates	high	2	Rule2 checkpoint outcome Incomplete -> activates
ecoli_heavy_metal_resistance	Wait1	Wait for synthesis	A21	CusCFBA complex assembly		proceeds	high	none	process feeds decision gate
ecoli_heavy_metal_resistance	Wait2	Wait for synthesis	A75	ZnuABC complex formation		proceeds	high	none	process feeds decision gate
ecoli_homologous_recombination	A12	Chi sequence encountered?	A13	Nuclease degradation continues	No Chi: 5'-GCTGGTGG-3'	represses	high	2	Rule2 checkpoint outcome No Chi: 5'-GCTGGTGG-3' -> represses
ecoli_homologous_recombination	A13	Nuclease degradation continues	A15	DNA fully degraded?		proceeds	high	none	process feeds decision gate
ecoli_homologous_recombination	A15	DNA fully degraded?	A12	Chi sequence encountered?	No - keep scanning	represses	high	2	Rule2 checkpoint outcome No - keep scanning -> represses
ecoli_homologous_recombination	A23	RecA available?	Wait1	Wait for RecA	No	activates	high	2	Rule2 checkpoint outcome No -> activates
ecoli_homologous_recombination	Wait1	Wait for RecA	A23	RecA available?		proceeds	high	none	process feeds decision gate
ecoli_lambda_switch	B	CI repressor	D	CI activates own PRM		activates	med	none	regulator changes target capacity
ecoli_lambda_switch	B	CI repressor	E	CI represses PR Cro		proceeds	med	none	unlabeled process step
ecoli_lambda_switch	C	Cro repressor	F	Cro represses PRM CI		proceeds	med	none	unlabeled process step
ecoli_lambda_switch	D	CI activates own PRM	B	CI repressor	+	activates	high	1	Rule1 explicit Activates/+ marker
ecoli_lambda_switch	E	CI represses PR Cro	C	Cro repressor	⊣	represses	high	1	Rule1 explicit bar-head inhibition
ecoli_lambda_switch	F	Cro represses PRM CI	B	CI repressor	⊣	represses	high	1	Rule1 explicit bar-head inhibition
ecoli_mal_regulon	AE	malK-lamB-malM Transcription	AF	LamB Maltose Porin		proceeds	med	none	unlabeled process step
ecoli_mal_regulon	AE	malK-lamB-malM Transcription	T	MalK ATPase		proceeds	med	none	unlabeled process step
ecoli_mal_regulon	AF	LamB Maltose Porin	G	LamB Porin		proceeds	med	none	unlabeled process step
ecoli_mal_regulon	ANDGATE1	MalT Active AND<br/>CRP-cAMP Present?	ANDGATE2	MalT-CRP Active AND<br/>MalK-ATP Low?	Yes	activates	high	2	Rule2 checkpoint outcome Yes -> activates
ecoli_mal_regulon	ANDGATE2	MalT-CRP Active AND<br/>MalK-ATP Low?	Y	MalT Binds Mal Boxes	Yes	activates	high	2	Rule2 checkpoint outcome Yes -> activates
ecoli_mal_regulon	G	LamB Porin	H	Maltose/Maltodextrin Inside		proceeds	med	none	unlabeled process step
ecoli_mal_regulon	H	Maltose/Maltodextrin Inside	I	Maltotriose Formation		proceeds	med	none	unlabeled process step
ecoli_mal_regulon	I	Maltotriose Formation	J	Maltose/Maltotriose<br/>Present?		proceeds	high	none	process feeds decision gate
ecoli_mal_regulon	J	Maltose/Maltotriose<br/>Present?	O	Maltotriose Binds MalT	Yes	activates	high	2	Rule2 checkpoint outcome Yes -> activates
ecoli_mal_regulon	O	Maltotriose Binds MalT	P	MalT Conformational Change		proceeds	med	none	unlabeled process step
ecoli_mal_regulon	P	MalT Conformational Change	Q	MalT Active Form		proceeds	med	none	unlabeled process step
ecoli_mal_regulon	Q	MalT Active Form	ANDGATE1	MalT Active AND<br/>CRP-cAMP Present?		proceeds	high	none	process feeds decision gate
ecoli_mal_regulon	T	MalK ATPase	U	ATP Binding		proceeds	med	none	unlabeled process step
ecoli_mal_regulon	U	ATP Binding	V	MalK-ATP Complex		produces	med	none	assembly yields complex/product
ecoli_mal_regulon	V	MalK-ATP Complex	W	MalK Regulatory State		induces	med	none	effector as signal to sensor
ecoli_mal_regulon	W	MalK Regulatory State	X	High MalK-ATP?		proceeds	high	none	process feeds decision gate
ecoli_mal_regulon	X	High MalK-ATP?	ANDGATE2	MalT-CRP Active AND<br/>MalK-ATP Low?	No	represses	high	2	Rule2 checkpoint outcome No -> represses
ecoli_mal_regulon	Y	MalT Binds Mal Boxes	Z	Multiple Operon Activation		proceeds	med	none	unlabeled process step
ecoli_mal_regulon	Z	Multiple Operon Activation	AE	malK-lamB-malM Transcription		proceeds	med	none	unlabeled process step
ecoli_mismatch_repair	AA	Continue Search	Y	Searching for GATC		proceeds	med	none	unlabeled process step
ecoli_mismatch_repair	G	MutS Homodimer Scanning	H	Mismatch Detection?		proceeds	high	none	process feeds decision gate
ecoli_mismatch_repair	H	Mismatch Detection?	I	Continue Scanning	No Mismatch	represses	high	2	Rule2 checkpoint outcome No Mismatch -> represses
ecoli_mismatch_repair	I	Continue Scanning	G	MutS Homodimer Scanning		proceeds	med	none	unlabeled process step
ecoli_mismatch_repair	Y	Searching for GATC	Z	Hemimethylated GATC?		proceeds	high	none	process feeds decision gate
ecoli_mismatch_repair	Z	Hemimethylated GATC?	AA	Continue Search	Not Found	represses	high	2	Rule2 gate outcome Not Found -> represses
ecoli_nucleotide_excision_repair	AV	Gap Filling Ready?	AX	Additional Factors	End Processing Needed	activates	high	2	Rule2 gate outcome End Processing Needed -> activates
ecoli_nucleotide_excision_repair	AX	Additional Factors	BY	Processing Type?		proceeds	high	none	process feeds decision gate
ecoli_nucleotide_excision_repair	BY	Processing Type?	BZ	Exonuclease	3' Block	represses	high	2	Rule2 gate outcome 3' Block -> represses
ecoli_nucleotide_excision_repair	BY	Processing Type?	CA	Endonuclease	5' Block	represses	high	2	Rule2 gate outcome 5' Block -> represses
ecoli_nucleotide_excision_repair	BZ	Exonuclease	AV	Gap Filling Ready?		proceeds	high	none	process feeds decision gate
ecoli_nucleotide_excision_repair	CA	Endonuclease	AV	Gap Filling Ready?		proceeds	high	none	process feeds decision gate
ecoli_nucleotide_excision_repair	O	ATP-Dependent DNA Scanning	P	Damage Detected?		proceeds	high	none	process feeds decision gate
ecoli_nucleotide_excision_repair	P	Damage Detected?	Q	Continue Scanning	No Damage	represses	high	2	Rule2 checkpoint outcome No Damage -> represses
ecoli_nucleotide_excision_repair	P	Damage Detected?	R	UvrB Loading	Potential Damage	activates	high	2	Rule2 gate outcome Potential Damage -> activates
ecoli_nucleotide_excision_repair	Q	Continue Scanning	O	ATP-Dependent DNA Scanning		proceeds	med	none	unlabeled process step
ecoli_nucleotide_excision_repair	R	UvrB Loading	S	UvrB DNA Unwinding		proceeds	med	none	unlabeled process step
ecoli_nucleotide_excision_repair	S	UvrB DNA Unwinding	T	β-Hairpin Insertion		proceeds	med	none	unlabeled process step
ecoli_nucleotide_excision_repair	T	β-Hairpin Insertion	U	Damage Verification?		proceeds	high	none	process feeds decision gate
ecoli_nucleotide_excision_repair	U	Damage Verification?	V	UvrA-UvrB Dissociation	False Positive	represses	high	2	Rule2 checkpoint outcome False Positive -> represses
ecoli_nucleotide_excision_repair	V	UvrA-UvrB Dissociation	O	ATP-Dependent DNA Scanning		proceeds	med	none	unlabeled process step
ecoli_oxidative_stress_response	A42	SoxS activates transcription of ~100 genes	A43	Which SoxS target genes?		produces	high	3	Rule3 expression yields own machinery
ecoli_oxidative_stress_response	A43	Which SoxS target genes?	A44	Manganese superoxide dismutase SodA - O2- to H2O2	sodA	activates	med	2	Rule2 named-factor gate branch enables
ecoli_oxidative_stress_response	A44	Manganese superoxide dismutase SodA - O2- to H2O2	A50	Superoxide detoxification - produces H2O2		proceeds	med	none	unlabeled process step
ecoli_oxidative_stress_response	A50	Superoxide detoxification - produces H2O2	A56	Superoxide eliminated?		proceeds	high	none	process feeds decision gate
ecoli_oxidative_stress_response	A56	Superoxide eliminated?	A58	Maintain SoxRS activity	No - persistent stress	represses	high	2	Rule2 checkpoint outcome No - persistent stress -> represses
ecoli_oxidative_stress_response	A58	Maintain SoxRS activity	A59	Continued SoxS synthesis		proceeds	med	none	unlabeled process step
ecoli_oxidative_stress_response	A59	Continued SoxS synthesis	A60	SoxS half-life very short ~10 min		proceeds	high	none	process feeds decision gate
ecoli_oxidative_stress_response	A60	SoxS half-life very short ~10 min	A61	Continuous transcription needed	Stress persists	activates	high	2	Rule2 gate outcome Stress persists -> activates
ecoli_oxidative_stress_response	A61	Continuous transcription needed	A42	SoxS activates transcription of ~100 genes		proceeds	med	none	unlabeled process step
ecoli_periplasmic_stress	A22	CpxR available?	Wait1	Wait for CpxR	No	activates	high	2	Rule2 checkpoint outcome No -> activates
ecoli_periplasmic_stress	Wait1	Wait for CpxR	A22	CpxR available?		proceeds	high	none	process feeds decision gate
ecoli_pho_regulon	AN	Paradoxical pstS Activation	AO	More PstS Protein		proceeds	med	none	unlabeled process step
ecoli_pho_regulon	ANDGATE2	PhoB-P AND<br/>pstS Pho Box?	AN	Paradoxical pstS Activation	Yes	activates	high	2	Rule2 checkpoint outcome Yes -> activates
ecoli_pho_regulon	AO	More PstS Protein	D	PstS Periplasmic Binding Protein		proceeds	med	none	unlabeled process step
ecoli_pho_regulon	D	PstS Periplasmic Binding Protein	E	Low Phosphate Binding		proceeds	med	none	unlabeled process step
ecoli_pho_regulon	E	Low Phosphate Binding	F	PstS Conformational Change		proceeds	med	none	unlabeled process step
ecoli_pho_regulon	F	PstS Conformational Change	G	PstCAB Transport Complex		proceeds	med	none	pathway/state advances
ecoli_pho_regulon	G	PstCAB Transport Complex	H	Low Phosphate Transport		proceeds	med	none	pathway/state advances
ecoli_pho_regulon	H	Low Phosphate Transport	I	PstSCAB-PhoR Interaction		proceeds	med	none	pathway/state advances
ecoli_pho_regulon	I	PstSCAB-PhoR Interaction	J	PhoR Sensor Kinase		proceeds	med	none	unlabeled process step
ecoli_pho_regulon	J	PhoR Sensor Kinase	K	Low Phosphate?		proceeds	high	none	process feeds decision gate
ecoli_pho_regulon	K	Low Phosphate?	L	PhoR Kinase Activity	Yes	activates	high	2	Rule2 checkpoint outcome Yes -> activates
ecoli_pho_regulon	L	PhoR Kinase Activity	M	ATP Binding		proceeds	med	none	unlabeled process step
ecoli_pho_regulon	M	ATP Binding	N	PhoR Autophosphorylation		proceeds	med	none	unlabeled process step
ecoli_pho_regulon	N	PhoR Autophosphorylation	O	PhoR-P Formation		modifies	med	none	covalent modification event
ecoli_pho_regulon	O	PhoR-P Formation	P	Phosphotransfer to PhoB		proceeds	med	none	unlabeled process step
ecoli_pho_regulon	P	Phosphotransfer to PhoB	Q	PhoB-P Active Form		proceeds	med	none	unlabeled process step
ecoli_pho_regulon	Q	PhoB-P Active Form	R	PhoB-P Dimerization		proceeds	med	none	unlabeled process step
ecoli_pho_regulon	R	PhoB-P Dimerization	S	DNA Binding Competent		proceeds	med	none	unlabeled process step
ecoli_pho_regulon	S	DNA Binding Competent	ANDGATE2	PhoB-P AND<br/>pstS Pho Box?		proceeds	high	none	process feeds decision gate
ecoli_phosphate_transport	A	Extracellular Phosphate Pi	B	OR: Pi<br/>Concentration?		proceeds	high	none	process feeds decision gate
ecoli_phosphate_transport	A	Extracellular Phosphate Pi	R	PstS Periplasmic Protein		proceeds	med	none	unlabeled process step
ecoli_phosphate_transport	AA	Pi Transported	J	Cytoplasmic Pi		proceeds	med	none	pathway/state advances
ecoli_phosphate_transport	AB	Intracellular Pi	AC	OR: Pi<br/>Level?		proceeds	high	none	process feeds decision gate
ecoli_phosphate_transport	AC	OR: Pi<br/>Level?	AE	PhoU Free	Low	represses	high	2	Rule2 checkpoint outcome Low -> represses
ecoli_phosphate_transport	AE	PhoU Free	AL	No PhoU Inhibition		proceeds	med	none	unlabeled process step
ecoli_phosphate_transport	AL	No PhoU Inhibition	AM	PhoR Autophosphorylation		proceeds	med	none	unlabeled process step
ecoli_phosphate_transport	AM	PhoR Autophosphorylation	AN	PhoR~P Formation		modifies	med	none	covalent modification event
ecoli_phosphate_transport	AN	PhoR~P Formation	AO	Phosphotransfer to PhoB		proceeds	med	none	unlabeled process step
ecoli_phosphate_transport	AO	Phosphotransfer to PhoB	AP	PhoB~P Active		proceeds	med	none	unlabeled process step
ecoli_phosphate_transport	AP	PhoB~P Active	AQ	PhoB~P Binds Pho Boxes		proceeds	med	none	unlabeled process step
ecoli_phosphate_transport	AQ	PhoB~P Binds Pho Boxes	AR	OR: Which PHO<br/>Gene?		proceeds	high	none	process feeds decision gate
ecoli_phosphate_transport	AR	OR: Which PHO<br/>Gene?	AS	High-Affinity Transporter	pstSCAB	activates	med	2	Rule2 named-factor gate branch enables
ecoli_phosphate_transport	AR	OR: Which PHO<br/>Gene?	AT	Alkaline Phosphatase	phoA	activates	med	2	Rule2 named-factor gate branch enables
ecoli_phosphate_transport	AR	OR: Which PHO<br/>Gene?	AU	Glycerol-3-P Transporter	ugpBAEC	activates	med	2	Rule2 named-factor gate branch enables
ecoli_phosphate_transport	AR	OR: Which PHO<br/>Gene?	AV	Phosphonate Utilization	phnCDE	activates	med	2	Rule2 named-factor gate branch enables
ecoli_phosphate_transport	AS	High-Affinity Transporter	M	pstSCAB Operon Expression		proceeds	med	none	pathway/state advances
ecoli_phosphate_transport	AT	Alkaline Phosphatase	AW	PhoA Secreted		proceeds	med	none	unlabeled process step
ecoli_phosphate_transport	AU	Glycerol-3-P Transporter	AZ	Import Glycerol-3-Phosphate		proceeds	med	none	pathway/state advances
ecoli_phosphate_transport	AV	Phosphonate Utilization	BC	Phosphonate ABC Transporter		proceeds	med	none	pathway/state advances
ecoli_phosphate_transport	AW	PhoA Secreted	AX	Cleaves Organic Phosphates		proceeds	med	none	unlabeled process step
ecoli_phosphate_transport	AX	Cleaves Organic Phosphates	AY	Pi Released		proceeds	med	none	unlabeled process step
ecoli_phosphate_transport	AY	Pi Released	A	Extracellular Phosphate Pi		proceeds	med	none	unlabeled process step
ecoli_phosphate_transport	AZ	Import Glycerol-3-Phosphate	BA	GlpQ Cleaves G3P		proceeds	med	none	unlabeled process step
ecoli_phosphate_transport	B	OR: Pi<br/>Concentration?	C	Sufficient Phosphate	High >20 μM	activates	high	2	Rule2 checkpoint outcome High >20 μM -> activates
ecoli_phosphate_transport	B	OR: Pi<br/>Concentration?	D	Phosphate Starvation	Low <20 μM	represses	high	2	Rule2 checkpoint outcome Low <20 μM -> represses
ecoli_phosphate_transport	BA	GlpQ Cleaves G3P	BB	Glycerol + Pi		proceeds	med	none	unlabeled process step
ecoli_phosphate_transport	BB	Glycerol + Pi	J	Cytoplasmic Pi		proceeds	med	none	unlabeled process step
ecoli_phosphate_transport	BC	Phosphonate ABC Transporter	BD	C-P Lyase		proceeds	med	none	pathway/state advances
ecoli_phosphate_transport	BD	C-P Lyase	BE	Phosphonate → Pi		proceeds	med	none	unlabeled process step
ecoli_phosphate_transport	BE	Phosphonate → Pi	J	Cytoplasmic Pi		proceeds	med	none	unlabeled process step
ecoli_phosphate_transport	C	Sufficient Phosphate	E	Pit Constitutive Transport		proceeds	med	none	pathway/state advances
ecoli_phosphate_transport	D	Phosphate Starvation	K	PHO Regulon Induction		induces	med	none	effector as signal to sensor
ecoli_phosphate_transport	E	Pit Constitutive Transport	F	PitA/B H+ Symporters		proceeds	med	none	pathway/state advances
ecoli_phosphate_transport	F	PitA/B H+ Symporters	G	AND: Pi + H+<br/>Gradient?		proceeds	high	none	process feeds decision gate
ecoli_phosphate_transport	G	AND: Pi + H+<br/>Gradient?	I	Pi-H+ Cotransport	Yes	activates	high	2	Rule2 checkpoint outcome Yes -> activates
ecoli_phosphate_transport	I	Pi-H+ Cotransport	J	Cytoplasmic Pi		proceeds	med	none	pathway/state advances
ecoli_phosphate_transport	J	Cytoplasmic Pi	AB	Intracellular Pi		proceeds	med	none	unlabeled process step
ecoli_phosphate_transport	K	PHO Regulon Induction	L	PhoR/PhoB Activation		proceeds	med	none	unlabeled process step
ecoli_phosphate_transport	L	PhoR/PhoB Activation	M	pstSCAB Operon Expression		proceeds	med	none	unlabeled process step
ecoli_phosphate_transport	M	pstSCAB Operon Expression	N	Pst System Components		proceeds	med	none	unlabeled process step
ecoli_phosphate_transport	N	Pst System Components	O	AND: PstS + PstCAB<br/>All Present?		proceeds	high	none	process feeds decision gate
ecoli_phosphate_transport	O	AND: PstS + PstCAB<br/>All Present?	Q	Functional Pst Complex	Yes	activates	high	2	Rule2 checkpoint outcome Yes -> activates
ecoli_phosphate_transport	Q	Functional Pst Complex	R	PstS Periplasmic Protein		proceeds	med	none	unlabeled process step
ecoli_phosphate_transport	R	PstS Periplasmic Protein	S	PstS Binds Pi		proceeds	med	none	unlabeled process step
ecoli_phosphate_transport	S	PstS Binds Pi	T	PstS-Pi Complex		proceeds	med	none	unlabeled process step
ecoli_phosphate_transport	T	PstS-Pi Complex	U	PstS Docks with PstCAB		proceeds	med	none	pathway/state advances
ecoli_phosphate_transport	U	PstS Docks with PstCAB	V	AND: PstA + PstC<br/>Membrane Pore?		proceeds	high	none	process feeds decision gate
ecoli_phosphate_transport	V	AND: PstA + PstC<br/>Membrane Pore?	W	Pi Transfer to Transporter	Yes	activates	high	2	Rule2 checkpoint outcome Yes -> activates
ecoli_phosphate_transport	W	Pi Transfer to Transporter	X	AND: PstB ATPase<br/>AND ATP?		proceeds	high	none	process feeds decision gate
ecoli_phosphate_transport	X	AND: PstB ATPase<br/>AND ATP?	Y	ATP Hydrolysis	Yes	activates	high	2	Rule2 checkpoint outcome Yes -> activates
ecoli_phosphate_transport	Y	ATP Hydrolysis	Z	Conformational Change		proceeds	med	none	unlabeled process step
ecoli_phosphate_transport	Z	Conformational Change	AA	Pi Transported		proceeds	med	none	pathway/state advances
ecoli_quorum_sensing	AW	Signal Turnover	AX	Continue QS?		proceeds	high	none	process feeds decision gate
ecoli_quorum_sensing	AX	Continue QS?	E	AI-2 Autoinducer	Yes	activates	high	2	Rule2 checkpoint outcome Yes -> activates
ecoli_quorum_sensing	E	AI-2 Autoinducer	F	Extracellular AI-2	Exported	UNTYPABLE	low	none	no rubric rule covers label 'Exported'
ecoli_quorum_sensing	F	Extracellular AI-2	G	Population Density?	Accumulates	UNTYPABLE	low	none	no rubric rule covers label 'Accumulates'
ecoli_quorum_sensing	G	Population Density?	I	AI-2 Threshold Reached	High	activates	high	2	Rule2 checkpoint outcome High -> activates
ecoli_quorum_sensing	I	AI-2 Threshold Reached	J	AI-2 Import via Lsr Transport		proceeds	med	none	pathway/state advances
ecoli_quorum_sensing	J	AI-2 Import via Lsr Transport	K	LsrK Kinase		proceeds	med	none	pathway/state advances
ecoli_quorum_sensing	K	LsrK Kinase	L	AI-2-P	Phosphorylates	modifies	med	none	covalent modification event
ecoli_quorum_sensing	L	AI-2-P	M	Regulatory Branch Point?		proceeds	high	none	process feeds decision gate
ecoli_quorum_sensing	M	Regulatory Branch Point?	N	LsrR Repressor Binding	Path 1	activates	high	2	Rule2 gate outcome Path 1 -> activates
ecoli_quorum_sensing	M	Regulatory Branch Point?	O	LsrACDB Operon	Path 2	activates	high	2	Rule2 gate outcome Path 2 -> activates
ecoli_quorum_sensing	N	LsrR Repressor Binding	P	LsrR Inactivation	AI-2-P Binds	represses	med	none	regulator drives inhibitory state
ecoli_quorum_sensing	O	LsrACDB Operon	S	AI-2 Processing & Degradation		proceeds	med	none	unlabeled process step
ecoli_quorum_sensing	P	LsrR Inactivation	Q	Derepression of lsr Operon		proceeds	med	none	unlabeled process step
ecoli_quorum_sensing	Q	Derepression of lsr Operon	R	Positive Feedback Loop		proceeds	med	none	unlabeled process step
ecoli_quorum_sensing	R	Positive Feedback Loop	O	LsrACDB Operon		proceeds	med	none	unlabeled process step
ecoli_quorum_sensing	S	AI-2 Processing & Degradation	AW	Signal Turnover		proceeds	med	none	unlabeled process step
ecoli_rna_polymerase_recycling	AA	Core RNAP<br/>Available?	ANDGATE1	Core Available AND<br/>Sigma Available?		proceeds	high	none	process feeds decision gate
ecoli_rna_polymerase_recycling	AB	Core-Sigma Association	AD	RNAP Holoenzyme Formation		proceeds	med	none	unlabeled process step
ecoli_rna_polymerase_recycling	AD	RNAP Holoenzyme Formation	AE	Holoenzyme in Cytoplasm		proceeds	med	none	unlabeled process step
ecoli_rna_polymerase_recycling	AE	Holoenzyme in Cytoplasm	AJ	Holoenzyme Finds<br/>Promoter?		proceeds	high	none	process feeds decision gate
ecoli_rna_polymerase_recycling	AJ	Holoenzyme Finds<br/>Promoter?	AK	Promoter Recognition	Yes	activates	high	2	Rule2 checkpoint outcome Yes -> activates
ecoli_rna_polymerase_recycling	AK	Promoter Recognition	AL	Closed Complex Formation		proceeds	med	none	unlabeled process step
ecoli_rna_polymerase_recycling	AL	Closed Complex Formation	AM	DNA Melting		proceeds	med	none	unlabeled process step
ecoli_rna_polymerase_recycling	AM	DNA Melting	AN	Open Complex Formation		proceeds	med	none	unlabeled process step
ecoli_rna_polymerase_recycling	AN	Open Complex Formation	AO	NTPs and<br/>Factors Ready?		proceeds	high	none	process feeds decision gate
ecoli_rna_polymerase_recycling	ANDGATE1	Core Available AND<br/>Sigma Available?	AB	Core-Sigma Association	Yes	activates	high	2	Rule2 checkpoint outcome Yes -> activates
ecoli_rna_polymerase_recycling	ANDGATE2	Open Complex AND<br/>NTPs Available?	AP	Abortive Initiation Cycles	Yes	activates	high	2	Rule2 checkpoint outcome Yes -> activates
ecoli_rna_polymerase_recycling	AO	NTPs and<br/>Factors Ready?	ANDGATE2	Open Complex AND<br/>NTPs Available?		proceeds	high	none	process feeds decision gate
ecoli_rna_polymerase_recycling	AP	Abortive Initiation Cycles	AQ	Promoter Clearance		proceeds	med	none	pathway/state advances
ecoli_rna_polymerase_recycling	AQ	Promoter Clearance	AR	Sigma Release		proceeds	med	none	unlabeled process step
ecoli_rna_polymerase_recycling	AR	Sigma Release	AU	Sigma Returns to Pool		produces	med	none	material production/appearance
ecoli_rna_polymerase_recycling	AU	Sigma Returns to Pool	R	Sigma Factor Pool		proceeds	med	none	unlabeled process step
ecoli_rna_polymerase_recycling	R	Sigma Factor Pool	S	Which Sigma<br/>Factor?		proceeds	high	none	process feeds decision gate
ecoli_rna_polymerase_recycling	S	Which Sigma<br/>Factor?	T	Sigma-70 Available	σ70	activates	high	2	Rule2 gate outcome σ70 -> activates
ecoli_rna_polymerase_recycling	T	Sigma-70 Available	X	Anti-Sigma<br/>Present?		proceeds	high	none	process feeds decision gate
ecoli_rna_polymerase_recycling	X	Anti-Sigma<br/>Present?	Y	Free Sigma-70	No	represses	high	2	Rule2 checkpoint outcome No -> represses
ecoli_rna_polymerase_recycling	Y	Free Sigma-70	AA	Core RNAP<br/>Available?		proceeds	high	none	process feeds decision gate
ecoli_sigma_factor_competition	AI	Competition for Core	AK	Which Sigma<br/>Wins?		proceeds	high	none	process feeds decision gate
ecoli_sigma_factor_competition	AK	Which Sigma<br/>Wins?	AL	Dominant Sigma Binds	Highest Affinity	activates	high	2	Rule2 gate outcome Highest Affinity -> activates
ecoli_sigma_factor_competition	AL	Dominant Sigma Binds	AM	Which Sigma<br/>Bound?		proceeds	high	none	process feeds decision gate
ecoli_sigma_factor_competition	AM	Which Sigma<br/>Bound?	AN	σ70-RNAP Holoenzyme	σ70	activates	high	2	Rule2 gate outcome σ70 -> activates
ecoli_sigma_factor_competition	AM	Which Sigma<br/>Bound?	AO	σ38-RNAP Holoenzyme	σ38	activates	high	2	Rule2 gate outcome σ38 -> activates
ecoli_sigma_factor_competition	AM	Which Sigma<br/>Bound?	AP	σ32-RNAP Holoenzyme	σ32	activates	high	2	Rule2 gate outcome σ32 -> activates
ecoli_sigma_factor_competition	AM	Which Sigma<br/>Bound?	AQ	σ54-RNAP Holoenzyme	σ54	activates	high	2	Rule2 gate outcome σ54 -> activates
ecoli_sigma_factor_competition	AM	Which Sigma<br/>Bound?	AR	σ24-RNAP Holoenzyme	σ24	activates	high	2	Rule2 gate outcome σ24 -> activates
ecoli_sigma_factor_competition	AM	Which Sigma<br/>Bound?	AS	σ19-RNAP Holoenzyme	σ19	activates	high	2	Rule2 gate outcome σ19 -> activates
ecoli_sigma_factor_competition	AN	σ70-RNAP Holoenzyme	AT	Housekeeping Promoters		proceeds	med	none	unlabeled process step
ecoli_sigma_factor_competition	ANDGATE1	Holoenzyme AND<br/>Cognate Promoter?	BA	Open Complex Formation	Yes	activates	high	2	Rule2 checkpoint outcome Yes -> activates
ecoli_sigma_factor_competition	AO	σ38-RNAP Holoenzyme	AU	Stationary Phase Promoters		proceeds	med	none	unlabeled process step
ecoli_sigma_factor_competition	AP	σ32-RNAP Holoenzyme	AV	Heat Shock Promoters		proceeds	med	none	unlabeled process step
ecoli_sigma_factor_competition	AQ	σ54-RNAP Holoenzyme	AW	Nitrogen-Regulated Promoters		proceeds	med	none	unlabeled process step
ecoli_sigma_factor_competition	AR	σ24-RNAP Holoenzyme	AX	Envelope Stress Promoters		proceeds	med	none	unlabeled process step
ecoli_sigma_factor_competition	AS	σ19-RNAP Holoenzyme	AY	Iron Transport Promoters		proceeds	med	none	pathway/state advances
ecoli_sigma_factor_competition	AT	Housekeeping Promoters	AZ	Promoter<br/>Recognition?		proceeds	high	none	process feeds decision gate
ecoli_sigma_factor_competition	AU	Stationary Phase Promoters	AZ	Promoter<br/>Recognition?		proceeds	high	none	process feeds decision gate
ecoli_sigma_factor_competition	AV	Heat Shock Promoters	AZ	Promoter<br/>Recognition?		proceeds	high	none	process feeds decision gate
ecoli_sigma_factor_competition	AW	Nitrogen-Regulated Promoters	AZ	Promoter<br/>Recognition?		proceeds	high	none	process feeds decision gate
ecoli_sigma_factor_competition	AX	Envelope Stress Promoters	AZ	Promoter<br/>Recognition?		proceeds	high	none	process feeds decision gate
ecoli_sigma_factor_competition	AY	Iron Transport Promoters	AZ	Promoter<br/>Recognition?		proceeds	high	none	process feeds decision gate
ecoli_sigma_factor_competition	AZ	Promoter<br/>Recognition?	ANDGATE1	Holoenzyme AND<br/>Cognate Promoter?		proceeds	high	none	process feeds decision gate
ecoli_sigma_factor_competition	BA	Open Complex Formation	BB	Transcription Initiation		proceeds	med	none	pathway/state advances
ecoli_sigma_factor_competition	BB	Transcription Initiation	BC	Which Program<br/>Activated?		proceeds	high	none	process feeds decision gate
ecoli_sigma_factor_competition	BC	Which Program<br/>Activated?	BD	Housekeeping Genes	σ70	activates	high	2	Rule2 gate outcome σ70 -> activates
ecoli_sigma_factor_competition	BC	Which Program<br/>Activated?	BE	Stress Response Genes	σ38	activates	med	none	activation enables downstream process
ecoli_sigma_factor_competition	BC	Which Program<br/>Activated?	BF	Heat Shock Genes	σ32	activates	high	2	Rule2 gate outcome σ32 -> activates
ecoli_sigma_factor_competition	BC	Which Program<br/>Activated?	BG	Nitrogen Metabolism Genes	σ54	activates	high	2	Rule2 gate outcome σ54 -> activates
ecoli_sigma_factor_competition	BC	Which Program<br/>Activated?	BH	Envelope Stress Genes	σ24	activates	high	2	Rule2 gate outcome σ24 -> activates
ecoli_sigma_factor_competition	BC	Which Program<br/>Activated?	BI	Iron Transport Genes	σ19	proceeds	med	none	pathway/state advances
ecoli_sigma_factor_competition	BD	Housekeeping Genes	BJ	Normal Growth		proceeds	med	none	unlabeled process step
ecoli_sigma_factor_competition	BE	Stress Response Genes	BK	Survival in Stationary Phase		proceeds	med	none	unlabeled process step
ecoli_sigma_factor_competition	BF	Heat Shock Genes	BL	Protein Folding Capacity		proceeds	med	none	unlabeled process step
ecoli_sigma_factor_competition	BG	Nitrogen Metabolism Genes	BM	Nitrogen Assimilation		proceeds	med	none	unlabeled process step
ecoli_sigma_factor_competition	BH	Envelope Stress Genes	BN	Envelope Homeostasis		proceeds	med	none	unlabeled process step
ecoli_sigma_factor_competition	BI	Iron Transport Genes	BO	Iron Acquisition		proceeds	med	none	pathway/state advances
ecoli_sigma_factor_competition	BJ	Normal Growth	BP	Growth Conditions<br/>Change?		proceeds	high	none	process feeds decision gate
ecoli_sigma_factor_competition	BK	Survival in Stationary Phase	BP	Growth Conditions<br/>Change?		proceeds	high	none	process feeds decision gate
ecoli_sigma_factor_competition	BL	Protein Folding Capacity	BP	Growth Conditions<br/>Change?		proceeds	high	none	process feeds decision gate
ecoli_sigma_factor_competition	BM	Nitrogen Assimilation	BP	Growth Conditions<br/>Change?		proceeds	high	none	process feeds decision gate
ecoli_sigma_factor_competition	BN	Envelope Homeostasis	BP	Growth Conditions<br/>Change?		proceeds	high	none	process feeds decision gate
ecoli_sigma_factor_competition	BO	Iron Acquisition	BP	Growth Conditions<br/>Change?		proceeds	high	none	process feeds decision gate
ecoli_sigma_factor_competition	BP	Growth Conditions<br/>Change?	BQ	Sigma Factor Rebalancing	Yes	activates	high	2	Rule2 checkpoint outcome Yes -> activates
ecoli_sigma_factor_competition	BQ	Sigma Factor Rebalancing	M	σ70 RpoD Synthesis		proceeds	med	none	unlabeled process step
ecoli_sigma_factor_competition	M	σ70 RpoD Synthesis	S	σ70 Pool High		produces	med	none	material production/appearance
ecoli_sigma_factor_competition	S	σ70 Pool High	Y	Anti-Sigma<br/>Factors?		proceeds	high	none	process feeds decision gate
ecoli_sigma_factor_competition	Y	Anti-Sigma<br/>Factors?	Z	Free σ70	None	represses	high	2	Rule2 checkpoint outcome None -> represses
ecoli_sigma_factor_competition	Z	Free σ70	AI	Competition for Core		proceeds	med	none	unlabeled process step
ecoli_sos_response	AC	DNA Repair Pathways?	AD	UvrABC Endonuclease	Excision Repair	proceeds	med	none	pathway/state advances
ecoli_sos_response	AC	DNA Repair Pathways?	AE	RecA RecBCD RecN	Recombinational Repair	proceeds	med	none	pathway/state advances
ecoli_sos_response	AD	UvrABC Endonuclease	AG	Damage Recognition UvrA2B		proceeds	med	none	unlabeled process step
ecoli_sos_response	AE	RecA RecBCD RecN	AM	Homologous Recombination		proceeds	med	none	unlabeled process step
ecoli_sos_response	AG	Damage Recognition UvrA2B	AH	Dual Incision UvrC		proceeds	med	none	unlabeled process step
ecoli_sos_response	AH	Dual Incision UvrC	AI	UvrD Helicase		proceeds	med	none	unlabeled process step
ecoli_sos_response	AI	UvrD Helicase	AJ	Gap Filling Pol I		proceeds	med	none	unlabeled process step
ecoli_sos_response	AJ	Gap Filling Pol I	AK	Ligase Sealing		proceeds	med	none	unlabeled process step
ecoli_sos_response	AK	Ligase Sealing	AL	Repaired DNA		proceeds	med	none	unlabeled process step
ecoli_sos_response	AL	Repaired DNA	BD	DNA Damage Resolved?		proceeds	high	none	process feeds decision gate
ecoli_sos_response	AM	Homologous Recombination	AN	RecBCD Resection		proceeds	med	none	unlabeled process step
ecoli_sos_response	AN	RecBCD Resection	AO	RecA-Mediated Strand Invasion		proceeds	med	none	unlabeled process step
ecoli_sos_response	AO	RecA-Mediated Strand Invasion	AP	Holiday Junction Formation		proceeds	med	none	unlabeled process step
ecoli_sos_response	AP	Holiday Junction Formation	AQ	RuvABC Resolution		proceeds	med	none	unlabeled process step
ecoli_sos_response	AQ	RuvABC Resolution	AL	Repaired DNA		proceeds	med	none	unlabeled process step
ecoli_sos_response	AV	Error-Prone Repair?	AW	Translesion Synthesis	UmuDC Pol V	activates	high	2	Rule2 gate outcome UmuDC Pol V -> activates
ecoli_sos_response	AV	Error-Prone Repair?	AX	Lesion Bypass	DinB Pol IV	activates	high	2	Rule2 gate outcome DinB Pol IV -> activates
ecoli_sos_response	AW	Translesion Synthesis	AY	Mutagenic Bypass?		proceeds	high	none	process feeds decision gate
ecoli_sos_response	AX	Lesion Bypass	AY	Mutagenic Bypass?		proceeds	high	none	process feeds decision gate
ecoli_sos_response	AY	Mutagenic Bypass?	AZ	Replication Restart	Successful	activates	med	2	Rule2 named-factor gate branch enables
ecoli_sos_response	AZ	Replication Restart	BD	DNA Damage Resolved?		proceeds	high	none	process feeds decision gate
ecoli_sos_response	BD	DNA Damage Resolved?	F	ssDNA Accumulation	No	represses	high	2	Rule2 checkpoint outcome No -> represses
ecoli_sos_response	F	ssDNA Accumulation	H	SSB Protein Binding		proceeds	med	none	unlabeled process step
ecoli_sos_response	H	SSB Protein Binding	I	RecA Protein		proceeds	med	none	unlabeled process step
ecoli_sos_response	I	RecA Protein	J	RecA Loading?		proceeds	high	none	process feeds decision gate
ecoli_sos_response	J	RecA Loading?	K	RecA-ssDNA Filament	RecFOR Pathway	activates	high	2	Rule2 gate outcome RecFOR Pathway -> activates
ecoli_sos_response	J	RecA Loading?	L	RecA Loading at DSBs	RecBCD Pathway	activates	high	2	Rule2 gate outcome RecBCD Pathway -> activates
ecoli_sos_response	K	RecA-ssDNA Filament	M	Active RecA Nucleoprotein		proceeds	med	none	unlabeled process step
ecoli_sos_response	L	RecA Loading at DSBs	M	Active RecA Nucleoprotein		proceeds	med	none	unlabeled process step
ecoli_sos_response	M	Active RecA Nucleoprotein	N	LexA Repressor		proceeds	med	none	unlabeled process step
ecoli_sos_response	N	LexA Repressor	O	LexA Auto-Cleavage?		proceeds	high	none	process feeds decision gate
ecoli_sos_response	O	LexA Auto-Cleavage?	P	LexA Cleavage	RecA-Stimulated	activates	high	2	Rule2 gate outcome RecA-Stimulated -> activates
ecoli_sos_response	P	LexA Cleavage	S	LexA Degradation		proceeds	med	none	unlabeled process step
ecoli_sos_response	S	LexA Degradation	T	Derepression of SOS Regulon		proceeds	med	none	unlabeled process step
ecoli_sos_response	T	Derepression of SOS Regulon	U	SOS Gene Expression?		produces	high	3	Rule3 expression yields own machinery
ecoli_sos_response	U	SOS Gene Expression?	V	recA lexA	Early Genes	activates	high	2	Rule2 gate outcome Early Genes -> activates
ecoli_sos_response	U	SOS Gene Expression?	W	uvrABC recN dinI	Middle Genes	activates	high	2	Rule2 gate outcome Middle Genes -> activates
ecoli_sos_response	U	SOS Gene Expression?	X	umuDC sulA	Late Genes	activates	high	2	Rule2 gate outcome Late Genes -> activates
ecoli_sos_response	V	recA lexA	Y	Enhanced RecA Production		proceeds	med	none	unlabeled process step
ecoli_sos_response	W	uvrABC recN dinI	AC	DNA Repair Pathways?		proceeds	high	none	process feeds decision gate
ecoli_sos_response	X	umuDC sulA	AV	Error-Prone Repair?		proceeds	high	none	process feeds decision gate
ecoli_sos_response	Y	Enhanced RecA Production	Z	Positive Feedback Loop		proceeds	med	none	unlabeled process step
ecoli_sos_response	Z	Positive Feedback Loop	M	Active RecA Nucleoprotein		proceeds	med	none	unlabeled process step
ecoli_sulfur_metabolism	AA	6 NADPH + SO3	AB	Sulfide + H2O		proceeds	med	none	unlabeled process step
ecoli_sulfur_metabolism	AB	Sulfide + H2O	X	Free Sulfide		proceeds	med	none	unlabeled process step
ecoli_sulfur_metabolism	AJ	Sulfide S2-	AK	OR: Which<br/>Synthase?		proceeds	high	none	process feeds decision gate
ecoli_sulfur_metabolism	AK	OR: Which<br/>Synthase?	AL	CysK O-Acetylserine Sulfhydrylase	CysK - Major	activates	high	2	Rule2 gate outcome CysK - Major -> activates
ecoli_sulfur_metabolism	AK	OR: Which<br/>Synthase?	AM	CysM O-Acetylserine Sulfhydrylase	CysM - Minor	activates	high	2	Rule2 gate outcome CysM - Minor -> activates
ecoli_sulfur_metabolism	AL	CysK O-Acetylserine Sulfhydrylase	AN	OAS + S2- → Cysteine		proceeds	med	none	unlabeled process step
ecoli_sulfur_metabolism	AM	CysM O-Acetylserine Sulfhydrylase	AN	OAS + S2- → Cysteine		proceeds	med	none	unlabeled process step
ecoli_sulfur_metabolism	AN	OAS + S2- → Cysteine	AO	L-Cysteine		proceeds	med	none	unlabeled process step
ecoli_sulfur_metabolism	AO	L-Cysteine	BR	{AND: High Cysteine<br/>AND CysB?		proceeds	high	none	process feeds decision gate
ecoli_sulfur_metabolism	AS	CysB Binds N-Acetylserine	AT	CysB-DNA Complex		proceeds	med	none	unlabeled process step
ecoli_sulfur_metabolism	AT	CysB-DNA Complex	AU	cys Operon Activation		proceeds	med	none	unlabeled process step
ecoli_sulfur_metabolism	AU	cys Operon Activation	AV	CysPUWA/CysD/CysH/CysIJ Expression		proceeds	med	none	unlabeled process step
ecoli_sulfur_metabolism	AV	CysPUWA/CysD/CysH/CysIJ Expression	G	CysPUWA ABC Transporter		proceeds	med	none	pathway/state advances
ecoli_sulfur_metabolism	BR	{AND: High Cysteine<br/>AND CysB?	AS	CysB Binds N-Acetylserine	No	represses	high	2	Rule2 checkpoint outcome No -> represses
ecoli_sulfur_metabolism	G	CysPUWA ABC Transporter	H	AND: ATP + Periplasmic<br/>Binding Protein?		proceeds	high	none	process feeds decision gate
ecoli_sulfur_metabolism	H	AND: ATP + Periplasmic<br/>Binding Protein?	J	Sulfate Transported	Yes	activates	high	2	Rule2 checkpoint outcome Yes -> activates
ecoli_sulfur_metabolism	J	Sulfate Transported	K	Cytoplasmic Sulfate		proceeds	med	none	pathway/state advances
ecoli_sulfur_metabolism	K	Cytoplasmic Sulfate	L	CysD ATP Sulfurylase		proceeds	med	none	unlabeled process step
ecoli_sulfur_metabolism	L	CysD ATP Sulfurylase	M	Sulfate + ATP		proceeds	med	none	unlabeled process step
ecoli_sulfur_metabolism	M	Sulfate + ATP	N	Adenosine 5'-Phosphosulfate APS		proceeds	med	none	unlabeled process step
ecoli_sulfur_metabolism	N	Adenosine 5'-Phosphosulfate APS	O	PPi Released		proceeds	med	none	unlabeled process step
ecoli_sulfur_metabolism	O	PPi Released	P	CysH APS Reductase		proceeds	med	none	unlabeled process step
ecoli_sulfur_metabolism	P	CysH APS Reductase	Q	AND: Thioredoxin<br/>Reduced?		proceeds	high	none	process feeds decision gate
ecoli_sulfur_metabolism	Q	AND: Thioredoxin<br/>Reduced?	S	APS → Sulfite + AMP	Yes	activates	high	2	Rule2 checkpoint outcome Yes -> activates
ecoli_sulfur_metabolism	S	APS → Sulfite + AMP	T	SO3 2-		proceeds	med	none	unlabeled process step
ecoli_sulfur_metabolism	T	SO3 2-	Y	CysIJ Sulfite Reductase		proceeds	med	none	unlabeled process step
ecoli_sulfur_metabolism	X	Free Sulfide	AJ	Sulfide S2-		proceeds	med	none	unlabeled process step
ecoli_sulfur_metabolism	Y	CysIJ Sulfite Reductase	Z	AND: NADPH + Siroheme<br/>Cofactor?		proceeds	high	none	process feeds decision gate
ecoli_sulfur_metabolism	Z	AND: NADPH + Siroheme<br/>Cofactor?	AA	6 NADPH + SO3	Yes	activates	high	2	Rule2 checkpoint outcome Yes -> activates
ecoli_transcription_elongation	A10	Two-metal-ion catalysis in active site	A11	Phosphodiester bond formed		proceeds	med	none	unlabeled process step
ecoli_transcription_elongation	A11	Phosphodiester bond formed	A12	RNA extended by one nucleotide		proceeds	med	none	unlabeled process step
ecoli_transcription_elongation	A12	RNA extended by one nucleotide	A13	Pyrophosphate PPi released		proceeds	med	none	unlabeled process step
ecoli_transcription_elongation	A13	Pyrophosphate PPi released	A14	Trigger loop opens - post-catalytic state		proceeds	med	none	unlabeled process step
ecoli_transcription_elongation	A14	Trigger loop opens - post-catalytic state	A15	Translocation successful?		proceeds	high	none	process feeds decision gate
ecoli_transcription_elongation	A15	Translocation successful?	A16	RNAP translocates forward 1 bp	Yes	activates	high	2	Rule2 checkpoint outcome Yes -> activates
ecoli_transcription_elongation	A15	Translocation successful?	A17	RNAP backtracks - 3' end leaves active site	Backtrack	activates	med	2	Rule2 named-factor gate branch enables
ecoli_transcription_elongation	A16	RNAP translocates forward 1 bp	A24	DNA translocated through RNAP		proceeds	med	none	unlabeled process step
ecoli_transcription_elongation	A17	RNAP backtracks - 3' end leaves active site	A18	GreA or GreB present?		proceeds	high	none	process feeds decision gate
ecoli_transcription_elongation	A18	GreA or GreB present?	A19	GreA/GreB binds secondary channel	Yes	activates	high	2	Rule2 checkpoint outcome Yes -> activates
ecoli_transcription_elongation	A19	GreA/GreB binds secondary channel	A21	GreA/GreB activates RNAP cleavage activity		proceeds	med	none	unlabeled process step
ecoli_transcription_elongation	A21	GreA/GreB activates RNAP cleavage activity	A22	RNA 3' end cleaved - 2-3 nt removed GreA or 10+ nt GreB		proceeds	med	none	unlabeled process step
ecoli_transcription_elongation	A22	RNA 3' end cleaved - 2-3 nt removed GreA or 10+ nt GreB	A23	New 3' end repositioned in active site		proceeds	med	none	unlabeled process step
ecoli_transcription_elongation	A23	New 3' end repositioned in active site	A16	RNAP translocates forward 1 bp		proceeds	med	none	unlabeled process step
ecoli_transcription_elongation	A24	DNA translocated through RNAP	A25	Downstream DNA unwound into bubble		proceeds	med	none	unlabeled process step
ecoli_transcription_elongation	A25	Downstream DNA unwound into bubble	A26	Upstream DNA rewound behind RNAP		proceeds	med	none	unlabeled process step
ecoli_transcription_elongation	A26	Upstream DNA rewound behind RNAP	A27	RNA-DNA hybrid slides forward maintaining 9 bp		proceeds	med	none	unlabeled process step
ecoli_transcription_elongation	A27	RNA-DNA hybrid slides forward maintaining 9 bp	A28	Pause signal encountered?		proceeds	high	none	process feeds decision gate
ecoli_transcription_elongation	A28	Pause signal encountered?	A29	Normal elongation continues	No pause signal	represses	high	2	Rule2 checkpoint outcome No pause signal -> represses
ecoli_transcription_elongation	A28	Pause signal encountered?	A30	RNA hairpin forms in exit channel	Hairpin pause	activates	high	2	Rule2 gate outcome Hairpin pause -> activates
ecoli_transcription_elongation	A28	Pause signal encountered?	A31	Sequence-specific pause - weak RNA-DNA hybrid	Elemental pause	activates	high	2	Rule2 gate outcome Elemental pause -> activates
ecoli_transcription_elongation	A28	Pause signal encountered?	A32	His-pause or other backtrack signal	Backtrack pause	activates	high	2	Rule2 gate outcome Backtrack pause -> activates
ecoli_transcription_elongation	A29	Normal elongation continues	A43	Termination signal encountered?		proceeds	high	none	process feeds decision gate
ecoli_transcription_elongation	A30	RNA hairpin forms in exit channel	A33	Hairpin stabilizes paused state		proceeds	med	none	unlabeled process step
ecoli_transcription_elongation	A31	Sequence-specific pause - weak RNA-DNA hybrid	A34	Weak hybrid allows fraying		proceeds	med	none	unlabeled process step
ecoli_transcription_elongation	A32	His-pause or other backtrack signal	A17	RNAP backtracks - 3' end leaves active site		proceeds	med	none	unlabeled process step
ecoli_transcription_elongation	A33	Hairpin stabilizes paused state	A35	Antitermination factors present?		proceeds	high	none	process feeds decision gate
ecoli_transcription_elongation	A34	Weak hybrid allows fraying	A35	Antitermination factors present?		proceeds	high	none	process feeds decision gate
ecoli_transcription_elongation	A35	Antitermination factors present?	A36	NusA binds RNAP and RNA	NusA present	activates	high	2	Rule2 checkpoint outcome NusA present -> activates
ecoli_transcription_elongation	A35	Antitermination factors present?	A37	NusG binds RNAP clamp	NusG present	activates	high	2	Rule2 checkpoint outcome NusG present -> activates
ecoli_transcription_elongation	A35	Antitermination factors present?	A38	Extended pause	No factors	represses	high	2	Rule2 checkpoint outcome No factors -> represses
ecoli_transcription_elongation	A36	NusA binds RNAP and RNA	A39	NusA can stabilize OR suppress pause depending on context		activates	med	none	binding stabilizes capacity
ecoli_transcription_elongation	A37	NusG binds RNAP clamp	A40	NusG suppresses pausing - processivity factor		induces	med	none	effector as signal to sensor
ecoli_transcription_elongation	A38	Extended pause	A47	Rho helicase present?		proceeds	high	none	process feeds decision gate
ecoli_transcription_elongation	A39	NusA can stabilize OR suppress pause depending on context	A41	Which NusA function?		proceeds	high	none	process feeds decision gate
ecoli_transcription_elongation	A4	RNA 3' end positioned in active site	A5	NTP substrate available?		proceeds	high	none	process feeds decision gate
ecoli_transcription_elongation	A40	NusG suppresses pausing - processivity factor	A42	Pause released		proceeds	med	none	unlabeled process step
ecoli_transcription_elongation	A41	Which NusA function?	A38	Extended pause	Pause stabilization	activates	high	2	Rule2 gate outcome Pause stabilization -> activates
ecoli_transcription_elongation	A41	Which NusA function?	A42	Pause released	Pause suppression	activates	high	2	Rule2 gate outcome Pause suppression -> activates
ecoli_transcription_elongation	A42	Pause released	A29	Normal elongation continues		proceeds	med	none	pathway/state advances
ecoli_transcription_elongation	A43	Termination signal encountered?	A44	Continue elongation cycle	No	represses	high	2	Rule2 checkpoint outcome No -> represses
ecoli_transcription_elongation	A44	Continue elongation cycle	A4	RNA 3' end positioned in active site		proceeds	med	none	pathway/state advances
ecoli_transcription_elongation	A47	Rho helicase present?	A49	Pause eventually releases or terminates	No or rut covered by ribosome	represses	high	2	Rule2 checkpoint outcome No or rut covered by ribosome -> represses
ecoli_transcription_elongation	A49	Pause eventually releases or terminates	A52	Context-dependent outcome		proceeds	high	none	process feeds decision gate
ecoli_transcription_elongation	A5	NTP substrate available?	A6	NTP binds in i+1 site	Yes - correct NTP	activates	high	2	Rule2 checkpoint outcome Yes - correct NTP -> activates
ecoli_transcription_elongation	A5	NTP substrate available?	A7	Weak binding - rapid dissociation	Incorrect NTP	activates	high	2	Rule2 gate outcome Incorrect NTP -> activates
ecoli_transcription_elongation	A5	NTP substrate available?	Wait1	RNAP pauses waiting for NTP	No NTP	activates	high	2	Rule2 checkpoint outcome No NTP -> activates
ecoli_transcription_elongation	A52	Context-dependent outcome	A42	Pause released	Resume	activates	med	2	Rule2 named-factor gate branch enables
ecoli_transcription_elongation	A6	NTP binds in i+1 site	A8	Template base pairs with incoming NTP		proceeds	med	none	unlabeled process step
ecoli_transcription_elongation	A7	Weak binding - rapid dissociation	A5	NTP substrate available?		proceeds	high	none	process feeds decision gate
ecoli_transcription_elongation	A8	Template base pairs with incoming NTP	A9	Trigger loop closes - catalytically active state		proceeds	med	none	unlabeled process step
ecoli_transcription_elongation	A9	Trigger loop closes - catalytically active state	A10	Two-metal-ion catalysis in active site		proceeds	med	none	unlabeled process step
ecoli_transcription_elongation	Wait1	RNAP pauses waiting for NTP	A5	NTP substrate available?		proceeds	high	none	process feeds decision gate
ecoli_transcription_termination	A33	Rho hexamer available?	Wait1	Wait for Rho	No	activates	high	2	Rule2 checkpoint outcome No -> activates
ecoli_transcription_termination	A37	ATP available?	Wait2	Wait for ATP	No	activates	high	2	Rule2 checkpoint outcome No -> activates
ecoli_transcription_termination	Wait1	Wait for Rho	A33	Rho hexamer available?		proceeds	high	none	process feeds decision gate
ecoli_transcription_termination	Wait2	Wait for ATP	A37	ATP available?		proceeds	high	none	process feeds decision gate
ecoli_translation_elongation	A1	Aminoacyl-tRNA available?	A2	EF-Tu-GTP binds aminoacyl-tRNA	Yes	activates	high	2	Rule2 checkpoint outcome Yes -> activates
ecoli_translation_elongation	A1	Aminoacyl-tRNA available?	Wait1	Wait for tRNA charging	No	activates	high	2	Rule2 checkpoint outcome No -> activates
ecoli_translation_elongation	A10	EF-Tu GTPase activated	A11	GTP hydrolysis by EF-Tu		proceeds	med	none	unlabeled process step
ecoli_translation_elongation	A11	GTP hydrolysis by EF-Tu	A12	EF-Tu-GDP formed		proceeds	med	none	unlabeled process step
ecoli_translation_elongation	A12	EF-Tu-GDP formed	A13	Ribosome conformational change		proceeds	med	none	unlabeled process step
ecoli_translation_elongation	A13	Ribosome conformational change	A14	Proofreading step - final selection		proceeds	high	none	process feeds decision gate
ecoli_translation_elongation	A14	Proofreading step - final selection	A15	tRNA accommodates into A site	Cognate tRNA	activates	high	2	Rule2 gate outcome Cognate tRNA -> activates
ecoli_translation_elongation	A14	Proofreading step - final selection	A16	Rejected before accommodation	Near-cognate	activates	med	2	Rule2 named-factor gate branch enables
ecoli_translation_elongation	A15	tRNA accommodates into A site	A21	Aminoacyl end positioned in peptidyl transferase center PTC		proceeds	med	none	unlabeled process step
ecoli_translation_elongation	A16	Rejected before accommodation	A17	Aminoacyl-tRNA ejected		proceeds	med	none	unlabeled process step
ecoli_translation_elongation	A17	Aminoacyl-tRNA ejected	A1	Aminoacyl-tRNA available?		proceeds	high	none	process feeds decision gate
ecoli_translation_elongation	A2	EF-Tu-GTP binds aminoacyl-tRNA	A3	Ternary complex: EF-Tu-GTP-aa-tRNA		proceeds	med	none	unlabeled process step
ecoli_translation_elongation	A21	Aminoacyl end positioned in peptidyl transferase center PTC	A22	Both A and P sites occupied?		proceeds	high	none	process feeds decision gate
ecoli_translation_elongation	A22	Both A and P sites occupied?	A23	PTC catalytic activation	Yes	activates	high	2	Rule2 checkpoint outcome Yes -> activates
ecoli_translation_elongation	A22	Both A and P sites occupied?	Wait2	Wait for P-site peptidyl-tRNA	No	activates	high	2	Rule2 checkpoint outcome No -> activates
ecoli_translation_elongation	A23	PTC catalytic activation	A24	23S rRNA catalyzes peptide bond formation		proceeds	med	none	unlabeled process step
ecoli_translation_elongation	A24	23S rRNA catalyzes peptide bond formation	A25	Nucleophilic attack - A-site amine on P-site ester		proceeds	med	none	unlabeled process step
ecoli_translation_elongation	A25	Nucleophilic attack - A-site amine on P-site ester	A26	Peptide bond formed		proceeds	med	none	unlabeled process step
ecoli_translation_elongation	A26	Peptide bond formed	A27	Peptidyl-tRNA extended by one amino acid in A site		proceeds	med	none	unlabeled process step
ecoli_translation_elongation	A27	Peptidyl-tRNA extended by one amino acid in A site	A28	Deacylated tRNA in P site		proceeds	med	none	unlabeled process step
ecoli_translation_elongation	A28	Deacylated tRNA in P site	A29	Ribosome enters hybrid state		proceeds	med	none	unlabeled process step
ecoli_translation_elongation	A29	Ribosome enters hybrid state	A30	P-site tRNA → P/E hybrid		proceeds	med	none	unlabeled process step
ecoli_translation_elongation	A3	Ternary complex: EF-Tu-GTP-aa-tRNA	A4	Ternary complex binds to ribosome A site		proceeds	med	none	unlabeled process step
ecoli_translation_elongation	A30	P-site tRNA → P/E hybrid	A31	A-site tRNA → A/P hybrid		proceeds	med	none	unlabeled process step
ecoli_translation_elongation	A31	A-site tRNA → A/P hybrid	A32	EF-G-GTP binds to ribosome		proceeds	med	none	unlabeled process step
ecoli_translation_elongation	A32	EF-G-GTP binds to ribosome	A33	EF-G binding successful?		proceeds	high	none	process feeds decision gate
ecoli_translation_elongation	A33	EF-G binding successful?	A34	EF-G domain IV mimics tRNA	Yes	activates	high	2	Rule2 checkpoint outcome Yes -> activates
ecoli_translation_elongation	A33	EF-G binding successful?	Wait3	Wait for EF-G-GTP	No	activates	high	2	Rule2 checkpoint outcome No -> activates
ecoli_translation_elongation	A34	EF-G domain IV mimics tRNA	A35	EF-G GTPase activated		proceeds	med	none	unlabeled process step
ecoli_translation_elongation	A35	EF-G GTPase activated	A36	GTP hydrolysis by EF-G		proceeds	med	none	unlabeled process step
ecoli_translation_elongation	A36	GTP hydrolysis by EF-G	A37	Power stroke - EF-G conformational change		proceeds	med	none	unlabeled process step
ecoli_translation_elongation	A37	Power stroke - EF-G conformational change	A38	Translocation: tRNAs move through ribosome		proceeds	med	none	unlabeled process step
ecoli_translation_elongation	A38	Translocation: tRNAs move through ribosome	A39	A/P hybrid → P site peptidyl-tRNA		proceeds	med	none	unlabeled process step
ecoli_translation_elongation	A39	A/P hybrid → P site peptidyl-tRNA	A40	P/E hybrid → E site deacylated tRNA		proceeds	med	none	unlabeled process step
ecoli_translation_elongation	A4	Ternary complex binds to ribosome A site	A5	Initial codon recognition		proceeds	high	none	process feeds decision gate
ecoli_translation_elongation	A40	P/E hybrid → E site deacylated tRNA	A41	mRNA advances 3 nucleotides 5'→3'		proceeds	med	none	unlabeled process step
ecoli_translation_elongation	A41	mRNA advances 3 nucleotides 5'→3'	A42	New codon positioned in A site		proceeds	med	none	unlabeled process step
ecoli_translation_elongation	A42	New codon positioned in A site	A47	Next codon is stop codon?		proceeds	high	none	process feeds decision gate
ecoli_translation_elongation	A47	Next codon is stop codon?	A48	Elongation cycle continues	No - sense codon	represses	high	2	Rule2 checkpoint outcome No - sense codon -> represses
ecoli_translation_elongation	A48	Elongation cycle continues	A1	Aminoacyl-tRNA available?		proceeds	high	none	process feeds decision gate
ecoli_translation_elongation	A5	Initial codon recognition	A6	Initial selection passed	Cognate match	activates	high	2	Rule2 gate outcome Cognate match -> activates
ecoli_translation_elongation	A5	Initial codon recognition	A7	Weak binding	Near-cognate	activates	med	2	Rule2 named-factor gate branch enables
ecoli_translation_elongation	A5	Initial codon recognition	A8	Rejected - complex dissociates	Non-cognate	activates	med	2	Rule2 named-factor gate branch enables
ecoli_translation_elongation	A6	Initial selection passed	A10	EF-Tu GTPase activated		proceeds	med	none	unlabeled process step
ecoli_translation_elongation	A7	Weak binding	A9	GTPase activation?		proceeds	high	none	process feeds decision gate
ecoli_translation_elongation	A8	Rejected - complex dissociates	A1	Aminoacyl-tRNA available?		proceeds	high	none	process feeds decision gate
ecoli_translation_elongation	A9	GTPase activation?	A6	Initial selection passed	Continues	activates	med	2	Rule2 named-factor gate branch enables
ecoli_translation_elongation	A9	GTPase activation?	A8	Rejected - complex dissociates	Weak - dissociates	activates	med	none	activation enables downstream process
ecoli_translation_elongation	Wait1	Wait for tRNA charging	A1	Aminoacyl-tRNA available?		proceeds	high	none	process feeds decision gate
ecoli_translation_elongation	Wait2	Wait for P-site peptidyl-tRNA	A22	Both A and P sites occupied?		proceeds	high	none	process feeds decision gate
ecoli_translation_elongation	Wait3	Wait for EF-G-GTP	A32	EF-G-GTP binds to ribosome		proceeds	med	none	unlabeled process step
ecoli_translation_initiation	AA	IF2 Recognition of fMet-tRNA	AB	Initiator tRNA?		proceeds	high	none	process feeds decision gate
ecoli_translation_initiation	AB	Initiator tRNA?	AC	Formylated Methionine	fMet-tRNA^fMet	activates	high	2	Rule2 gate outcome fMet-tRNA^fMet -> activates
ecoli_translation_initiation	AC	Formylated Methionine	AE	IF2-GTP-fMet-tRNA Ternary Complex		proceeds	med	none	unlabeled process step
ecoli_translation_initiation	AE	IF2-GTP-fMet-tRNA Ternary Complex	AF	Delivery to 30S P-site		proceeds	med	none	unlabeled process step
ecoli_translation_initiation	AF	Delivery to 30S P-site	AG	Codon-Anticodon Match?		proceeds	high	none	process feeds decision gate
ecoli_translation_initiation	AG	Codon-Anticodon Match?	AH	Stable Binding	Perfect Match AUG-CAU	activates	high	2	Rule2 gate outcome Perfect Match AUG-CAU -> activates
ecoli_translation_initiation	AG	Codon-Anticodon Match?	AI	Rejection	Mismatch	represses	high	2	Rule2 checkpoint outcome Mismatch -> represses
ecoli_translation_initiation	AH	Stable Binding	AJ	30S Initiation Complex		produces	med	none	assembly yields complex/product
ecoli_translation_initiation	AI	Rejection	BY	Failed Initiation		proceeds	med	none	pathway/state advances
ecoli_translation_initiation	AJ	30S Initiation Complex	AK	All Components Ready?		proceeds	high	none	process feeds decision gate
ecoli_translation_initiation	AK	All Components Ready?	AL	Complete 30S IC	IF1 AND IF2 AND IF3 AND mRNA AND fMet-tRNA	activates	high	2	Rule2 gate outcome IF1 AND IF2 AND IF3 AND mRNA AND fMet-tRNA
ecoli_translation_initiation	AL	Complete 30S IC	AN	IF3 Proofreading?		proceeds	high	none	process feeds decision gate
ecoli_translation_initiation	AN	IF3 Proofreading?	AO	IF3 Release	Correct Assembly	activates	high	2	Rule2 checkpoint outcome Correct Assembly -> activates
ecoli_translation_initiation	AN	IF3 Proofreading?	AP	Complex Dissociation	Error Detected	activates	high	2	Rule2 gate outcome Error Detected -> activates
ecoli_translation_initiation	AO	IF3 Release	AQ	50S Ribosomal Subunit Available		proceeds	med	none	unlabeled process step
ecoli_translation_initiation	AP	Complex Dissociation	BY	Failed Initiation		proceeds	med	none	pathway/state advances
ecoli_translation_initiation	AQ	50S Ribosomal Subunit Available	AR	50S Recruitment?		proceeds	high	none	process feeds decision gate
ecoli_translation_initiation	AR	50S Recruitment?	AS	50S Docking	Yes	activates	high	2	Rule2 checkpoint outcome Yes -> activates
ecoli_translation_initiation	AS	50S Docking	AU	Bridge Formation B2a		proceeds	med	none	unlabeled process step
ecoli_translation_initiation	AU	Bridge Formation B2a	AV	30S-50S Association		proceeds	med	none	unlabeled process step
ecoli_translation_initiation	AV	30S-50S Association	AW	Subunit Interface?		proceeds	high	none	process feeds decision gate
ecoli_translation_initiation	AW	Subunit Interface?	AY	Dissociation	Incorrect	activates	med	2	Rule2 named-factor gate branch enables
ecoli_translation_initiation	AY	Dissociation	BY	Failed Initiation		proceeds	med	none	pathway/state advances
ecoli_translation_initiation	BY	Failed Initiation	BZ	Retry?		proceeds	high	none	process feeds decision gate
ecoli_translation_initiation	BZ	Retry?	H	Free 30S Ribosomal Subunit	Yes	activates	high	2	Rule2 checkpoint outcome Yes -> activates
ecoli_translation_initiation	H	Free 30S Ribosomal Subunit	I	Initiation Factors Present?		proceeds	high	none	process feeds decision gate
ecoli_translation_initiation	I	Initiation Factors Present?	J	IF3 Binding to 30S	Yes	activates	high	2	Rule2 checkpoint outcome Yes -> activates
ecoli_translation_initiation	J	IF3 Binding to 30S	L	IF3 Prevents 50S Association		proceeds	med	none	unlabeled process step
ecoli_translation_initiation	L	IF3 Prevents 50S Association	M	30S Platform State		proceeds	med	none	unlabeled process step
ecoli_translation_initiation	M	30S Platform State	N	IF1 Binding to A-site		proceeds	med	none	unlabeled process step
ecoli_translation_initiation	N	IF1 Binding to A-site	O	A-site Blocked		represses	med	none	binding blocks capacity
ecoli_translation_initiation	O	A-site Blocked	P	mRNA Recognition?		proceeds	high	none	process feeds decision gate
ecoli_translation_initiation	P	mRNA Recognition?	Q	mRNA-30S Complex	IF3-Mediated	activates	med	2	Rule2 named-factor gate branch enables
ecoli_translation_initiation	P	mRNA Recognition?	R	30S Dissociates	Failed	represses	high	2	Rule2 checkpoint outcome Failed -> represses
ecoli_translation_initiation	Q	mRNA-30S Complex	S	Shine-Dalgarno Base Pairing		proceeds	med	none	unlabeled process step
ecoli_translation_initiation	R	30S Dissociates	BY	Failed Initiation		proceeds	med	none	pathway/state advances
ecoli_translation_initiation	S	Shine-Dalgarno Base Pairing	T	16S rRNA Anti-SD Interaction		proceeds	med	none	unlabeled process step
ecoli_translation_initiation	T	16S rRNA Anti-SD Interaction	U	mRNA Positioned		proceeds	med	none	unlabeled process step
ecoli_translation_initiation	U	mRNA Positioned	V	Start Codon Location?		proceeds	high	none	process feeds decision gate
ecoli_translation_initiation	V	Start Codon Location?	W	Correct Positioning	AUG in P-site	activates	high	2	Rule2 gate outcome AUG in P-site -> activates
ecoli_translation_initiation	V	Start Codon Location?	X	Repositioning	Wrong Distance	activates	high	2	Rule2 gate outcome Wrong Distance -> activates
ecoli_translation_initiation	V	Start Codon Location?	Y	Initiation Failure	No AUG	represses	high	2	Rule2 checkpoint outcome No AUG -> represses
ecoli_translation_initiation	W	Correct Positioning	Z	IF2-GTP Complex		proceeds	med	none	unlabeled process step
ecoli_translation_initiation	X	Repositioning	V	Start Codon Location?		proceeds	high	none	process feeds decision gate
ecoli_translation_initiation	Y	Initiation Failure	BY	Failed Initiation		proceeds	med	none	pathway/state advances
ecoli_translation_initiation	Z	IF2-GTP Complex	AA	IF2 Recognition of fMet-tRNA		proceeds	med	none	unlabeled process step
ecoli_translation_termination	A22	RF3-GTP available?	Wait1	Wait for RF3-GTP	No	activates	high	2	Rule2 checkpoint outcome No -> activates
ecoli_translation_termination	A31	RRF available?	Wait2	Wait for RRF	No	activates	high	2	Rule2 checkpoint outcome No -> activates
ecoli_translation_termination	A34	EF-G-GTP available?	Wait3	Wait for EF-G-GTP	No	activates	high	2	Rule2 checkpoint outcome No -> activates
ecoli_translation_termination	A44	IF3 available?	Wait4	Wait for IF3	No	activates	high	2	Rule2 checkpoint outcome No -> activates
ecoli_translation_termination	Wait1	Wait for RF3-GTP	A22	RF3-GTP available?		proceeds	high	none	process feeds decision gate
ecoli_translation_termination	Wait2	Wait for RRF	A31	RRF available?		proceeds	high	none	process feeds decision gate
ecoli_translation_termination	Wait3	Wait for EF-G-GTP	A34	EF-G-GTP available?		proceeds	high	none	process feeds decision gate
ecoli_translation_termination	Wait4	Wait for IF3	A44	IF3 available?		proceeds	high	none	process feeds decision gate
ecoli_type_iii_secretion	AB	Translocation Pore Formation	AC	Secretion Hierarchy?		proceeds	high	none	process feeds decision gate
ecoli_type_iii_secretion	AC	Secretion Hierarchy?	AD	Translocators First	Early	activates	high	2	Rule2 gate outcome Early -> activates
ecoli_type_iii_secretion	AD	Translocators First	AG	EspB EspD EspA		proceeds	med	none	unlabeled process step
ecoli_type_iii_secretion	AG	EspB EspD EspA	AB	Translocation Pore Formation		proceeds	med	none	unlabeled process step
ecoli_type_iii_secretion	BJ	Regulatory Network?	BK	Fine-Tuning	GrlA GrlR	activates	high	2	Rule2 gate outcome GrlA GrlR -> activates
ecoli_type_iii_secretion	BJ	Regulatory Network?	BL	Density-Dependent	Quorum Sensing	activates	high	2	Rule2 gate outcome Quorum Sensing -> activates
ecoli_type_iii_secretion	BJ	Regulatory Network?	C	LEE1-5 Operons	Ler	activates	high	2	Rule2 gate outcome Ler -> activates
ecoli_type_iii_secretion	BK	Fine-Tuning	C	LEE1-5 Operons		proceeds	med	none	unlabeled process step
ecoli_type_iii_secretion	BL	Density-Dependent	C	LEE1-5 Operons		proceeds	med	none	unlabeled process step
ecoli_type_iii_secretion	C	LEE1-5 Operons	BJ	Regulatory Network?		proceeds	high	none	process feeds decision gate
human_akt_foxo_insulin	C	PI3K-AKT active	D	AKT excludes FOXO from nucleus		proceeds	med	none	unlabeled process step
human_akt_foxo_insulin	D	AKT excludes FOXO from nucleus	E	FOXO nuclear active	⊣	represses	high	1	Rule1 explicit bar-head inhibition
human_akt_foxo_insulin	E	FOXO nuclear active	F	Targets: G6Pase, SOD2, feedback		proceeds	med	none	unlabeled process step
human_akt_foxo_insulin	F	Targets: G6Pase, SOD2, feedback	G	Feedback regulators on PI3K		proceeds	med	none	unlabeled process step
human_akt_foxo_insulin	G	Feedback regulators on PI3K	C	PI3K-AKT active	⊣ feedback	represses	high	1	Rule1 explicit bar-head inhibition
human_apoptosis_caspase_switch	C	Caspase-9 active	D	Caspase-3 active		proceeds	med	none	unlabeled process step
human_apoptosis_caspase_switch	D	Caspase-3 active	E	Caspase-3 amplifies caspase-9		proceeds	med	none	unlabeled process step
human_apoptosis_caspase_switch	D	Caspase-3 active	F	Cleaves XIAP inhibitor		proceeds	med	none	unlabeled process step
human_apoptosis_caspase_switch	E	Caspase-3 amplifies caspase-9	C	Caspase-9 active	+	activates	high	1	Rule1 explicit Activates/+ marker
human_apoptosis_caspase_switch	F	Cleaves XIAP inhibitor	C	Caspase-9 active	+ disinhibit	activates	high	1	Rule1 explicit Activates/+ marker
human_bcl2_bax_momp	C	BAX/BAK activated	D	BAX auto-amplifies activation		proceeds	med	none	unlabeled process step
human_bcl2_bax_momp	D	BAX auto-amplifies activation	C	BAX/BAK activated	+	activates	high	1	Rule1 explicit Activates/+ marker
human_bcl6_gc_fate_switch	B	BCL6 induced	C	BCL6 represses Blimp-1/PRDM1		proceeds	med	none	unlabeled process step
human_bcl6_gc_fate_switch	C	BCL6 represses Blimp-1/PRDM1	E	Blimp-1 (plasma-cell driver)	⊣	represses	high	1	Rule1 explicit bar-head inhibition
human_bcl6_gc_fate_switch	E	Blimp-1 (plasma-cell driver)	F	Blimp-1 represses BCL6		proceeds	med	none	unlabeled process step
human_bcl6_gc_fate_switch	F	Blimp-1 represses BCL6	B	BCL6 induced	⊣	represses	high	1	Rule1 explicit bar-head inhibition
human_beta_cell_insulin_oscillator	B	K-ATP closes; depolarization	C	Ca²⁺ influx triggers insulin		proceeds	med	none	unlabeled process step
human_beta_cell_insulin_oscillator	C	Ca²⁺ influx triggers insulin	D	Cytosolic Ca²⁺ rise		proceeds	med	none	unlabeled process step
human_beta_cell_insulin_oscillator	D	Cytosolic Ca²⁺ rise	C	Ca²⁺ influx triggers insulin	+	activates	high	1	Rule1 explicit Activates/+ marker
human_beta_cell_insulin_oscillator	D	Cytosolic Ca²⁺ rise	E	K-Ca + metabolic feedback repolarize		proceeds	med	none	unlabeled process step
human_beta_cell_insulin_oscillator	E	K-Ca + metabolic feedback repolarize	B	K-ATP closes; depolarization	⊣ delayed	represses	high	1	Rule1 explicit bar-head inhibition
human_calcium_oscillator	B	IP3R releases Ca²⁺	C	Ca²⁺ amplifies release CICR		proceeds	med	none	unlabeled process step
human_calcium_oscillator	C	Ca²⁺ amplifies release CICR	D	Cytosolic Ca²⁺ rise		proceeds	med	none	unlabeled process step
human_calcium_oscillator	D	Cytosolic Ca²⁺ rise	C	Ca²⁺ amplifies release CICR	+	activates	high	1	Rule1 explicit Activates/+ marker
human_calcium_oscillator	D	Cytosolic Ca²⁺ rise	E	Ca²⁺ inactivates IP3R + pump uptake		proceeds	med	none	unlabeled process step
human_calcium_oscillator	E	Ca²⁺ inactivates IP3R + pump uptake	B	IP3R releases Ca²⁺	⊣ delayed	represses	high	1	Rule1 explicit bar-head inhibition
human_cdk1_mitotic_switch	B	Cdk1-Cyclin B	C	Cdc25 phosphatase		proceeds	med	none	unlabeled process step
human_cdk1_mitotic_switch	B	Cdk1-Cyclin B	D	Wee1 kinase		proceeds	med	none	unlabeled process step
human_cdk1_mitotic_switch	C	Cdc25 phosphatase	E	Cdk1 activates Cdc25, which activates Cdk1		activates	med	none	regulator changes target capacity
human_cdk1_mitotic_switch	D	Wee1 kinase	F	Cdk1 inhibits Wee1, disinhibiting Cdk1		proceeds	med	none	unlabeled process step
human_cdk1_mitotic_switch	E	Cdk1 activates Cdc25, which activates Cdk1	B	Cdk1-Cyclin B	+	activates	high	1	Rule1 explicit Activates/+ marker
human_cdk1_mitotic_switch	F	Cdk1 inhibits Wee1, disinhibiting Cdk1	B	Cdk1-Cyclin B	⊣	represses	high	1	Rule1 explicit bar-head inhibition
human_cebpa_myeloid_commitment	B	C/EBPα	C	C/EBPα autoactivation		proceeds	med	none	unlabeled process step
human_cebpa_myeloid_commitment	C	C/EBPα autoactivation	B	C/EBPα	+	activates	high	1	Rule1 explicit Activates/+ marker
human_cgas_sting_dna_sensing	E	TBK1 phosphorylates IRF3	F	Type-I interferon induced		modifies	med	none	covalent modification event
human_cgas_sting_dna_sensing	F	Type-I interferon induced	G	STING trafficked + degraded		proceeds	med	none	unlabeled process step
human_cgas_sting_dna_sensing	G	STING trafficked + degraded	E	TBK1 phosphorylates IRF3	⊣ feedback	represses	high	1	Rule1 explicit bar-head inhibition
human_circadian_clock	B	BMAL1-CLOCK	C	E-box activation: Per, Cry		proceeds	med	none	unlabeled process step
human_circadian_clock	C	E-box activation: Per, Cry	D	PER-CRY complex		activates	med	none	activation enables downstream process
human_circadian_clock	D	PER-CRY complex	E	PER-CRY represses BMAL1-CLOCK		proceeds	med	none	unlabeled process step
human_circadian_clock	E	PER-CRY represses BMAL1-CLOCK	B	BMAL1-CLOCK	⊣ delayed	represses	high	1	Rule1 explicit bar-head inhibition
human_emt_zeb_mir200	B	ZEB1/2	D	ZEB represses miR-200		proceeds	med	none	unlabeled process step
human_emt_zeb_mir200	C	miR-200 family	E	miR-200 represses ZEB		proceeds	med	none	unlabeled process step
human_emt_zeb_mir200	D	ZEB represses miR-200	C	miR-200 family	⊣	represses	high	1	Rule1 explicit bar-head inhibition
human_emt_zeb_mir200	E	miR-200 represses ZEB	B	ZEB1/2	⊣	represses	high	1	Rule1 explicit bar-head inhibition
human_erk_bistable_switch	B	RAS-RAF	C	MEK		proceeds	med	none	unlabeled process step
human_erk_bistable_switch	B	RAS-RAF	F	Ultrasensitive cascade		proceeds	med	none	unlabeled process step
human_erk_bistable_switch	C	MEK	D	ERK active		proceeds	med	none	unlabeled process step
human_erk_bistable_switch	D	ERK active	E	ERK positive feedback to RAF/SOS		proceeds	med	none	unlabeled process step
human_erk_bistable_switch	E	ERK positive feedback to RAF/SOS	B	RAS-RAF	+	activates	high	1	Rule1 explicit Activates/+ marker
human_erk_bistable_switch	F	Ultrasensitive cascade	D	ERK active		proceeds	med	none	unlabeled process step
human_estrogen_receptor_switch	B	ERα + SRC coactivator	C	ERα activates ESR1		activates	med	none	regulator changes target capacity
human_estrogen_receptor_switch	C	ERα activates ESR1	B	ERα + SRC coactivator	+	activates	high	1	Rule1 explicit Activates/+ marker
human_foxp3_treg_switch	C	Foxp3 induced	D	Foxp3 CNS2 autoactivation		proceeds	med	none	unlabeled process step
human_foxp3_treg_switch	D	Foxp3 CNS2 autoactivation	C	Foxp3 induced	+	activates	high	1	Rule1 explicit Activates/+ marker
human_gata1_pu1_switch	B	GATA1	D	GATA1 autoactivation		proceeds	med	none	unlabeled process step
human_gata1_pu1_switch	B	GATA1	F	GATA1 represses PU.1		proceeds	med	none	unlabeled process step
human_gata1_pu1_switch	C	PU.1 / SPI1	E	PU.1 autoactivation		proceeds	med	none	unlabeled process step
human_gata1_pu1_switch	C	PU.1 / SPI1	G	PU.1 represses GATA1		proceeds	med	none	unlabeled process step
human_gata1_pu1_switch	D	GATA1 autoactivation	B	GATA1	+	activates	high	1	Rule1 explicit Activates/+ marker
human_gata1_pu1_switch	E	PU.1 autoactivation	C	PU.1 / SPI1	+	activates	high	1	Rule1 explicit Activates/+ marker
human_gata1_pu1_switch	F	GATA1 represses PU.1	C	PU.1 / SPI1	⊣	represses	high	1	Rule1 explicit bar-head inhibition
human_gata1_pu1_switch	G	PU.1 represses GATA1	B	GATA1	⊣	represses	high	1	Rule1 explicit bar-head inhibition
human_glucocorticoid_hpa_axis	B	Hypothalamus: CRH	C	Pituitary: ACTH		proceeds	med	none	unlabeled process step
human_glucocorticoid_hpa_axis	C	Pituitary: ACTH	D	Adrenal: cortisol		proceeds	med	none	unlabeled process step
human_glucocorticoid_hpa_axis	D	Adrenal: cortisol	E	Cortisol-GR suppresses CRH + ACTH		proceeds	med	none	unlabeled process step
human_glucocorticoid_hpa_axis	E	Cortisol-GR suppresses CRH + ACTH	B	Hypothalamus: CRH	⊣ feedback	represses	high	1	Rule1 explicit bar-head inhibition
human_glucocorticoid_hpa_axis	E	Cortisol-GR suppresses CRH + ACTH	C	Pituitary: ACTH	⊣	represses	high	1	Rule1 explicit bar-head inhibition
human_hes1_oscillator	B	HES1 transcription	C	HES1 protein		proceeds	med	none	unlabeled process step
human_hes1_oscillator	C	HES1 protein	D	HES1 represses own promoter		proceeds	med	none	unlabeled process step
human_hes1_oscillator	D	HES1 represses own promoter	B	HES1 transcription	⊣ delayed	represses	high	1	Rule1 explicit bar-head inhibition
human_hsf1_heat_shock	B	HSF1 trimerizes, active	C	Chaperone transcription: HSP70/90		proceeds	med	none	unlabeled process step
human_hsf1_heat_shock	C	Chaperone transcription: HSP70/90	D	Chaperones refold proteins		proceeds	med	none	unlabeled process step
human_hsf1_heat_shock	D	Chaperones refold proteins	E	HSP70 binds, inactivates HSF1		proceeds	med	none	unlabeled process step
human_hsf1_heat_shock	E	HSP70 binds, inactivates HSF1	B	HSF1 trimerizes, active	⊣ feedback	represses	high	1	Rule1 explicit bar-head inhibition
human_il6_stat3_inflammation	B	IL-6 secreted	C	IL-6R + gp130 → JAK		proceeds	med	none	unlabeled process step
human_il6_stat3_inflammation	C	IL-6R + gp130 → JAK	D	STAT3 phosphorylated		proceeds	med	none	unlabeled process step
human_il6_stat3_inflammation	D	STAT3 phosphorylated	E	NF-κB crosstalk		modifies	med	none	covalent modification event
human_il6_stat3_inflammation	D	STAT3 phosphorylated	F	STAT3 + NF-κB induce IL-6		modifies	med	none	covalent modification event
human_il6_stat3_inflammation	E	NF-κB crosstalk	F	STAT3 + NF-κB induce IL-6		proceeds	med	none	unlabeled process step
human_il6_stat3_inflammation	F	STAT3 + NF-κB induce IL-6	B	IL-6 secreted	+	activates	high	1	Rule1 explicit Activates/+ marker
human_ire1_xbp1_upr	A	ER stress: unfolded proteins	B	IRE1 activated		proceeds	med	none	unlabeled process step
human_ire1_xbp1_upr	B	IRE1 activated	C	Splices XBP1 mRNA		proceeds	med	none	unlabeled process step
human_ire1_xbp1_upr	C	Splices XBP1 mRNA	D	XBP1s transcription factor		proceeds	med	none	unlabeled process step
human_ire1_xbp1_upr	D	XBP1s transcription factor	E	Chaperones + ERAD genes		proceeds	med	none	unlabeled process step
human_ire1_xbp1_upr	E	Chaperones + ERAD genes	F	Restores folding, lowers stress		proceeds	med	none	unlabeled process step
human_ire1_xbp1_upr	F	Restores folding, lowers stress	A	ER stress: unfolded proteins	⊣ feedback	represses	high	1	Rule1 explicit bar-head inhibition
human_irf7_interferon_amplifier	B	IRF3 / IRF7 activated	C	IFN-β secreted		proceeds	med	none	unlabeled process step
human_irf7_interferon_amplifier	C	IFN-β secreted	D	IFNAR → JAK1/TYK2		proceeds	med	none	unlabeled process step
human_irf7_interferon_amplifier	D	IFNAR → JAK1/TYK2	E	STAT1-STAT2-ISGF3		proceeds	med	none	unlabeled process step
human_irf7_interferon_amplifier	E	STAT1-STAT2-ISGF3	F	Induces more IRF7		proceeds	med	none	unlabeled process step
human_irf7_interferon_amplifier	F	Induces more IRF7	B	IRF3 / IRF7 activated	+	activates	high	1	Rule1 explicit Activates/+ marker
human_jak_stat_socs	B	JAK kinase active	C	STAT phosphorylated, dimerized		activates	med	none	regulator changes target capacity
human_jak_stat_socs	C	STAT phosphorylated, dimerized	D	Nuclear STAT target transcription		modifies	med	none	covalent modification event
human_jak_stat_socs	D	Nuclear STAT target transcription	E	SOCS induced		proceeds	med	none	unlabeled process step
human_jak_stat_socs	E	SOCS induced	F	SOCS inhibits JAK		proceeds	med	none	unlabeled process step
human_jak_stat_socs	F	SOCS inhibits JAK	B	JAK kinase active	⊣ feedback	represses	high	1	Rule1 explicit bar-head inhibition
human_mtor_ulk1_autophagy	C	mTORC1 active	D	mTORC1 inhibits ULK1		proceeds	med	none	unlabeled process step
human_mtor_ulk1_autophagy	D	mTORC1 inhibits ULK1	E	ULK1 active: autophagy	⊣	represses	high	1	Rule1 explicit bar-head inhibition
human_mtor_ulk1_autophagy	E	ULK1 active: autophagy	F	Autophagy recycles nutrients		proceeds	med	none	pathway/state advances
human_mtor_ulk1_autophagy	F	Autophagy recycles nutrients	G	Restored nutrients reactivate mTORC1		induces	med	none	effector as signal to sensor
human_mtor_ulk1_autophagy	G	Restored nutrients reactivate mTORC1	C	mTORC1 active	+ feedback	activates	high	1	Rule1 explicit Activates/+ marker
human_myc_autoregulation	B	MYC transcription	C	MYC-MAX dimer		proceeds	med	none	unlabeled process step
human_myc_autoregulation	C	MYC-MAX dimer	E	MYC suppresses own promoter		proceeds	med	none	unlabeled process step
human_myc_autoregulation	E	MYC suppresses own promoter	B	MYC transcription	⊣	represses	high	1	Rule1 explicit bar-head inhibition
human_myod_myogenesis	B	MyoD bHLH	C	MyoD autoactivation		proceeds	med	none	unlabeled process step
human_myod_myogenesis	C	MyoD autoactivation	B	MyoD bHLH	+	activates	high	1	Rule1 explicit Activates/+ marker
human_nlrp3_inflammasome	D	Nucleates ASC speck	E	Caspase-1 activated		proceeds	med	none	unlabeled process step
human_nlrp3_inflammasome	E	Caspase-1 activated	D	Nucleates ASC speck	+ self-template	activates	high	1	Rule1 explicit Activates/+ marker
human_notch_delta_lateral_inhibition	B	Cell 1: Delta high	D	Delta activates Notch in neighbor		proceeds	med	none	unlabeled process step
human_notch_delta_lateral_inhibition	C	Cell 2: Notch active	E	Notch represses Delta in that cell		proceeds	med	none	unlabeled process step
human_notch_delta_lateral_inhibition	D	Delta activates Notch in neighbor	C	Cell 2: Notch active	+	activates	high	1	Rule1 explicit Activates/+ marker
human_notch_delta_lateral_inhibition	E	Notch represses Delta in that cell	B	Cell 1: Delta high	⊣	represses	high	1	Rule1 explicit bar-head inhibition
human_p16_rb_senescence	B	p16INK4a	C	Inhibits CDK4/6		proceeds	med	none	unlabeled process step
human_p16_rb_senescence	C	Inhibits CDK4/6	D	Rb hypophosphorylated, active		proceeds	med	none	unlabeled process step
human_p16_rb_senescence	D	Rb hypophosphorylated, active	F	Reinforces p16 program		modifies	med	none	covalent modification event
human_p16_rb_senescence	F	Reinforces p16 program	B	p16INK4a	+	activates	high	1	Rule1 explicit Activates/+ marker
human_p53_apoptosis_decision	D	PUMA/BAX induced	E	MOMP commits to death		proceeds	med	none	unlabeled process step
human_p53_apoptosis_decision	E	MOMP commits to death	D	PUMA/BAX induced	+	activates	high	1	Rule1 explicit Activates/+ marker
human_p53_mdm2	C	p53 stabilized	E	MDM2 expressed		proceeds	med	none	unlabeled process step
human_p53_mdm2	E	MDM2 expressed	F	MDM2 ubiquitinates p53		proceeds	med	none	unlabeled process step
human_p53_mdm2	F	MDM2 ubiquitinates p53	C	p53 stabilized	⊣ delayed	represses	high	1	Rule1 explicit bar-head inhibition
human_pd1_pdl1_checkpoint	A	T-cell activation: TCR + IFN-γ	B	Target cell induces PD-L1		proceeds	med	none	unlabeled process step
human_pd1_pdl1_checkpoint	B	Target cell induces PD-L1	C	PD-L1 engages PD-1		proceeds	med	none	unlabeled process step
human_pd1_pdl1_checkpoint	C	PD-L1 engages PD-1	D	SHP-2 dephosphorylates TCR signaling		proceeds	med	none	unlabeled process step
human_pd1_pdl1_checkpoint	D	SHP-2 dephosphorylates TCR signaling	E	Dampens T-cell activation		modifies	med	none	covalent modification event
human_pd1_pdl1_checkpoint	E	Dampens T-cell activation	A	T-cell activation: TCR + IFN-γ	⊣ feedback	represses	high	1	Rule1 explicit bar-head inhibition
human_perk_atf4_isr	B	PERK phosphorylates eIF2α	C	Bulk translation down; ATF4 up		modifies	med	none	covalent modification event
human_perk_atf4_isr	C	Bulk translation down; ATF4 up	D	ATF4 induces GADD34		proceeds	med	none	pathway/state advances
human_perk_atf4_isr	D	ATF4 induces GADD34	E	GADD34 dephosphorylates eIF2α		proceeds	med	none	unlabeled process step
human_perk_atf4_isr	E	GADD34 dephosphorylates eIF2α	B	PERK phosphorylates eIF2α	⊣ feedback	represses	high	1	Rule1 explicit bar-head inhibition
human_pten_pi3k_akt	B	PIP3	D	AKT activated		proceeds	med	none	unlabeled process step
human_pten_pi3k_akt	C	PTEN dephosphorylates PIP3	B	PIP3	⊣	represses	high	1	Rule1 explicit bar-head inhibition
human_pten_pi3k_akt	D	AKT activated	E	Survival / growth targets		proceeds	med	none	unlabeled process step
human_pten_pi3k_akt	E	Survival / growth targets	F	Feedback regulates PTEN		proceeds	med	none	unlabeled process step
human_pten_pi3k_akt	F	Feedback regulates PTEN	C	PTEN dephosphorylates PIP3	+ feedback	activates	high	1	Rule1 explicit Activates/+ marker
human_rb_e2f_restriction_point	B	Rb	D	Rb represses E2F		proceeds	med	none	unlabeled process step
human_rb_e2f_restriction_point	C	E2F	E	E2F drives Cyclin E, inactivates Rb		proceeds	med	none	unlabeled process step
human_rb_e2f_restriction_point	D	Rb represses E2F	C	E2F	⊣	represses	high	1	Rule1 explicit bar-head inhibition
human_rb_e2f_restriction_point	E	E2F drives Cyclin E, inactivates Rb	B	Rb	⊣ feedback	represses	high	1	Rule1 explicit bar-head inhibition
human_rig_i_mavs_antiviral	C	MAVS filaments on mitochondria	H	MAVS filament self-amplification		proceeds	med	none	unlabeled process step
human_rig_i_mavs_antiviral	H	MAVS filament self-amplification	C	MAVS filaments on mitochondria	+	activates	high	1	Rule1 explicit Activates/+ marker
human_scl_tal1_hematopoietic_switch	C	SCL/TAL1 + LMO2 + E2A	D	TAL1 autoactivation		proceeds	med	none	unlabeled process step
human_scl_tal1_hematopoietic_switch	D	TAL1 autoactivation	C	SCL/TAL1 + LMO2 + E2A	+	activates	high	1	Rule1 explicit Activates/+ marker
human_shh_gli	E	SMO active	F	GLI activator		proceeds	med	none	unlabeled process step
human_shh_gli	F	GLI activator	G	Targets: GLI1, PTCH1		proceeds	med	none	unlabeled process step
human_shh_gli	G	Targets: GLI1, PTCH1	H	PTCH1 feedback inhibits SMO		proceeds	med	none	unlabeled process step
human_shh_gli	H	PTCH1 feedback inhibits SMO	E	SMO active	⊣ feedback	represses	high	1	Rule1 explicit bar-head inhibition
human_snail_mir34_emt	B	SNAIL	D	SNAIL represses miR-34		proceeds	med	none	unlabeled process step
human_snail_mir34_emt	C	miR-34	E	miR-34 represses SNAIL		proceeds	med	none	unlabeled process step
human_snail_mir34_emt	D	SNAIL represses miR-34	C	miR-34	⊣	represses	high	1	Rule1 explicit bar-head inhibition
human_snail_mir34_emt	E	miR-34 represses SNAIL	B	SNAIL	⊣	represses	high	1	Rule1 explicit bar-head inhibition
human_tbet_gata3_th1_th2	B	T-bet	D	T-bet autoactivation		proceeds	med	none	unlabeled process step
human_tbet_gata3_th1_th2	B	T-bet	F	T-bet represses GATA3		proceeds	med	none	unlabeled process step
human_tbet_gata3_th1_th2	C	GATA3	E	GATA3 autoactivation		proceeds	med	none	unlabeled process step
human_tbet_gata3_th1_th2	C	GATA3	G	GATA3 represses T-bet		proceeds	med	none	unlabeled process step
human_tbet_gata3_th1_th2	D	T-bet autoactivation	B	T-bet	+	activates	high	1	Rule1 explicit Activates/+ marker
human_tbet_gata3_th1_th2	E	GATA3 autoactivation	C	GATA3	+	activates	high	1	Rule1 explicit Activates/+ marker
human_tbet_gata3_th1_th2	F	T-bet represses GATA3	C	GATA3	⊣	represses	high	1	Rule1 explicit bar-head inhibition
human_tbet_gata3_th1_th2	G	GATA3 represses T-bet	B	T-bet	⊣	represses	high	1	Rule1 explicit bar-head inhibition
human_tgfbeta_smad	B	TGF-β receptor active	C	SMAD2/3 phosphorylated		activates	med	none	regulator changes target capacity
human_tgfbeta_smad	C	SMAD2/3 phosphorylated	D	SMAD complex + SMAD4 nuclear		modifies	med	none	covalent modification event
human_tgfbeta_smad	D	SMAD complex + SMAD4 nuclear	F	SMAD7 induced		proceeds	med	none	unlabeled process step
human_tgfbeta_smad	F	SMAD7 induced	G	SMAD7 inhibits receptor		proceeds	med	none	unlabeled process step
human_tgfbeta_smad	G	SMAD7 inhibits receptor	B	TGF-β receptor active	⊣ feedback	represses	high	1	Rule1 explicit bar-head inhibition
human_tlr4_lps_amplification	C	MyD88 / TRAF6 / IRAK	D	IκBα degraded		proceeds	med	none	unlabeled process step
human_tlr4_lps_amplification	D	IκBα degraded	E	NF-κB p65 nuclear		proceeds	med	none	unlabeled process step
human_tlr4_lps_amplification	E	NF-κB p65 nuclear	F	TNF-α + IL-1β + IL-6		proceeds	med	none	unlabeled process step
human_tlr4_lps_amplification	F	TNF-α + IL-1β + IL-6	G	Cytokines amplify adaptor signaling		proceeds	med	none	unlabeled process step
human_tlr4_lps_amplification	G	Cytokines amplify adaptor signaling	C	MyD88 / TRAF6 / IRAK	+ amplify	activates	high	1	Rule1 explicit Activates/+ marker
mouse_gata1_spi1_switch	B	Gata1	D	Gata1 autoactivation		proceeds	med	none	unlabeled process step
mouse_gata1_spi1_switch	B	Gata1	F	Gata1 represses Spi1		proceeds	med	none	unlabeled process step
mouse_gata1_spi1_switch	C	Spi1 / PU.1	E	Spi1 autoactivation		proceeds	med	none	unlabeled process step
mouse_gata1_spi1_switch	C	Spi1 / PU.1	G	Spi1 represses Gata1		proceeds	med	none	unlabeled process step
mouse_gata1_spi1_switch	D	Gata1 autoactivation	B	Gata1	+	activates	high	1	Rule1 explicit Activates/+ marker
mouse_gata1_spi1_switch	E	Spi1 autoactivation	C	Spi1 / PU.1	+	activates	high	1	Rule1 explicit Activates/+ marker
mouse_gata1_spi1_switch	F	Gata1 represses Spi1	C	Spi1 / PU.1	⊣	represses	high	1	Rule1 explicit bar-head inhibition
mouse_gata1_spi1_switch	G	Spi1 represses Gata1	B	Gata1	⊣	represses	high	1	Rule1 explicit bar-head inhibition
mouse_p53_mdm2_oscillator	B	p53 stabilized	C	Mdm2 transcribed		proceeds	med	none	unlabeled process step
mouse_p53_mdm2_oscillator	C	Mdm2 transcribed	D	Mdm2 protein accumulates	delay	UNTYPABLE	low	none	no rubric rule covers label 'delay'
mouse_p53_mdm2_oscillator	D	Mdm2 protein accumulates	E	Mdm2 degrades p53		proceeds	med	none	unlabeled process step
mouse_p53_mdm2_oscillator	E	Mdm2 degrades p53	B	p53 stabilized	⊣	represses	high	1	Rule1 explicit bar-head inhibition
mouse_sox2_oct4_pluripotency	B	Oct4 / Pou5f1	D	Oct4-Sox2 activate Oct4 enhancer		proceeds	med	none	unlabeled process step
mouse_sox2_oct4_pluripotency	C	Sox2	E	Oct4-Sox2 activate Sox2 enhancer		proceeds	med	none	unlabeled process step
mouse_sox2_oct4_pluripotency	D	Oct4-Sox2 activate Oct4 enhancer	B	Oct4 / Pou5f1	+	activates	high	1	Rule1 explicit Activates/+ marker
mouse_sox2_oct4_pluripotency	E	Oct4-Sox2 activate Sox2 enhancer	C	Sox2	+	activates	high	1	Rule1 explicit Activates/+ marker
synthetic_5node_repressilator	A	Repressor R1	B	Repressor R2	⊣	represses	high	1	Rule1 explicit bar-head inhibition
synthetic_5node_repressilator	B	Repressor R2	C	Repressor R3	⊣	represses	high	1	Rule1 explicit bar-head inhibition
synthetic_5node_repressilator	C	Repressor R3	D	Repressor R4	⊣	represses	high	1	Rule1 explicit bar-head inhibition
synthetic_5node_repressilator	D	Repressor R4	E	Repressor R5	⊣	represses	high	1	Rule1 explicit bar-head inhibition
synthetic_5node_repressilator	E	Repressor R5	A	Repressor R1	⊣	represses	high	1	Rule1 explicit bar-head inhibition
synthetic_antithetic_integral_feedback	B	Controller Z1 produced	C	Z1 activates output X		proceeds	med	none	unlabeled process step
synthetic_antithetic_integral_feedback	C	Z1 activates output X	D	Output species X		proceeds	med	none	unlabeled process step
synthetic_antithetic_integral_feedback	D	Output species X	E	X produces Z2		proceeds	med	none	unlabeled process step
synthetic_antithetic_integral_feedback	E	X produces Z2	F	Z1 + Z2 annihilate		proceeds	med	none	unlabeled process step
synthetic_antithetic_integral_feedback	F	Z1 + Z2 annihilate	B	Controller Z1 produced	⊣ sequester	represses	high	1	Rule1 explicit bar-head inhibition
synthetic_atkinson_oscillator	A	Activator NRI	B	NRI activates own promoter		activates	med	none	regulator changes target capacity
synthetic_atkinson_oscillator	A	Activator NRI	C	Represser LacI expressed		represses	med	none	regulator drives inhibitory state
synthetic_atkinson_oscillator	B	NRI activates own promoter	A	Activator NRI	+	activates	high	1	Rule1 explicit Activates/+ marker
synthetic_atkinson_oscillator	C	Represser LacI expressed	D	LacI represses NRI promoter		proceeds	med	none	unlabeled process step
synthetic_atkinson_oscillator	D	LacI represses NRI promoter	A	Activator NRI	⊣ delayed	represses	high	1	Rule1 explicit bar-head inhibition
synthetic_burden_feedback_controller	A	Heterologous expression burden	B	Capacity monitor senses stress		proceeds	med	none	unlabeled process step
synthetic_burden_feedback_controller	B	Capacity monitor senses stress	C	Feedback throttles synthetic gene		proceeds	med	none	unlabeled process step
synthetic_burden_feedback_controller	C	Feedback throttles synthetic gene	D	Restored growth capacity		proceeds	med	none	unlabeled process step
synthetic_burden_feedback_controller	D	Restored growth capacity	E	Lower burden relaxes throttle		proceeds	med	none	unlabeled process step
synthetic_burden_feedback_controller	E	Lower burden relaxes throttle	A	Heterologous expression burden	⊣ feedback	represses	high	1	Rule1 explicit bar-head inhibition
synthetic_crispri_toggle	B	sgRNA-1 + dCas9	D	sgRNA-1 represses promoter 2		proceeds	med	none	unlabeled process step
synthetic_crispri_toggle	C	sgRNA-2 + dCas9	E	sgRNA-2 represses promoter 1		proceeds	med	none	unlabeled process step
synthetic_crispri_toggle	D	sgRNA-1 represses promoter 2	C	sgRNA-2 + dCas9	⊣	represses	high	1	Rule1 explicit bar-head inhibition
synthetic_crispri_toggle	E	sgRNA-2 represses promoter 1	B	sgRNA-1 + dCas9	⊣	represses	high	1	Rule1 explicit bar-head inhibition
synthetic_metabolator	B	Acetyl-phosphate pool	C	Activates Pta promoter		proceeds	med	none	unlabeled process step
synthetic_metabolator	B	Acetyl-phosphate pool	E	Acs consumes AcP, delayed		proceeds	med	none	unlabeled process step
synthetic_metabolator	C	Activates Pta promoter	D	Pta makes more AcP		proceeds	med	none	unlabeled process step
synthetic_metabolator	D	Pta makes more AcP	B	Acetyl-phosphate pool	+	activates	high	1	Rule1 explicit Activates/+ marker
synthetic_metabolator	E	Acs consumes AcP, delayed	B	Acetyl-phosphate pool	⊣ delayed	represses	high	1	Rule1 explicit bar-head inhibition
synthetic_mutual_activation_bistable	B	Activator X	D	X activates Y		activates	med	none	regulator changes target capacity
synthetic_mutual_activation_bistable	C	Activator Y	E	Y activates X		activates	med	none	regulator changes target capacity
synthetic_mutual_activation_bistable	D	X activates Y	C	Activator Y	+	activates	high	1	Rule1 explicit Activates/+ marker
synthetic_mutual_activation_bistable	E	Y activates X	B	Activator X	+	activates	high	1	Rule1 explicit Activates/+ marker
synthetic_negative_autoregulation	B	Promoter P active?	C	Transcription of gene X	derepressed	activates	high	2	Rule2 gate outcome derepressed -> activates
synthetic_negative_autoregulation	C	Transcription of gene X	D	Repressor protein X		proceeds	med	none	unlabeled process step
synthetic_negative_autoregulation	D	Repressor protein X	E	X represses own promoter P		proceeds	med	none	unlabeled process step
synthetic_negative_autoregulation	E	X represses own promoter P	B	Promoter P active?	feedback	UNTYPABLE	low	none	no rubric rule covers label 'feedback'
synthetic_optogenetic_toggle	B	Repressor A	D	A represses B		proceeds	med	none	unlabeled process step
synthetic_optogenetic_toggle	C	Repressor B	E	B represses A		proceeds	med	none	unlabeled process step
synthetic_optogenetic_toggle	D	A represses B	C	Repressor B	⊣	represses	high	1	Rule1 explicit bar-head inhibition
synthetic_optogenetic_toggle	E	B represses A	B	Repressor A	⊣	represses	high	1	Rule1 explicit bar-head inhibition
synthetic_population_control	A	Cell density	B	LuxI makes AHL		proceeds	med	none	unlabeled process step
synthetic_population_control	B	LuxI makes AHL	C	AHL accumulates		proceeds	med	none	unlabeled process step
synthetic_population_control	C	AHL accumulates	D	LuxR-AHL		proceeds	med	none	unlabeled process step
synthetic_population_control	D	LuxR-AHL	E	Killer gene CcdB expressed		proceeds	med	none	unlabeled process step
synthetic_population_control	E	Killer gene CcdB expressed	F	Cell death lowers density		proceeds	med	none	unlabeled process step
synthetic_population_control	F	Cell death lowers density	A	Cell density	⊣ feedback	represses	high	1	Rule1 explicit bar-head inhibition
synthetic_positive_autoregulation	B	Promoter P active?	C	Transcription of gene X	active	activates	high	2	Rule2 gate outcome active -> activates
synthetic_positive_autoregulation	C	Transcription of gene X	D	Activator protein X		proceeds	med	none	unlabeled process step
synthetic_positive_autoregulation	D	Activator protein X	E	X activates own promoter P		activates	med	none	regulator changes target capacity
synthetic_positive_autoregulation	E	X activates own promoter P	B	Promoter P active?	feedback	UNTYPABLE	low	none	no rubric rule covers label 'feedback'
synthetic_repressilator	A	LacI	B	LacI represses TetR		proceeds	med	none	unlabeled process step
synthetic_repressilator	B	LacI represses TetR	C	TetR	⊣	represses	high	1	Rule1 explicit bar-head inhibition
synthetic_repressilator	C	TetR	D	TetR represses cI		proceeds	med	none	unlabeled process step
synthetic_repressilator	D	TetR represses cI	E	cI	⊣	represses	high	1	Rule1 explicit bar-head inhibition
synthetic_repressilator	E	cI	F	cI represses LacI		proceeds	med	none	unlabeled process step
synthetic_repressilator	F	cI represses LacI	A	LacI	⊣	represses	high	1	Rule1 explicit bar-head inhibition
synthetic_stricker_oscillator	B	Hybrid promoter Plac/ara	C	AraC activator		proceeds	med	none	unlabeled process step
synthetic_stricker_oscillator	B	Hybrid promoter Plac/ara	E	LacI repressor		proceeds	med	none	unlabeled process step
synthetic_stricker_oscillator	C	AraC activator	D	AraC activates promoter		activates	med	none	regulator changes target capacity
synthetic_stricker_oscillator	D	AraC activates promoter	B	Hybrid promoter Plac/ara	+	activates	high	1	Rule1 explicit Activates/+ marker
synthetic_stricker_oscillator	E	LacI repressor	F	LacI represses promoter		proceeds	med	none	unlabeled process step
synthetic_stricker_oscillator	F	LacI represses promoter	B	Hybrid promoter Plac/ara	⊣	represses	high	1	Rule1 explicit bar-head inhibition
synthetic_synchronized_qs_oscillator	B	LuxI makes AHL	C	AHL diffuses + synchronizes		proceeds	med	none	unlabeled process step
synthetic_synchronized_qs_oscillator	C	AHL diffuses + synchronizes	D	LuxR-AHL activates luxI		proceeds	med	none	unlabeled process step
synthetic_synchronized_qs_oscillator	C	AHL diffuses + synchronizes	E	aiiA degrades AHL, delayed		proceeds	med	none	unlabeled process step
synthetic_synchronized_qs_oscillator	D	LuxR-AHL activates luxI	B	LuxI makes AHL	+	activates	high	1	Rule1 explicit Activates/+ marker
synthetic_synchronized_qs_oscillator	E	aiiA degrades AHL, delayed	C	AHL diffuses + synchronizes	⊣ delayed	represses	high	1	Rule1 explicit bar-head inhibition
synthetic_toggle_switch	C	TetR expressed	D	TetR represses Plac		proceeds	med	none	unlabeled process step
synthetic_toggle_switch	D	TetR represses Plac	F	LacI expressed	⊣	represses	high	1	Rule1 explicit bar-head inhibition
synthetic_toggle_switch	E	LacI represses Ptet	C	TetR expressed	⊣	represses	high	1	Rule1 explicit bar-head inhibition
synthetic_toggle_switch	F	LacI expressed	E	LacI represses Ptet		proceeds	med	none	unlabeled process step
yeast_alcoholic_fermentation	AA	Phosphoglycerate Mutase GPM1-3	AB	2-Phosphoglycerate		proceeds	med	none	unlabeled process step
yeast_alcoholic_fermentation	AB	2-Phosphoglycerate	AC	Enolase ENO1/ENO2		proceeds	med	none	unlabeled process step
yeast_alcoholic_fermentation	AC	Enolase ENO1/ENO2	AD	Phosphoenolpyruvate PEP		proceeds	med	none	unlabeled process step
yeast_alcoholic_fermentation	AD	Phosphoenolpyruvate PEP	AE	Pyruvate Kinase CDC19/PYK2		proceeds	med	none	unlabeled process step
yeast_alcoholic_fermentation	AE	Pyruvate Kinase CDC19/PYK2	AF	Pyruvate + ATP		proceeds	med	none	unlabeled process step
yeast_alcoholic_fermentation	AE	Pyruvate Kinase CDC19/PYK2	AR	Net ATP Production		proceeds	med	none	unlabeled process step
yeast_alcoholic_fermentation	AF	Pyruvate + ATP	AG	OR: Oxygen Available<br/>for Respiration?		proceeds	high	none	process feeds decision gate
yeast_alcoholic_fermentation	AF	Pyruvate + ATP	AW	OR: Alternative<br/>Pyruvate Fate?		proceeds	high	none	process feeds decision gate
yeast_alcoholic_fermentation	AG	OR: Oxygen Available<br/>for Respiration?	AH	Commit to Fermentation	No O2	represses	high	2	Rule2 gate outcome No O2 -> represses
yeast_alcoholic_fermentation	AH	Commit to Fermentation	AJ	Pyruvate Decarboxylase PDC1/PDC5/PDC6		proceeds	med	none	unlabeled process step
yeast_alcoholic_fermentation	AJ	Pyruvate Decarboxylase PDC1/PDC5/PDC6	AK	Acetaldehyde + CO2		proceeds	med	none	unlabeled process step
yeast_alcoholic_fermentation	AK	Acetaldehyde + CO2	AL	AND: Acetaldehyde +<br/>NADH Available?		proceeds	high	none	process feeds decision gate
yeast_alcoholic_fermentation	AL	AND: Acetaldehyde +<br/>NADH Available?	AN	Alcohol Dehydrogenase ADH1/ADH2	Yes	activates	high	2	Rule2 gate outcome Yes -> activates
yeast_alcoholic_fermentation	AM	NADH Production from Glycolysis	AL	AND: Acetaldehyde +<br/>NADH Available?		proceeds	high	none	process feeds decision gate
yeast_alcoholic_fermentation	AN	Alcohol Dehydrogenase ADH1/ADH2	AP	NAD+ Regenerated		proceeds	med	none	unlabeled process step
yeast_alcoholic_fermentation	AP	NAD+ Regenerated	AQ	NAD+ Returns to Glycolysis		proceeds	med	none	pathway/state advances
yeast_alcoholic_fermentation	AQ	NAD+ Returns to Glycolysis	W	Glyceraldehyde-3-P Dehydrogenase TDH1-3		proceeds	med	none	pathway/state advances
yeast_alcoholic_fermentation	AR	Net ATP Production	AT	Is ATP Sufficient<br/>for Growth?		produces	med	none	material production/appearance
yeast_alcoholic_fermentation	AT	Is ATP Sufficient<br/>for Growth?	AV	Increase Glucose Uptake	No	represses	high	2	Rule2 gate outcome No -> represses
yeast_alcoholic_fermentation	AV	Increase Glucose Uptake	J	Glucose Transporters HXT1-7		proceeds	med	none	pathway/state advances
yeast_alcoholic_fermentation	AW	OR: Alternative<br/>Pyruvate Fate?	AJ	Pyruvate Decarboxylase PDC1/PDC5/PDC6	Major	activates	high	2	Rule2 gate outcome Major -> activates
yeast_alcoholic_fermentation	BK	OR: Excess NADH?	BL	Glycerol-3-P Dehydrogenase GPD1/GPD2	Yes	activates	high	2	Rule2 gate outcome Yes -> activates
yeast_alcoholic_fermentation	BL	Glycerol-3-P Dehydrogenase GPD1/GPD2	BM	Glycerol Production		proceeds	med	none	unlabeled process step
yeast_alcoholic_fermentation	BM	Glycerol Production	BN	NAD+ Regenerated		proceeds	med	none	unlabeled process step
yeast_alcoholic_fermentation	BN	NAD+ Regenerated	AQ	NAD+ Returns to Glycolysis		proceeds	med	none	pathway/state advances
yeast_alcoholic_fermentation	J	Glucose Transporters HXT1-7	K	Glucose Entry into Cytoplasm		proceeds	med	none	pathway/state advances
yeast_alcoholic_fermentation	K	Glucose Entry into Cytoplasm	L	Intracellular Glucose		proceeds	med	none	unlabeled process step
yeast_alcoholic_fermentation	L	Intracellular Glucose	M	Hexokinase HXK1/HXK2		induces	med	none	effector as signal to sensor
yeast_alcoholic_fermentation	M	Hexokinase HXK1/HXK2	N	Glucose-6-Phosphate		proceeds	med	none	unlabeled process step
yeast_alcoholic_fermentation	N	Glucose-6-Phosphate	O	Phosphoglucose Isomerase PGI1		proceeds	med	none	unlabeled process step
yeast_alcoholic_fermentation	O	Phosphoglucose Isomerase PGI1	P	Fructose-6-Phosphate		proceeds	med	none	unlabeled process step
yeast_alcoholic_fermentation	P	Fructose-6-Phosphate	Q	Phosphofructokinase PFK1/PFK2		induces	med	none	effector as signal to sensor
yeast_alcoholic_fermentation	Q	Phosphofructokinase PFK1/PFK2	R	Fructose-1,6-Bisphosphate		proceeds	med	none	unlabeled process step
yeast_alcoholic_fermentation	R	Fructose-1,6-Bisphosphate	S	Aldolase FBA1		proceeds	med	none	unlabeled process step
yeast_alcoholic_fermentation	S	Aldolase FBA1	T	Dihydroxyacetone Phosphate DHAP		proceeds	med	none	unlabeled process step
yeast_alcoholic_fermentation	S	Aldolase FBA1	U	Glyceraldehyde-3-Phosphate G3P		proceeds	med	none	unlabeled process step
yeast_alcoholic_fermentation	T	Dihydroxyacetone Phosphate DHAP	BK	OR: Excess NADH?		proceeds	high	none	process feeds decision gate
yeast_alcoholic_fermentation	T	Dihydroxyacetone Phosphate DHAP	V	Triose Phosphate Isomerase TPI1		proceeds	med	none	unlabeled process step
yeast_alcoholic_fermentation	U	Glyceraldehyde-3-Phosphate G3P	W	Glyceraldehyde-3-P Dehydrogenase TDH1-3		proceeds	med	none	unlabeled process step
yeast_alcoholic_fermentation	V	Triose Phosphate Isomerase TPI1	U	Glyceraldehyde-3-Phosphate G3P		proceeds	med	none	unlabeled process step
yeast_alcoholic_fermentation	W	Glyceraldehyde-3-P Dehydrogenase TDH1-3	AM	NADH Production from Glycolysis		proceeds	med	none	pathway/state advances
yeast_alcoholic_fermentation	W	Glyceraldehyde-3-P Dehydrogenase TDH1-3	X	1,3-Bisphosphoglycerate		proceeds	med	none	unlabeled process step
yeast_alcoholic_fermentation	X	1,3-Bisphosphoglycerate	Y	Phosphoglycerate Kinase PGK1		proceeds	med	none	unlabeled process step
yeast_alcoholic_fermentation	Y	Phosphoglycerate Kinase PGK1	Z	3-Phosphoglycerate + ATP		proceeds	med	none	unlabeled process step
yeast_alcoholic_fermentation	Z	3-Phosphoglycerate + ATP	AA	Phosphoglycerate Mutase GPM1-3		proceeds	med	none	unlabeled process step
yeast_alcoholic_fermentation	Z	3-Phosphoglycerate + ATP	AR	Net ATP Production		proceeds	med	none	unlabeled process step
yeast_autophagy	AD	Ubiquitin-like Conjugation?	AE	Atg12-Atg5 Pathway	System 1	activates	high	2	Rule2 gate outcome System 1 -> activates
yeast_autophagy	AD	Ubiquitin-like Conjugation?	AF	Atg8-PE Pathway	System 2	activates	high	2	Rule2 gate outcome System 2 -> activates
yeast_autophagy	AE	Atg12-Atg5 Pathway	AG	Atg7 E1-like Enzyme		proceeds	med	none	pathway/state advances
yeast_autophagy	AF	Atg8-PE Pathway	AM	Atg4 Protease		proceeds	med	none	pathway/state advances
yeast_autophagy	AG	Atg7 E1-like Enzyme	AH	Atg12 Activation		proceeds	med	none	unlabeled process step
yeast_autophagy	AH	Atg12 Activation	AI	Atg10 E2-like Enzyme		proceeds	med	none	unlabeled process step
yeast_autophagy	AI	Atg10 E2-like Enzyme	AJ	Atg12~Atg5 Conjugate		produces	med	none	assembly yields complex/product
yeast_autophagy	AJ	Atg12~Atg5 Conjugate	AK	Atg16 Binding		proceeds	med	none	unlabeled process step
yeast_autophagy	AK	Atg16 Binding	AL	Atg12-Atg5-Atg16 Complex		produces	med	none	assembly yields complex/product
yeast_autophagy	AL	Atg12-Atg5-Atg16 Complex	AS	E3-like Activity?		proceeds	high	none	process feeds decision gate
yeast_autophagy	AM	Atg4 Protease	AN	Atg8 Processing		proceeds	med	none	unlabeled process step
yeast_autophagy	AN	Atg8 Processing	AO	Atg8-I Exposed Glycine		proceeds	med	none	unlabeled process step
yeast_autophagy	AO	Atg8-I Exposed Glycine	AP	Atg7 E1-like		proceeds	med	none	unlabeled process step
yeast_autophagy	AP	Atg7 E1-like	AQ	Atg3 E2-like		proceeds	med	none	unlabeled process step
yeast_autophagy	AQ	Atg3 E2-like	AR	Atg8-PE Lipidation		proceeds	med	none	unlabeled process step
yeast_autophagy	AR	Atg8-PE Lipidation	AS	E3-like Activity?		proceeds	high	none	process feeds decision gate
yeast_autophagy	AS	E3-like Activity?	AT	Atg8-PE on Membranes	Enhanced	activates	high	2	Rule2 gate outcome Enhanced -> activates
yeast_autophagy	AT	Atg8-PE on Membranes	AU	Phagophore Membrane Expansion		proceeds	med	none	pathway/state advances
yeast_autophagy	AU	Phagophore Membrane Expansion	AV	Cargo Selection?		proceeds	high	none	process feeds decision gate
yeast_autophagy	AV	Cargo Selection?	AW	Bulk Autophagy	Non-selective	represses	high	2	Rule2 gate outcome Non-selective -> represses
yeast_autophagy	AV	Cargo Selection?	AX	Cargo Receptors	Selective	activates	high	2	Rule2 gate outcome Selective -> activates
yeast_autophagy	AW	Bulk Autophagy	BF	Cytoplasm Engulfment		proceeds	med	none	pathway/state advances
yeast_autophagy	AX	Cargo Receptors	AY	Selective Autophagy Type?		proceeds	high	none	process feeds decision gate
yeast_autophagy	AY	Selective Autophagy Type?	AZ	Atg32 Receptor	Mitophagy	activates	high	2	Rule2 gate outcome Mitophagy -> activates
yeast_autophagy	AY	Selective Autophagy Type?	BA	Atg30 Receptor	Pexophagy	activates	high	2	Rule2 gate outcome Pexophagy -> activates
yeast_autophagy	AY	Selective Autophagy Type?	BB	Atg19 Receptor	Cvt Pathway	activates	high	2	Rule2 gate outcome Cvt Pathway -> activates
yeast_autophagy	AZ	Atg32 Receptor	BC	Mitochondria Sequestration		proceeds	med	none	unlabeled process step
yeast_autophagy	BA	Atg30 Receptor	BD	Peroxisome Sequestration		proceeds	med	none	unlabeled process step
yeast_autophagy	BB	Atg19 Receptor	BE	Ape1 Precursor Sequestration		proceeds	med	none	unlabeled process step
yeast_autophagy	BC	Mitochondria Sequestration	BF	Cytoplasm Engulfment		proceeds	med	none	unlabeled process step
yeast_autophagy	BD	Peroxisome Sequestration	BF	Cytoplasm Engulfment		proceeds	med	none	unlabeled process step
yeast_autophagy	BE	Ape1 Precursor Sequestration	BF	Cytoplasm Engulfment		proceeds	med	none	unlabeled process step
yeast_autophagy	BF	Cytoplasm Engulfment	BG	Autophagosome Closure?		proceeds	high	none	process feeds decision gate
yeast_autophagy	BG	Autophagosome Closure?	BH	Atg4 Delipidation	Atg8-PE Removal	activates	high	2	Rule2 gate outcome Atg8-PE Removal -> activates
yeast_autophagy	BH	Atg4 Delipidation	BI	Sealed Autophagosome		proceeds	med	none	unlabeled process step
yeast_autophagy	BI	Sealed Autophagosome	BJ	Vacuole Fusion?		proceeds	high	none	process feeds decision gate
yeast_autophagy	BJ	Vacuole Fusion?	BK	Vam3 Vam7 Vti1	SNARE Complex	activates	high	2	Rule2 gate outcome SNARE Complex -> activates
yeast_autophagy	BJ	Vacuole Fusion?	BL	Ypt7	Rab GTPase	activates	high	2	Rule2 gate outcome Rab GTPase -> activates
yeast_autophagy	BJ	Vacuole Fusion?	BM	HOPS Complex	Tethering	activates	high	2	Rule2 gate outcome Tethering -> activates
yeast_autophagy	BK	Vam3 Vam7 Vti1	BN	Fusion Machinery Assembly?		proceeds	high	none	process feeds decision gate
yeast_autophagy	BL	Ypt7	BN	Fusion Machinery Assembly?		proceeds	high	none	process feeds decision gate
yeast_autophagy	BM	HOPS Complex	BN	Fusion Machinery Assembly?		proceeds	high	none	process feeds decision gate
yeast_autophagy	BN	Fusion Machinery Assembly?	BO	Membrane Fusion	Complete	activates	high	2	Rule2 gate outcome Complete -> activates
yeast_autophagy	BO	Membrane Fusion	BP	Autophagic Body in Vacuole		proceeds	med	none	pathway/state advances
yeast_autophagy	BP	Autophagic Body in Vacuole	BQ	Vacuolar Hydrolases		proceeds	med	none	unlabeled process step
yeast_autophagy	BQ	Vacuolar Hydrolases	BR	Cargo Degradation?		proceeds	high	none	process feeds decision gate
yeast_autophagy	BR	Cargo Degradation?	BS	Pep4 Prb1	Proteases	activates	high	2	Rule2 gate outcome Proteases -> activates
yeast_autophagy	BS	Pep4 Prb1	BU	Amino Acid Release		proceeds	med	none	unlabeled process step
yeast_autophagy	BU	Amino Acid Release	BW	Nutrient Recycling		proceeds	med	none	pathway/state advances
yeast_autophagy	BW	Nutrient Recycling	BX	Cellular Metabolism		proceeds	med	none	pathway/state advances
yeast_autophagy	BX	Cellular Metabolism	BY	Cell Survival?		proceeds	high	none	process feeds decision gate
yeast_autophagy	BY	Cell Survival?	CA	Sustained Autophagy	Continued Starvation	activates	high	2	Rule2 gate outcome Continued Starvation -> activates
yeast_autophagy	CA	Sustained Autophagy	D	Autophagy Induction		proceeds	med	none	pathway/state advances
yeast_autophagy	D	Autophagy Induction	E	Atg1 Kinase Complex		proceeds	med	none	pathway/state advances
yeast_autophagy	E	Atg1 Kinase Complex	F	Atg1 Atg13 Atg17 Atg29 Atg31		proceeds	med	none	unlabeled process step
yeast_autophagy	F	Atg1 Atg13 Atg17 Atg29 Atg31	G	Atg1 Activation?		proceeds	high	none	process feeds decision gate
yeast_autophagy	G	Atg1 Activation?	H	Active Atg1 Complex	Dephosphorylated Atg13	activates	high	2	Rule2 gate outcome Dephosphorylated Atg13 -> activates
yeast_autophagy	H	Active Atg1 Complex	J	PAS Pre-Autophagosomal Structure		proceeds	med	none	unlabeled process step
yeast_autophagy	J	PAS Pre-Autophagosomal Structure	K	Membrane Source?		proceeds	high	none	process feeds decision gate
yeast_autophagy	K	Membrane Source?	L	ER-Derived Membranes	ER	activates	high	2	Rule2 gate outcome ER -> activates
yeast_autophagy	K	Membrane Source?	M	MAM Contacts	Mitochondria	activates	high	2	Rule2 gate outcome Mitochondria -> activates
yeast_autophagy	K	Membrane Source?	N	Golgi Vesicles	Golgi	activates	high	2	Rule2 gate outcome Golgi -> activates
yeast_autophagy	L	ER-Derived Membranes	O	Membrane Nucleation		proceeds	med	none	pathway/state advances
yeast_autophagy	M	MAM Contacts	O	Membrane Nucleation		proceeds	med	none	pathway/state advances
yeast_autophagy	N	Golgi Vesicles	O	Membrane Nucleation		proceeds	med	none	pathway/state advances
yeast_autophagy	O	Membrane Nucleation	P	PI3K Complex I		proceeds	med	none	pathway/state advances
yeast_autophagy	P	PI3K Complex I	Q	Vps34 Vps15 Atg6 Atg14		proceeds	med	none	unlabeled process step
yeast_autophagy	Q	Vps34 Vps15 Atg6 Atg14	R	PI3P Generation?		proceeds	high	none	process feeds decision gate
yeast_autophagy	R	PI3P Generation?	S	PI3P Enrichment at PAS	Active	activates	high	2	Rule2 gate outcome Active -> activates
yeast_autophagy	S	PI3P Enrichment at PAS	AD	Ubiquitin-like Conjugation?		proceeds	high	none	process feeds decision gate
yeast_cell_cycle_checkpoints	AD	Rad53 Active	BY	Positive Feedback Loop		proceeds	med	none	unlabeled process step
yeast_cell_cycle_checkpoints	BP	Maintain Arrest	BU	Prolonged<br/>Arrest?		proceeds	high	none	process feeds decision gate
yeast_cell_cycle_checkpoints	BU	Prolonged<br/>Arrest?	BP	Maintain Arrest	No	activates	high	2	Rule2 gate outcome No -> activates
yeast_cell_cycle_checkpoints	BY	Positive Feedback Loop	BZ	More Rad53 Activation		proceeds	med	none	unlabeled process step
yeast_cell_cycle_checkpoints	BZ	More Rad53 Activation	AD	Rad53 Active		proceeds	med	none	unlabeled process step
yeast_cell_cycle_checkpoints	CI	Cell Cycle Arrest	CJ	Checkpoint<br/>Satisfied?		proceeds	high	none	process feeds decision gate
yeast_cell_cycle_checkpoints	CJ	Checkpoint<br/>Satisfied?	CI	Cell Cycle Arrest	No	activates	high	2	Rule2 gate outcome No -> activates
yeast_chromatin_silencing	AO	Adjacent Nucleosome	AP	Sir2 Deacetylates Next H4		proceeds	med	none	unlabeled process step
yeast_chromatin_silencing	AP	Sir2 Deacetylates Next H4	AQ	Sir3/4 Binds Next Nucleosome		modifies	med	none	covalent modification event
yeast_chromatin_silencing	AQ	Sir3/4 Binds Next Nucleosome	AR	Spreading Continues		proceeds	med	none	unlabeled process step
yeast_chromatin_silencing	AR	Spreading Continues	AS	OR: Continue<br/>Spreading?		proceeds	high	none	process feeds decision gate
yeast_chromatin_silencing	AS	OR: Continue<br/>Spreading?	AO	Adjacent Nucleosome	Yes - More Nucleosomes	activates	high	2	Rule2 gate outcome Yes - More Nucleosomes -> activates
yeast_er_stress_response	BF	Sustained UPR	BN	Chronic ER Stress		proceeds	med	none	unlabeled process step
yeast_er_stress_response	BN	Chronic ER Stress	BO	OR: Apoptosis<br/>Pathway?		proceeds	high	none	process feeds decision gate
yeast_er_stress_response	BO	OR: Apoptosis<br/>Pathway?	BF	Sustained UPR	No	represses	high	2	Rule2 gate outcome No -> represses
yeast_gal_bistable_switch	B	Gal3p activated	C	Sequesters Gal80p repressor		sequesters	high	none	physical sequestration/binding
yeast_gal_bistable_switch	C	Sequesters Gal80p repressor	D	Gal4p activator freed	⊣ Gal80	sequesters	high	1	Rule1 bar-head sequestration mechanism
yeast_gal_bistable_switch	D	Gal4p activator freed	E	GAL gene transcription		activates	med	none	regulator changes target capacity
yeast_gal_bistable_switch	E	GAL gene transcription	F	Induces GAL3 + GAL2 feedback		proceeds	med	none	unlabeled process step
yeast_gal_bistable_switch	F	Induces GAL3 + GAL2 feedback	B	Gal3p activated	+	activates	high	1	Rule1 explicit Activates/+ marker
yeast_hog_pathway	A27	Ste20-Ste50-Ste11 complex assembled?	Wait1	Wait for assembly	Missing component	activates	high	2	Rule2 gate outcome Missing component -> activates
yeast_hog_pathway	A36	Hog1 MAPK available?	Wait2	Wait for Hog1	No	activates	high	2	Rule2 gate outcome No -> activates
yeast_hog_pathway	Wait1	Wait for assembly	A27	Ste20-Ste50-Ste11 complex assembled?		proceeds	high	none	process feeds decision gate
yeast_hog_pathway	Wait2	Wait for Hog1	A36	Hog1 MAPK available?		proceeds	high	none	process feeds decision gate
yeast_mating_response	AY	Mating Projection Growth?	AZ	Elongated Shmoo	Continuous	activates	high	2	Rule2 gate outcome Continuous -> activates
yeast_mating_response	AZ	Elongated Shmoo	BB	Partner Contact?		proceeds	high	none	process feeds decision gate
yeast_mating_response	BB	Partner Contact?	AY	Mating Projection Growth?	No	represses	high	2	Rule2 gate outcome No -> represses
yeast_nitrogen_metabolism	AA	Gat1 Nuclear Entry	AB	AND: GATA Sites<br/>in Promoters?		proceeds	high	none	process feeds decision gate
yeast_nitrogen_metabolism	AB	AND: GATA Sites<br/>in Promoters?	AD	NCR Gene Activation	Yes	activates	high	2	Rule2 gate outcome Yes -> activates
yeast_nitrogen_metabolism	AD	NCR Gene Activation	AE	OR: Which<br/>Gene Class?		proceeds	high	none	process feeds decision gate
yeast_nitrogen_metabolism	AE	OR: Which<br/>Gene Class?	AF	GAP1 - General AA Permease	Permeases	activates	high	2	Rule2 gate outcome Permeases -> activates
yeast_nitrogen_metabolism	AE	OR: Which<br/>Gene Class?	AG	PUT1/2 - Proline Utilization	Proline	activates	high	2	Rule2 gate outcome Proline -> activates
yeast_nitrogen_metabolism	AE	OR: Which<br/>Gene Class?	AH	DUR1,2 - Urea Degradation	Urea	activates	high	2	Rule2 gate outcome Urea -> activates
yeast_nitrogen_metabolism	AE	OR: Which<br/>Gene Class?	AI	DAL Genes - Allantoin Use	Allantoin	activates	high	2	Rule2 gate outcome Allantoin -> activates
yeast_nitrogen_metabolism	AE	OR: Which<br/>Gene Class?	AJ	UGA Genes - GABA Catabolism	GABA	activates	high	2	Rule2 gate outcome GABA -> activates
yeast_nitrogen_metabolism	AF	GAP1 - General AA Permease	AK	Gap1 Production		proceeds	med	none	unlabeled process step
yeast_nitrogen_metabolism	AG	PUT1/2 - Proline Utilization	AN	Put1 Proline Oxidase		proceeds	med	none	unlabeled process step
yeast_nitrogen_metabolism	AH	DUR1,2 - Urea Degradation	AQ	Dur1,2 Urea Amidolyase		proceeds	med	none	unlabeled process step
yeast_nitrogen_metabolism	AI	DAL Genes - Allantoin Use	AS	DAL1-7 Enzymes		proceeds	med	none	unlabeled process step
yeast_nitrogen_metabolism	AJ	UGA Genes - GABA Catabolism	AU	UGA1-4 Enzymes		proceeds	med	none	unlabeled process step
yeast_nitrogen_metabolism	AK	Gap1 Production	AL	Broad Amino Acid Uptake		proceeds	med	none	unlabeled process step
yeast_nitrogen_metabolism	AL	Broad Amino Acid Uptake	AM	Nitrogen Acquired		proceeds	med	none	unlabeled process step
yeast_nitrogen_metabolism	AM	Nitrogen Acquired	AX	OR: Nitrogen<br/>Sufficient?		proceeds	high	none	process feeds decision gate
yeast_nitrogen_metabolism	AN	Put1 Proline Oxidase	AO	Put2 P5C Dehydrogenase		proceeds	med	none	unlabeled process step
yeast_nitrogen_metabolism	AO	Put2 P5C Dehydrogenase	AP	Proline → Glutamate		proceeds	med	none	unlabeled process step
yeast_nitrogen_metabolism	AP	Proline → Glutamate	AM	Nitrogen Acquired		proceeds	med	none	unlabeled process step
yeast_nitrogen_metabolism	AQ	Dur1,2 Urea Amidolyase	AR	Urea → 2 NH3 + CO2		proceeds	med	none	unlabeled process step
yeast_nitrogen_metabolism	AR	Urea → 2 NH3 + CO2	AM	Nitrogen Acquired		proceeds	med	none	unlabeled process step
yeast_nitrogen_metabolism	AS	DAL1-7 Enzymes	AT	Allantoin → Urea		proceeds	med	none	unlabeled process step
yeast_nitrogen_metabolism	AT	Allantoin → Urea	AQ	Dur1,2 Urea Amidolyase		proceeds	med	none	unlabeled process step
yeast_nitrogen_metabolism	AU	UGA1-4 Enzymes	AV	GABA → Succinate		proceeds	med	none	unlabeled process step
yeast_nitrogen_metabolism	AV	GABA → Succinate	AW	Enter TCA Cycle		proceeds	med	none	pathway/state advances
yeast_nitrogen_metabolism	AW	Enter TCA Cycle	AM	Nitrogen Acquired		proceeds	med	none	pathway/state advances
yeast_nitrogen_metabolism	AX	OR: Nitrogen<br/>Sufficient?	AY	Continue NCR	No	represses	high	2	Rule2 gate outcome No -> represses
yeast_nitrogen_metabolism	AX	OR: Nitrogen<br/>Sufficient?	F	Amino Acid Abundance	Yes	activates	high	2	Rule2 gate outcome Yes -> activates
yeast_nitrogen_metabolism	AY	Continue NCR	AE	OR: Which<br/>Gene Class?		proceeds	high	none	process feeds decision gate
yeast_nitrogen_metabolism	AZ	AND: Rapamycin<br/>Present?	BA	TORC1 Inhibited	Yes	activates	high	2	Rule2 gate outcome Yes -> activates
yeast_nitrogen_metabolism	AZ	AND: Rapamycin<br/>Present?	J	TORC1 Activation	No	represses	high	2	Rule2 gate outcome No -> represses
yeast_nitrogen_metabolism	BA	TORC1 Inhibited	T	TORC1 Inactivation		proceeds	med	none	unlabeled process step
yeast_nitrogen_metabolism	F	Amino Acid Abundance	G	Gtr1/Gtr2 Rag GTPases		proceeds	med	none	unlabeled process step
yeast_nitrogen_metabolism	G	Gtr1/Gtr2 Rag GTPases	H	EGO Complex		proceeds	med	none	unlabeled process step
yeast_nitrogen_metabolism	H	EGO Complex	I	TORC1 Recruitment to Vacuole		proceeds	med	none	unlabeled process step
yeast_nitrogen_metabolism	I	TORC1 Recruitment to Vacuole	AZ	AND: Rapamycin<br/>Present?		proceeds	high	none	process feeds decision gate
yeast_nitrogen_metabolism	I	TORC1 Recruitment to Vacuole	J	TORC1 Activation		proceeds	med	none	unlabeled process step
yeast_nitrogen_metabolism	J	TORC1 Activation	K	Sch9 Kinase Phosphorylation		proceeds	med	none	unlabeled process step
yeast_nitrogen_metabolism	K	Sch9 Kinase Phosphorylation	L	Tap42-PP2A Phosphatase Active		activates	med	none	regulator changes target capacity
yeast_nitrogen_metabolism	L	Tap42-PP2A Phosphatase Active	M	Gln3 Phosphorylation		activates	med	none	regulator changes target capacity
yeast_nitrogen_metabolism	M	Gln3 Phosphorylation	N	Gln3-Ure2 Complex Formation		modifies	med	none	covalent modification event
yeast_nitrogen_metabolism	N	Gln3-Ure2 Complex Formation	O	AND: Ure2<br/>Binding?		proceeds	high	none	process feeds decision gate
yeast_nitrogen_metabolism	O	AND: Ure2<br/>Binding?	P	Gln3 Nuclear Entry	No	represses	high	2	Rule2 gate outcome No -> represses
yeast_nitrogen_metabolism	P	Gln3 Nuclear Entry	AB	AND: GATA Sites<br/>in Promoters?		proceeds	high	none	process feeds decision gate
yeast_nitrogen_metabolism	T	TORC1 Inactivation	U	Sch9 Dephosphorylation		proceeds	med	none	unlabeled process step
yeast_nitrogen_metabolism	U	Sch9 Dephosphorylation	V	Tap42-PP2A Inactivation		modifies	med	none	covalent modification event
yeast_nitrogen_metabolism	V	Tap42-PP2A Inactivation	W	Sit4 Phosphatase Activation		proceeds	med	none	unlabeled process step
yeast_nitrogen_metabolism	W	Sit4 Phosphatase Activation	X	Gln3 Dephosphorylation		activates	med	none	regulator changes target capacity
yeast_nitrogen_metabolism	X	Gln3 Dephosphorylation	Y	Ure2 Dissociation		modifies	med	none	covalent modification event
yeast_nitrogen_metabolism	X	Gln3 Dephosphorylation	Z	Gat1 Dephosphorylation		modifies	med	none	covalent modification event
yeast_nitrogen_metabolism	Y	Ure2 Dissociation	P	Gln3 Nuclear Entry		proceeds	med	none	unlabeled process step
yeast_nitrogen_metabolism	Z	Gat1 Dephosphorylation	AA	Gat1 Nuclear Entry		modifies	med	none	covalent modification event
yeast_osmotic_stress_response	AC	Glycerol-3-Phosphate (G3P)	BA	Gpp1/Gpp2 Enzymes		proceeds	med	none	unlabeled process step
yeast_osmotic_stress_response	AD	Glycerol Synthesis	AE	Intracellular Glycerol Accumulation		proceeds	med	none	unlabeled process step
yeast_osmotic_stress_response	AE	Intracellular Glycerol Accumulation	AI_AH	Cell Turgor & Volume Restoration		proceeds	med	none	unlabeled process step
yeast_osmotic_stress_response	AF	Fps1 Aquaglyceroporin Closure	AE	Intracellular Glycerol Accumulation		proceeds	med	none	unlabeled process step
yeast_osmotic_stress_response	AI_AH	Cell Turgor & Volume Restoration	AM	AM		proceeds	med	none	unlabeled process step
yeast_osmotic_stress_response	AK	Protein Aggregation Prevention HSPs	AM	AM		proceeds	med	none	unlabeled process step
yeast_osmotic_stress_response	AL	General Stress Response Pathway	AM	AM		proceeds	med	none	pathway/state advances
yeast_osmotic_stress_response	AM	AM	AR	Osmotic Stress Resolved?		proceeds	high	none	process feeds decision gate
yeast_osmotic_stress_response	AR	Osmotic Stress Resolved?	AS	Continued Stress Response	No	represses	high	2	Rule2 gate outcome No -> represses
yeast_osmotic_stress_response	AS	Continued Stress Response	F	Osmosensor Activation		induces	med	none	effector as signal to sensor
yeast_osmotic_stress_response	AZ	Gpd1 Enzyme	AC	Glycerol-3-Phosphate (G3P)		proceeds	med	none	unlabeled process step
yeast_osmotic_stress_response	BA	Gpp1/Gpp2 Enzymes	AD	Glycerol Synthesis		proceeds	med	none	unlabeled process step
yeast_osmotic_stress_response	BB	Stl1 Transporter	AE	Intracellular Glycerol Accumulation		proceeds	med	none	pathway/state advances
yeast_osmotic_stress_response	BC	Fps1 Aquaglyceroporin	AF	Fps1 Aquaglyceroporin Closure		proceeds	med	none	unlabeled process step
yeast_osmotic_stress_response	BD	Hot1 Binds DNA	S	Gene Expression Changes		proceeds	med	none	unlabeled process step
yeast_osmotic_stress_response	BE	Sko1 Binds DNA	S	Gene Expression Changes		proceeds	med	none	unlabeled process step
yeast_osmotic_stress_response	BF	Msn2/Msn4 Binds DNA	S	Gene Expression Changes		proceeds	med	none	unlabeled process step
yeast_osmotic_stress_response	BJ	Trehalose Accumulation	AM	AM		proceeds	med	none	unlabeled process step
yeast_osmotic_stress_response	BL	Trehalose Synthase Activation	BJ	Trehalose Accumulation		proceeds	med	none	unlabeled process step
yeast_osmotic_stress_response	BO	Pbs2 MAPKK	L	Pbs2 MAPKK Phosphorylation		proceeds	med	none	unlabeled process step
yeast_osmotic_stress_response	BP	Hog1 MAPK	M	Hog1 MAPK Phosphorylation		proceeds	med	none	unlabeled process step
yeast_osmotic_stress_response	BS	Sho1 Sensor	G	Sho1-Msb2 Complex Activation		activates	med	none	regulator changes target capacity
yeast_osmotic_stress_response	BU	Sln1 Sensor	H	Sln1 Histidine Kinase Inactivation		represses	med	none	regulator drives inhibitory state
yeast_osmotic_stress_response	F	Osmosensor Activation	BS	Sho1 Sensor		proceeds	med	none	unlabeled process step
yeast_osmotic_stress_response	F	Osmosensor Activation	BU	Sln1 Sensor		proceeds	med	none	unlabeled process step
yeast_osmotic_stress_response	G	Sho1-Msb2 Complex Activation	I	Ste20 MAPKKK Activation		proceeds	med	none	unlabeled process step
yeast_osmotic_stress_response	H	Sln1 Histidine Kinase Inactivation	J	Ssk1 Response Regulator Activation		activates	med	none	regulator changes target capacity
yeast_osmotic_stress_response	I	Ste20 MAPKKK Activation	BO	Pbs2 MAPKK		proceeds	med	none	unlabeled process step
yeast_osmotic_stress_response	J	Ssk1 Response Regulator Activation	K	Ssk2/Ssk22 MAPKKK Activation		proceeds	med	none	unlabeled process step
yeast_osmotic_stress_response	K	Ssk2/Ssk22 MAPKKK Activation	BO	Pbs2 MAPKK		proceeds	med	none	unlabeled process step
yeast_osmotic_stress_response	L	Pbs2 MAPKK Phosphorylation	BP	Hog1 MAPK		modifies	med	none	covalent modification event
yeast_osmotic_stress_response	M	Hog1 MAPK Phosphorylation	N	P-Hog1 Cytoplasmic-Nuclear Translocation		modifies	med	none	covalent modification event
yeast_osmotic_stress_response	N	P-Hog1 Cytoplasmic-Nuclear Translocation	O	P-Hog1 Regulates Transcription Factors		proceeds	med	none	unlabeled process step
yeast_osmotic_stress_response	O	P-Hog1 Regulates Transcription Factors	P	Hot1 TF Activation		activates	med	none	regulator changes target capacity
yeast_osmotic_stress_response	O	P-Hog1 Regulates Transcription Factors	Q	Sko1 TF Activation		activates	med	none	regulator changes target capacity
yeast_osmotic_stress_response	O	P-Hog1 Regulates Transcription Factors	R	Msn2/Msn4 TF Activation		activates	med	none	regulator changes target capacity
yeast_osmotic_stress_response	P	Hot1 TF Activation	BD	Hot1 Binds DNA		proceeds	med	none	unlabeled process step
yeast_osmotic_stress_response	Q	Sko1 TF Activation	BE	Sko1 Binds DNA		proceeds	med	none	unlabeled process step
yeast_osmotic_stress_response	R	Msn2/Msn4 TF Activation	AL	General Stress Response Pathway		activates	med	none	activation enables downstream process
yeast_osmotic_stress_response	R	Msn2/Msn4 TF Activation	BF	Msn2/Msn4 Binds DNA		proceeds	med	none	unlabeled process step
yeast_osmotic_stress_response	S	Gene Expression Changes	T_U	Glycerol Synthesis Enzyme Upregulation		proceeds	med	none	unlabeled process step
yeast_osmotic_stress_response	S	Gene Expression Changes	V	Upregulation of STL1		proceeds	med	none	unlabeled process step
yeast_osmotic_stress_response	S	Gene Expression Changes	W	Regulation of FPS1 Expression		proceeds	med	none	unlabeled process step
yeast_osmotic_stress_response	S	Gene Expression Changes	X	Upregulation of HSPs		proceeds	med	none	unlabeled process step
yeast_osmotic_stress_response	S	Gene Expression Changes	Y	Upregulation of Trehalose Synthesis Genes		proceeds	med	none	unlabeled process step
yeast_osmotic_stress_response	T_U	Glycerol Synthesis Enzyme Upregulation	AZ	Gpd1 Enzyme		proceeds	med	none	unlabeled process step
yeast_osmotic_stress_response	T_U	Glycerol Synthesis Enzyme Upregulation	BA	Gpp1/Gpp2 Enzymes		proceeds	med	none	unlabeled process step
yeast_osmotic_stress_response	V	Upregulation of STL1	BB	Stl1 Transporter		produces	high	3	Rule3 expression yields own machinery
yeast_osmotic_stress_response	W	Regulation of FPS1 Expression	BC	Fps1 Aquaglyceroporin		proceeds	med	none	unlabeled process step
yeast_osmotic_stress_response	X	Upregulation of HSPs	AK	Protein Aggregation Prevention HSPs		produces	high	3	Rule3 expression yields own machinery
yeast_osmotic_stress_response	Y	Upregulation of Trehalose Synthesis Genes	BL	Trehalose Synthase Activation		produces	high	3	Rule3 expression yields own machinery
yeast_protein_folding	AA	Re-engagement with ER Chaperones	Q	ER Chaperone-Assisted Folding Cycles		proceeds	med	none	pathway/state advances
yeast_protein_folding	AB	Persistent Misfolded ER Protein	AC	ER Stress High (UPR Triggered)?		proceeds	high	none	process feeds decision gate
yeast_protein_folding	AC	ER Stress High (UPR Triggered)?	AE	Increased Chaperone & ERAD Component Synthesis	Yes	activates	high	2	Rule2 gate outcome Yes -> activates
yeast_protein_folding	AE	Increased Chaperone & ERAD Component Synthesis	Q	ER Chaperone-Assisted Folding Cycles		proceeds	med	none	pathway/state advances
yeast_protein_folding	AM	Initial Cytosolic Folding Assistance	AN	Protein Properly Folded in Cytosol?		proceeds	high	none	process feeds decision gate
yeast_protein_folding	AN	Protein Properly Folded in Cytosol?	AP	Misfolded Cytosolic Protein	No	represses	high	2	Rule2 gate outcome No -> represses
yeast_protein_folding	AP	Misfolded Cytosolic Protein	AQ	Can be Refolded by Cytosolic Chaperones?		proceeds	high	none	process feeds decision gate
yeast_protein_folding	AQ	Can be Refolded by Cytosolic Chaperones?	AR	Cytosolic Chaperone Re-engagement	Yes	activates	high	2	Rule2 gate outcome Yes -> activates
yeast_protein_folding	AR	Cytosolic Chaperone Re-engagement	AM	Initial Cytosolic Folding Assistance		proceeds	med	none	unlabeled process step
yeast_protein_folding	Q	ER Chaperone-Assisted Folding Cycles	R	Protein Properly Folded in ER?		proceeds	high	none	process feeds decision gate
yeast_protein_folding	R	Protein Properly Folded in ER?	T	Misfolded Protein in ER	No	represses	high	2	Rule2 gate outcome No -> represses
yeast_protein_folding	T	Misfolded Protein in ER	Z	Can be Refolded by ER Chaperones?		proceeds	high	none	process feeds decision gate
yeast_protein_folding	Z	Can be Refolded by ER Chaperones?	AA	Re-engagement with ER Chaperones	Yes	activates	high	2	Rule2 gate outcome Yes -> activates
yeast_protein_folding	Z	Can be Refolded by ER Chaperones?	AB	Persistent Misfolded ER Protein	No	represses	high	2	Rule2 gate outcome No -> represses
yeast_snf1_pathway	BN	Snf1 Autophosphorylation	BO	Enhanced Activity		modifies	med	none	covalent modification event
yeast_snf1_pathway	BO	Enhanced Activity	Z	Snf1 Activated		proceeds	med	none	unlabeled process step
yeast_snf1_pathway	Z	Snf1 Activated	BN	Snf1 Autophosphorylation		proceeds	med	none	unlabeled process step
yeast_sup35_prion	C	Prion seed templates conversion	D	Sup35 amyloid, PSI+		proceeds	med	none	unlabeled process step
yeast_sup35_prion	D	Sup35 amyloid, PSI+	C	Prion seed templates conversion	+ self-template	activates	high	1	Rule1 explicit Activates/+ marker
yeast_tor_signaling	A18	TORC1 components assembled?	Wait1	Wait for assembly	Missing component	activates	high	2	Rule2 gate outcome Missing component -> activates
yeast_tor_signaling	Wait1	Wait for assembly	A18	TORC1 components assembled?		proceeds	high	none	process feeds decision gate
yeast_ubiquitin_proteasome	AB	Continue<br/>Ubiquitination?	AC	K48-Linked Chain Extension	Yes	activates	high	2	Rule2 gate outcome Yes -> activates
yeast_ubiquitin_proteasome	AC	K48-Linked Chain Extension	AD	Polyubiquitin Chain		proceeds	med	none	unlabeled process step
yeast_ubiquitin_proteasome	AD	Polyubiquitin Chain	AE	Chain Length<br/>≥ 4 Ubiquitins?		modifies	med	none	covalent modification event
yeast_ubiquitin_proteasome	AE	Chain Length<br/>≥ 4 Ubiquitins?	AB	Continue<br/>Ubiquitination?	No	represses	high	2	Rule2 gate outcome No -> represses
yeast_unfolded_protein_response	AA	Second Cleavage	AB	3' Splice Site		proceeds	med	none	unlabeled process step
yeast_unfolded_protein_response	AB	3' Splice Site	AC	Intron Excision		proceeds	med	none	unlabeled process step
yeast_unfolded_protein_response	AC	Intron Excision	AD	tRNA Ligase Rlg1		proceeds	med	none	unlabeled process step
yeast_unfolded_protein_response	AD	tRNA Ligase Rlg1	AE	Exon Ligation		proceeds	med	none	unlabeled process step
yeast_unfolded_protein_response	AE	Exon Ligation	AF	HAC1i Spliced mRNA		proceeds	med	none	unlabeled process step
yeast_unfolded_protein_response	AF	HAC1i Spliced mRNA	AG	Translation?		proceeds	high	none	process feeds decision gate
yeast_unfolded_protein_response	AG	Translation?	AH	Hac1p Protein	Ribosomes	activates	high	2	Rule2 gate outcome Ribosomes -> activates
yeast_unfolded_protein_response	AH	Hac1p Protein	AJ	Hac1p Transcription Factor		proceeds	med	none	unlabeled process step
yeast_unfolded_protein_response	AJ	Hac1p Transcription Factor	AK	Nuclear Localization?		proceeds	high	none	process feeds decision gate
yeast_unfolded_protein_response	AK	Nuclear Localization?	AL	Nuclear Import	NLS	activates	high	2	Rule2 gate outcome NLS -> activates
yeast_unfolded_protein_response	AL	Nuclear Import	AM	UPRE Binding		proceeds	med	none	unlabeled process step
yeast_unfolded_protein_response	AM	UPRE Binding	AN	UPR Target Genes?		proceeds	high	none	process feeds decision gate
yeast_unfolded_protein_response	AN	UPR Target Genes?	AO	KAR2 PDI1 LHS1	Chaperones	activates	high	2	Rule2 gate outcome Chaperones -> activates
yeast_unfolded_protein_response	AN	UPR Target Genes?	AP	EUG1 MPD1 MPD2	Folding Enzymes	activates	high	2	Rule2 gate outcome Folding Enzymes -> activates
yeast_unfolded_protein_response	AN	UPR Target Genes?	AQ	DER1 HRD1 USA1	ERAD Components	activates	high	2	Rule2 gate outcome ERAD Components -> activates
yeast_unfolded_protein_response	AN	UPR Target Genes?	AR	INO1 OPI3	Lipid Synthesis	activates	high	2	Rule2 gate outcome Lipid Synthesis -> activates
yeast_unfolded_protein_response	AN	UPR Target Genes?	AS	Membrane Biogenesis	ER Expansion	activates	high	2	Rule2 gate outcome ER Expansion -> activates
yeast_unfolded_protein_response	AO	KAR2 PDI1 LHS1	AT	Enhanced Chaperone Capacity		proceeds	med	none	unlabeled process step
yeast_unfolded_protein_response	AP	EUG1 MPD1 MPD2	AV	Disulfide Bond Formation		proceeds	med	none	unlabeled process step
yeast_unfolded_protein_response	AQ	DER1 HRD1 USA1	AW	ERAD Pathway?		proceeds	high	none	process feeds decision gate
yeast_unfolded_protein_response	AR	INO1 OPI3	BB	Phospholipid Synthesis		proceeds	med	none	unlabeled process step
yeast_unfolded_protein_response	AS	Membrane Biogenesis	BB	Phospholipid Synthesis		proceeds	med	none	pathway/state advances
yeast_unfolded_protein_response	AT	Enhanced Chaperone Capacity	AU	Improved Protein Folding		proceeds	med	none	unlabeled process step
yeast_unfolded_protein_response	AU	Improved Protein Folding	BE	Protein Folding Success?		proceeds	high	none	process feeds decision gate
yeast_unfolded_protein_response	AV	Disulfide Bond Formation	AU	Improved Protein Folding		proceeds	med	none	unlabeled process step
yeast_unfolded_protein_response	AW	ERAD Pathway?	AX	Misfolded Protein Detection	Recognition	activates	high	2	Rule2 gate outcome Recognition -> activates
yeast_unfolded_protein_response	AX	Misfolded Protein Detection	AY	Retrotranslocation		proceeds	med	none	unlabeled process step
yeast_unfolded_protein_response	AY	Retrotranslocation	AZ	Ubiquitination		proceeds	med	none	unlabeled process step
yeast_unfolded_protein_response	AZ	Ubiquitination	BA	Proteasomal Degradation		modifies	med	none	covalent modification event
yeast_unfolded_protein_response	BA	Proteasomal Degradation	BH	Reduced ER Load		proceeds	med	none	unlabeled process step
yeast_unfolded_protein_response	BB	Phospholipid Synthesis	BC	ER Membrane Expansion		proceeds	med	none	pathway/state advances
yeast_unfolded_protein_response	BC	ER Membrane Expansion	BD	Increased ER Volume		proceeds	med	none	pathway/state advances
yeast_unfolded_protein_response	BD	Increased ER Volume	BI	ER Stress Resolution?		proceeds	high	none	process feeds decision gate
yeast_unfolded_protein_response	BE	Protein Folding Success?	AW	ERAD Pathway?	Still Misfolded	activates	high	2	Rule2 gate outcome Still Misfolded -> activates
yeast_unfolded_protein_response	BE	Protein Folding Success?	BF	Secretory Pathway	Properly Folded	activates	high	2	Rule2 gate outcome Properly Folded -> activates
yeast_unfolded_protein_response	BF	Secretory Pathway	BG	ER Exit		proceeds	med	none	pathway/state advances
yeast_unfolded_protein_response	BG	ER Exit	BI	ER Stress Resolution?		proceeds	high	none	process feeds decision gate
yeast_unfolded_protein_response	BH	Reduced ER Load	BI	ER Stress Resolution?		proceeds	high	none	process feeds decision gate
yeast_unfolded_protein_response	BI	ER Stress Resolution?	F	Unfolded Protein Accumulation	Stress Persists	activates	high	2	Rule2 gate outcome Stress Persists -> activates
yeast_unfolded_protein_response	F	Unfolded Protein Accumulation	H	BiP Kar2 Titration		proceeds	med	none	unlabeled process step
yeast_unfolded_protein_response	H	BiP Kar2 Titration	I	BiP Release from Ire1?		proceeds	high	none	process feeds decision gate
yeast_unfolded_protein_response	I	BiP Release from Ire1?	J	Ire1 Luminal Domain Free	BiP Sequestered	activates	high	2	Rule2 gate outcome BiP Sequestered -> activates
yeast_unfolded_protein_response	J	Ire1 Luminal Domain Free	L	Ire1 Dimerization		proceeds	med	none	unlabeled process step
yeast_unfolded_protein_response	L	Ire1 Dimerization	M	Ire1 Oligomerization		proceeds	med	none	unlabeled process step
yeast_unfolded_protein_response	M	Ire1 Oligomerization	N	Ire1 Activation?		proceeds	high	none	process feeds decision gate
yeast_unfolded_protein_response	N	Ire1 Activation?	O	Kinase Domain Active	Trans-autophosphorylation	activates	high	2	Rule2 gate outcome Trans-autophosphorylation -> activates
yeast_unfolded_protein_response	N	Ire1 Activation?	P	RNase Domain Active	Conformational Change	activates	high	2	Rule2 gate outcome Conformational Change -> activates
yeast_unfolded_protein_response	O	Kinase Domain Active	Q	Kinase Substrates?		proceeds	high	none	process feeds decision gate
yeast_unfolded_protein_response	P	RNase Domain Active	T	Active RNase Domain		proceeds	med	none	unlabeled process step
yeast_unfolded_protein_response	Q	Kinase Substrates?	R	Enhanced RNase Activity	Self-phosphorylation	activates	high	2	Rule2 gate outcome Self-phosphorylation -> activates
yeast_unfolded_protein_response	R	Enhanced RNase Activity	T	Active RNase Domain		proceeds	med	none	unlabeled process step
yeast_unfolded_protein_response	T	Active RNase Domain	U	HAC1 mRNA Recognition		proceeds	med	none	unlabeled process step
yeast_unfolded_protein_response	U	HAC1 mRNA Recognition	V	HAC1 Structure?		proceeds	high	none	process feeds decision gate
yeast_unfolded_protein_response	V	HAC1 Structure?	W	5' Exon Intron 3' Exon	Unspliced HAC1u	activates	high	2	Rule2 gate outcome Unspliced HAC1u -> activates
yeast_unfolded_protein_response	W	5' Exon Intron 3' Exon	Y	Ire1 Splicing?		proceeds	high	none	process feeds decision gate
yeast_unfolded_protein_response	Y	Ire1 Splicing?	Z	5' Splice Site	First Cleavage	activates	high	2	Rule2 gate outcome First Cleavage -> activates
yeast_unfolded_protein_response	Z	5' Splice Site	AA	Second Cleavage		proceeds	med	none	unlabeled process step
yeast_whi5_sbf_start	B	Phosphorylates Whi5	C	Whi5 exits nucleus		modifies	med	none	covalent modification event
yeast_whi5_sbf_start	C	Whi5 exits nucleus	D	SBF active		proceeds	med	none	unlabeled process step
yeast_whi5_sbf_start	D	SBF active	E	CLN1/2 transcription		proceeds	med	none	unlabeled process step
yeast_whi5_sbf_start	E	CLN1/2 transcription	F	Cln1/2-Cdk1 hyperphosphorylates Whi5		proceeds	med	none	unlabeled process step
yeast_whi5_sbf_start	F	Cln1/2-Cdk1 hyperphosphorylates Whi5	B	Phosphorylates Whi5	+	activates	high	1	Rule1 explicit Activates/+ marker
