chart_id	stored_title	stored_authors	checked_field	checked_value	flag	resolved_paper_id	resolved_title	title_similarity	has_abstract
ecoli_ara_operon	Positive and negative control of the arabinose operon	Schleif R	doi	10.1073/pnas.97.14.7643	NOT_FOUND				
ecoli_ara_operon	Positive and negative control of the arabinose operon	Schleif R	pmid	10899998	TITLE_MISMATCH	pubmed_10899998	Modeling the dynamics of human hair cycles by a follicular automaton.	0.248	True
ecoli_ara_operon	DNA looping	Schleif R	doi	10.1146/annurev.bi.61.070192.001215	OK	pubmed_1497310	DNA looping.	1.0	True
ecoli_ara_operon	DNA looping	Schleif R	pmid	1497310	OK	pubmed_1497310	DNA looping.	1.0	True
ecoli_ara_operon	AraC protein: a love-hate relationship with DNA	Bustos SA, Schleif RF	doi	10.1016/0167-4781(93)90196-9	NOT_FOUND				
ecoli_ara_operon	AraC protein: a love-hate relationship with DNA	Bustos SA, Schleif RF	pmid	8395888	TITLE_MISMATCH	pubmed_8395888	Synthesis and characterization of antagonists of cyclic-ADP-ribose-induced Ca2+ release.	0.303	True
ecoli_ara_operon	Regulation of the L-arabinose operon of Escherichia coli	Englesberg E, Wilcox G	doi	10.1146/annurev.ge.08.120174.001251	TITLE_MISMATCH	crossref_10.1146_annurev.ge.08.120174.001251	Regulation: positive control.	0.434	False
ecoli_ara_operon	Regulation of the L-arabinose operon of Escherichia coli	Englesberg E, Wilcox G	pmid	4613164	TITLE_MISMATCH	pubmed_4613164	Enteropathogenic Escherichia coli infection in a newborn nursery.	0.383	False
ecoli_lac_operon	Genetic regulatory mechanisms in the synthesis of proteins	Jacob F, Monod J	doi	10.1016/S0022-2836(61)80072-7	NOT_FOUND				
ecoli_lac_operon	Genetic regulatory mechanisms in the synthesis of proteins	Jacob F, Monod J	pmid	13718526	OK	pubmed_13718526	Genetic regulatory mechanisms in the synthesis of proteins.	1.0	True
ecoli_lac_operon	The lactose operon	Müller-Hill B			NO_IDENTIFIERS				
ecoli_lac_operon	Revisiting the lac operon: Functional analysis of the cAMP receptor protein	Napoli AA, Lawson CL, Ebright RH, Berman HM	doi	10.1016/j.str.2005.11.021	TITLE_MISMATCH	crossref_10.1016_j.str.2005.11.021	Conformational and Sequence Signatures in β Helix Proteins	0.431	False
ecoli_lac_operon	Revisiting the lac operon: Functional analysis of the cAMP receptor protein	Napoli AA, Lawson CL, Ebright RH, Berman HM	pmid	16531234	TITLE_MISMATCH	pubmed_16531234	Mechanical strength of the titin Z1Z2-telethonin complex.	0.292	True
ecoli_lac_operon	Mechanism of the allosteric regulation of the lac repressor	Swint-Kruse L, Matthews KS	doi	10.1016/S0065-2164(08)01001-8	NOT_FOUND				
ecoli_lac_operon	Mechanism of the allosteric regulation of the lac repressor	Swint-Kruse L, Matthews KS	pmid	19245934	TITLE_MISMATCH	pubmed_19245934	Therapeutic approaches to secondary immune thrombocytopenic purpura.	0.222	True
ecoli_trp_operon	Attenuation in the control of expression of bacterial operons	Yanofsky C	doi	10.1038/289751a0	OK	pubmed_7007895	Attenuation in the control of expression of bacterial operons.	1.0	True
ecoli_trp_operon	Attenuation in the control of expression of bacterial operons	Yanofsky C	pmid	7007895	OK	pubmed_7007895	Attenuation in the control of expression of bacterial operons.	1.0	True
ecoli_trp_operon	Transcription attenuation	Yanofsky C	pmid	3275651	TITLE_MISMATCH	pubmed_3275651	Protein components of the erythromycin binding site in bacterial ribosomes.	0.182	True
ecoli_trp_operon	Regulation of the trp operon	Merino E, Yanofsky C	doi	10.1016/j.mib.2005.02.010	TITLE_MISMATCH	crossref_10.1016_j.mib.2005.02.010	Protein targeting by the bacterial twin-arginine translocation (Tat) pathway	0.255	False
ecoli_trp_operon	Regulation of the trp operon	Merino E, Yanofsky C	pmid	15802245	TITLE_MISMATCH	pubmed_15802245	Transcriptional control of membrane lipid synthesis in bacteria.	0.374	True
ecoli_trp_operon	The tryptophan operon: a coordinated mechanism for the regulation of biosynthesis	Oxender DL, Zurawski G, Yanofsky C	doi	10.1073/pnas.76.11.5524	TITLE_MISMATCH	pubmed_118451	Attenuation in the Escherichia coli tryptophan operon: role of RNA secondary structure involving the tryptophan codon region.	0.404	True
ecoli_trp_operon	The tryptophan operon: a coordinated mechanism for the regulation of biosynthesis	Oxender DL, Zurawski G, Yanofsky C	pmid	388431	TITLE_MISMATCH	pubmed_388431	Interference of nonsense mutations with eukaryotic messenger RNA stability.	0.299	True
arabidopsis_aba_guard_cell	Regulators of PP2C phosphatase activity function as receptors for abscisic acid	Ma Y, Szostkiewicz I, Korte A, et al.	doi	10.1126/science.1172408	OK	crossref_10.1126_science.1172408	Regulators of PP2C Phosphatase Activity Function as Abscisic Acid Sensors	0.855	True
arabidopsis_aba_guard_cell	Regulators of PP2C phosphatase activity function as receptors for abscisic acid	Ma Y, Szostkiewicz I, Korte A, et al.	pmid	19407143	NOT_FOUND				
arabidopsis_aba_guard_cell	Abscisic acid: emergence of a core signaling network	Cutler SR, Rodriguez PL, Finkelstein RR, Abrams SR	doi	10.1146/annurev-arplant-042809-112122	OK	pubmed_20192755	Abscisic acid: emergence of a core signaling network.	1.0	True
arabidopsis_aba_guard_cell	Abscisic acid: emergence of a core signaling network	Cutler SR, Rodriguez PL, Finkelstein RR, Abrams SR	pmid	20192755	OK	pubmed_20192755	Abscisic acid: emergence of a core signaling network.	1.0	True
arabidopsis_circadian_clock	Reciprocal regulation between TOC1 and LHY/CCA1 within the Arabidopsis circadian clock	Alabadí D, Oyama T, Yanovsky MJ, Harmon FG, Más P, Kay SA	doi	10.1126/science.1061320	OK	crossref_10.1126_science.1061320	"Reciprocal Regulation Between
                    <i>TOC1</i>
                    and
                    <i>LHY</i>
                    /
                    <i>CCA1</i>
                    Within the
                    <i>Arabidopsis</i>
                    Circadian Clock"	0.915	True
arabidopsis_circadian_clock	Reciprocal regulation between TOC1 and LHY/CCA1 within the Arabidopsis circadian clock	Alabadí D, Oyama T, Yanovsky MJ, Harmon FG, Más P, Kay SA	pmid	11486091	NOT_FOUND				
arabidopsis_flc_vernalization	Vernalization requires epigenetic silencing of FLC by histone methylation	Bastow R, Mylne JS, Lister C, Lippman Z, Martienssen RA, Dean C	doi	10.1038/nature02269	NO_ABSTRACT	crossref_10.1038_nature02269	Vernalization requires epigenetic silencing of FLC by histone methylation	1.0	False
arabidopsis_flc_vernalization	Vernalization requires epigenetic silencing of FLC by histone methylation	Bastow R, Mylne JS, Lister C, Lippman Z, Martienssen RA, Dean C	pmid	14712277	OK	pubmed_14712277	Vernalization requires epigenetic silencing of FLC by histone methylation.	1.0	True
arabidopsis_flc_vernalization	A Polycomb-based switch underlying quantitative epigenetic memory	Angel A, Song J, Dean C, Howard M	doi	10.1038/nature10241	OK	pubmed_21785438	A Polycomb-based switch underlying quantitative epigenetic memory.	1.0	True
arabidopsis_flc_vernalization	A Polycomb-based switch underlying quantitative epigenetic memory	Angel A, Song J, Dean C, Howard M	pmid	21785438	OK	pubmed_21785438	A Polycomb-based switch underlying quantitative epigenetic memory.	1.0	True
bacillus_biofilm_formation	Biofilm formation in Bacillus subtilis	Vlamakis H, Chai Y, Beauregard P, Losick R, Kolter R			NO_IDENTIFIERS				
bacillus_comk_competence	Bistability in the Bacillus subtilis K-state (competence) system requires a positive feedback loop	Maamar H, Dubnau D	doi	10.1111/j.1365-2958.2005.04592.x	OK	pubmed_15819619	Bistability in the Bacillus subtilis K-state (competence) system requires a positive feedback loop.	1.0	True
bacillus_comk_competence	Bistability in the Bacillus subtilis K-state (competence) system requires a positive feedback loop	Maamar H, Dubnau D	pmid	15819619	OK	pubmed_15819619	Bistability in the Bacillus subtilis K-state (competence) system requires a positive feedback loop.	1.0	True
bacillus_comk_competence	An excitable gene regulatory circuit induces transient cellular differentiation	Süel GM, Garcia-Ojalvo J, Liberman LM, Elowitz MB	doi	10.1038/nature04588	OK	pubmed_16554821	An excitable gene regulatory circuit induces transient cellular differentiation.	1.0	True
bacillus_comk_competence	An excitable gene regulatory circuit induces transient cellular differentiation	Süel GM, Garcia-Ojalvo J, Liberman LM, Elowitz MB	pmid	16554821	OK	pubmed_16554821	An excitable gene regulatory circuit induces transient cellular differentiation.	1.0	True
bacillus_competence_development	Bistability in bacteria	Dubnau D, Losick R	doi	10.1111/j.1365-2958.2006.05249.x	OK	pubmed_16879639	Bistability in bacteria.	1.0	True
bacillus_competence_development	Bistability in bacteria	Dubnau D, Losick R	pmid	16879639	OK	pubmed_16879639	Bistability in bacteria.	1.0	True
bacillus_competence_development	Bistability in the Bacillus subtilis K-state (competence) system requires a positive feedback loop	Maamar H, Dubnau D	doi	10.1111/j.1365-2958.2005.04592.x	OK	pubmed_15819619	Bistability in the Bacillus subtilis K-state (competence) system requires a positive feedback loop.	1.0	True
bacillus_competence_development	Bistability in the Bacillus subtilis K-state (competence) system requires a positive feedback loop	Maamar H, Dubnau D	pmid	15819619	OK	pubmed_15819619	Bistability in the Bacillus subtilis K-state (competence) system requires a positive feedback loop.	1.0	True
bacillus_competence_development	Controlling competence in Bacillus subtilis: shared use of regulators	Hamoen LW, Venema G, Kuipers OP	doi	10.1099/mic.0.26003-0	OK	pubmed_12576575	Controlling competence in Bacillus subtilis: shared use of regulators.	1.0	True
bacillus_competence_development	Controlling competence in Bacillus subtilis: shared use of regulators	Hamoen LW, Venema G, Kuipers OP	pmid	12576575	OK	pubmed_12576575	Controlling competence in Bacillus subtilis: shared use of regulators.	1.0	True
bacillus_competence_development	DNA uptake during bacterial transformation	Chen I, Dubnau D	doi	10.1038/nrmicro844	NO_ABSTRACT	pubmed_15083159	DNA uptake during bacterial transformation.	1.0	False
bacillus_competence_development	DNA uptake during bacterial transformation	Chen I, Dubnau D	pmid	15083159	NO_ABSTRACT	pubmed_15083159	DNA uptake during bacterial transformation.	1.0	False
bacillus_spo0a_sporulation	Initiation of sporulation in B. subtilis is controlled by a multicomponent phosphorelay	Burbulys D, Trach KA, Hoch JA	doi	10.1016/0092-8674(91)90238-T	NOT_FOUND				
bacillus_spo0a_sporulation	Initiation of sporulation in B. subtilis is controlled by a multicomponent phosphorelay	Burbulys D, Trach KA, Hoch JA	pmid	1846779	OK	pubmed_1846779	Initiation of sporulation in B. subtilis is controlled by a multicomponent phosphorelay.	1.0	True
bacillus_spo0a_sporulation	Compartmentalization of gene expression during Bacillus subtilis spore formation	Hilbert DW, Piggot PJ	doi	10.1128/MMBR.68.2.234-262.2004	NOT_FOUND				
bacillus_spo0a_sporulation	Compartmentalization of gene expression during Bacillus subtilis spore formation	Hilbert DW, Piggot PJ	pmid	15187183	OK	pubmed_15187183	Compartmentalization of gene expression during Bacillus subtilis spore formation.	1.0	True
bacillus_sporulation_initiation	Regulation of the phosphorelay and the initiation of sporulation in Bacillus subtilis	Hoch JA	doi	10.1146/annurev.mi.47.100193.002301	OK	pubmed_8257105	Regulation of the phosphorelay and the initiation of sporulation in Bacillus subtilis.	1.0	True
bacillus_sporulation_initiation	Regulation of the phosphorelay and the initiation of sporulation in Bacillus subtilis	Hoch JA	pmid	8257105	OK	pubmed_8257105	Regulation of the phosphorelay and the initiation of sporulation in Bacillus subtilis.	1.0	True
bacillus_sporulation_initiation	Initiation of sporulation in B. subtilis is controlled by a multicomponent phosphorelay	Burbulys D, Trach KA, Hoch JA	doi	10.1016/0092-8674(91)90238-t	OK	pubmed_1846779	Initiation of sporulation in B. subtilis is controlled by a multicomponent phosphorelay.	1.0	True
bacillus_sporulation_initiation	Initiation of sporulation in B. subtilis is controlled by a multicomponent phosphorelay	Burbulys D, Trach KA, Hoch JA	pmid	1846779	OK	pubmed_1846779	Initiation of sporulation in B. subtilis is controlled by a multicomponent phosphorelay.	1.0	True
bacillus_sporulation_initiation	Evidence that entry into sporulation in Bacillus subtilis is governed by a gradual increase in the level and activity of the master regulator Spo0A	Fujita M, Losick R	doi	10.1101/gad.1335705	OK	pubmed_16166384	Evidence that entry into sporulation in Bacillus subtilis is governed by a gradual increase in the level and activity of the master regulator Spo0A.	1.0	True
bacillus_sporulation_initiation	Evidence that entry into sporulation in Bacillus subtilis is governed by a gradual increase in the level and activity of the master regulator Spo0A	Fujita M, Losick R	pmid	16166384	OK	pubmed_16166384	Evidence that entry into sporulation in Bacillus subtilis is governed by a gradual increase in the level and activity of the master regulator Spo0A.	1.0	True
bacillus_sporulation_initiation	Genetic networks controlling the initiation of sporulation and the development of genetic competence in Bacillus subtilis	Grossman AD	doi	10.1146/annurev.ge.29.120195.002401	OK	pubmed_8825484	Genetic networks controlling the initiation of sporulation and the development of genetic competence in Bacillus subtilis.	1.0	True
bacillus_sporulation_initiation	Genetic networks controlling the initiation of sporulation and the development of genetic competence in Bacillus subtilis	Grossman AD	pmid	8825484	OK	pubmed_8825484	Genetic networks controlling the initiation of sporulation and the development of genetic competence in Bacillus subtilis.	1.0	True
celegans_dauer_decision	Dauer.	Hu PJ	doi	10.1895/wormbook.1.144.1	OK	pubmed_17988074	Dauer.	1.0	True
celegans_dauer_decision	Dauer.	Hu PJ	pmid	17988074	OK	pubmed_17988074	Dauer.	1.0	True
celegans_dauer_decision	A pheromone influences larval development in the nematode Caenorhabditis elegans	Golden JW, Riddle DL	doi	10.1126/science.6896933	OK	pubmed_6896933	A pheromone influences larval development in the nematode Caenorhabditis elegans.	1.0	True
celegans_dauer_decision	A pheromone influences larval development in the nematode Caenorhabditis elegans	Golden JW, Riddle DL	pmid	6896933	OK	pubmed_6896933	A pheromone influences larval development in the nematode Caenorhabditis elegans.	1.0	True
celegans_heterochronic_clock	The C. elegans heterochronic gene lin-4 encodes small RNAs with antisense complementarity to lin-14	Lee RC, Feinbaum RL, Ambros V	doi	10.1016/0092-8674(93)90529-Y	NOT_FOUND				
celegans_heterochronic_clock	The C. elegans heterochronic gene lin-4 encodes small RNAs with antisense complementarity to lin-14	Lee RC, Feinbaum RL, Ambros V	pmid	8252621	OK	pubmed_8252621	The C. elegans heterochronic gene lin-4 encodes small RNAs with antisense complementarity to lin-14.	1.0	True
celegans_heterochronic_clock	The 21-nucleotide let-7 RNA regulates developmental timing in Caenorhabditis elegans	Reinhart BJ, Slack FJ, Basson M, et al.	doi	10.1038/35002607	OK	pubmed_10706289	The 21-nucleotide let-7 RNA regulates developmental timing in Caenorhabditis elegans.	1.0	True
celegans_heterochronic_clock	The 21-nucleotide let-7 RNA regulates developmental timing in Caenorhabditis elegans	Reinhart BJ, Slack FJ, Basson M, et al.	pmid	10706289	OK	pubmed_10706289	The 21-nucleotide let-7 RNA regulates developmental timing in Caenorhabditis elegans.	1.0	True
drosophila_gap_gene_network	The gap gene network	Jaeger J	doi	10.1007/s00018-010-0536-y	OK	pubmed_20927566	The gap gene network.	1.0	True
drosophila_gap_gene_network	The gap gene network	Jaeger J	pmid	20927566	OK	pubmed_20927566	The gap gene network.	1.0	True
drosophila_gap_gene_network	A self-organizing system of repressor gradients establishes segmental complexity in Drosophila	Clyde DE, Corado MSG, Wu X, et al.	doi	10.1038/nature02189	OK	pubmed_14685241	A self-organizing system of repressor gradients establishes segmental complexity in Drosophila.	1.0	True
drosophila_gap_gene_network	A self-organizing system of repressor gradients establishes segmental complexity in Drosophila	Clyde DE, Corado MSG, Wu X, et al.	pmid	14685241	OK	pubmed_14685241	A self-organizing system of repressor gradients establishes segmental complexity in Drosophila.	1.0	True
drosophila_segment_polarity	The segment polarity network is a robust developmental module	von Dassow G, Meir E, Munro EM, Odell GM	doi	10.1038/35018085	OK	pubmed_10910359	The segment polarity network is a robust developmental module.	1.0	True
drosophila_segment_polarity	The segment polarity network is a robust developmental module	von Dassow G, Meir E, Munro EM, Odell GM	pmid	10910359	OK	pubmed_10910359	The segment polarity network is a robust developmental module.	1.0	True
ecoli_amino_acid_biosynthesis	Biosynthesis of amino acids	Umbarger HE	doi	10.1146/annurev.bi.47.070178.002203	NOT_FOUND				
ecoli_amino_acid_biosynthesis	Biosynthesis of amino acids	Umbarger HE	pmid	354503	TITLE_MISMATCH	pubmed_354503	Amino acid biosynthesis and its regulation.	0.435	False
ecoli_anaerobic_respiration	FNR is a direct oxygen sensor having a [4Fe-4S] cluster	Khoroshilova N, Popescu C, Münck E, Beinert H, Kiley PJ	doi	10.1126/science.277.5334.2099	NOT_FOUND				
ecoli_anaerobic_respiration	FNR is a direct oxygen sensor having a [4Fe-4S] cluster	Khoroshilova N, Popescu C, Münck E, Beinert H, Kiley PJ	pmid	9381172	TITLE_MISMATCH	pubmed_9381172	Genome maps 8. Building gene families. Wall chart.	0.32	False
ecoli_anaerobic_respiration	Anaerobic regulation of the adhE gene, encoding the fermentative alcohol dehydrogenase of Escherichia coli	Leonardo MR, Dailly Y, Clark DP	doi	10.1128/jb.178.11.3391-3393.1996	NOT_FOUND				
ecoli_anaerobic_respiration	Anaerobic regulation of the adhE gene, encoding the fermentative alcohol dehydrogenase of Escherichia coli	Leonardo MR, Dailly Y, Clark DP	pmid	8631678	TITLE_MISMATCH	pubmed_8631678	Construction and characterization of two lexA mutants of Salmonella typhimurium with different UV sensitivities and UV mutabilities.	0.263	True
ecoli_anaerobic_respiration	arcA (dye), a global regulatory gene in Escherichia coli mediating repression of enzymes in aerobic pathways.	Iuchi S, Lin EC	doi	10.1073/pnas.85.6.1888	OK	pubmed_2964639	arcA (dye), a global regulatory gene in Escherichia coli mediating repression of enzymes in aerobic pathways.	1.0	True
ecoli_anaerobic_respiration	arcA (dye), a global regulatory gene in Escherichia coli mediating repression of enzymes in aerobic pathways.	Iuchi S, Lin EC	pmid	2964639	OK	pubmed_2964639	arcA (dye), a global regulatory gene in Escherichia coli mediating repression of enzymes in aerobic pathways.	1.0	True
ecoli_anaerobic_respiration	Redox sensing by the ArcB sensor kinase of Escherichia coli: quinone as a direct redox signal	Georgellis D, Kwon O, Lin EC	doi	10.1046/j.1365-2958.2001.02462.x	TITLE_MISMATCH	pubmed_11442828	AraC/XylS family members, HilC and HilD, directly bind and derepress the Salmonella typhimurium hilA promoter.	0.271	True
ecoli_anaerobic_respiration	Redox sensing by the ArcB sensor kinase of Escherichia coli: quinone as a direct redox signal	Georgellis D, Kwon O, Lin EC	pmid	11422357	TITLE_MISMATCH	pubmed_11422357	Evidence-based prescribing in adults with learning disability and epilepsy.	0.265	False
ecoli_antibiotic_efflux_pumps	A review of the mechanisms that confer antibiotic resistance in pathotypes of E. coli.	Nasrollahian S	doi	10.3389/fcimb.2024.1387497	OK	pubmed_38638826	A review of the mechanisms that confer antibiotic resistance in pathotypes of <i>E. coli</i>.	0.977	True
ecoli_antibiotic_efflux_pumps	A review of the mechanisms that confer antibiotic resistance in pathotypes of E. coli.	Nasrollahian S	pmid	38638826	OK	pubmed_38638826	A review of the mechanisms that confer antibiotic resistance in pathotypes of <i>E. coli</i>.	0.977	True
ecoli_antibiotic_efflux_pumps	Plasmid-encoded tet(X) genes that confer high-level tigecycline resistance in Escherichia coli.	Sun J	doi	10.1038/s41564-019-0496-4	OK	pubmed_31235960	Plasmid-encoded tet(X) genes that confer high-level tigecycline resistance in Escherichia coli.	1.0	True
ecoli_antibiotic_efflux_pumps	Plasmid-encoded tet(X) genes that confer high-level tigecycline resistance in Escherichia coli.	Sun J	pmid	31235960	OK	pubmed_31235960	Plasmid-encoded tet(X) genes that confer high-level tigecycline resistance in Escherichia coli.	1.0	True
ecoli_antibiotic_efflux_pumps	Emergence of a Plasmid-Encoded Resistance-Nodulation-Division Efflux Pump Conferring Resistance to Multiple Drugs, Including Tigecycline, in Klebsiella pneumoniae.	Lv L	doi	10.1128/mBio.02930-19	NOT_FOUND				
ecoli_antibiotic_efflux_pumps	Emergence of a Plasmid-Encoded Resistance-Nodulation-Division Efflux Pump Conferring Resistance to Multiple Drugs, Including Tigecycline, in Klebsiella pneumoniae.	Lv L	pmid	32127452	OK	pubmed_32127452	Emergence of a Plasmid-Encoded Resistance-Nodulation-Division Efflux Pump Conferring Resistance to Multiple Drugs, Including Tigecycline, in Klebsiella pneumoniae.	1.0	True
ecoli_antibiotic_efflux_pumps	Sulopenem: An Intravenous and Oral Penem for the Treatment of Urinary Tract Infections Due to Multidrug-Resistant Bacteria.	Zhanel GG	doi	10.1007/s40265-022-01688-1	OK	pubmed_35294769	Sulopenem: An Intravenous and Oral Penem for the Treatment of Urinary Tract Infections Due to Multidrug-Resistant Bacteria.	1.0	True
ecoli_antibiotic_efflux_pumps	Sulopenem: An Intravenous and Oral Penem for the Treatment of Urinary Tract Infections Due to Multidrug-Resistant Bacteria.	Zhanel GG	pmid	35294769	OK	pubmed_35294769	Sulopenem: An Intravenous and Oral Penem for the Treatment of Urinary Tract Infections Due to Multidrug-Resistant Bacteria.	1.0	True
ecoli_ara_operon	Regulation of the L-arabinose operon of Escherichia coli	Schleif R	doi	10.1016/s0168-9525(00)02153-3	OK	pubmed_11102706	Regulation of the L-arabinose operon of Escherichia coli.	1.0	True
ecoli_ara_operon	Regulation of the L-arabinose operon of Escherichia coli	Schleif R	pmid	11102706	OK	pubmed_11102706	Regulation of the L-arabinose operon of Escherichia coli.	1.0	True
ecoli_ara_operon	DNA looping	Schleif R	doi	10.1146/annurev.bi.61.070192.001215	OK	pubmed_1497310	DNA looping.	1.0	True
ecoli_ara_operon	DNA looping	Schleif R	pmid	1497310	OK	pubmed_1497310	DNA looping.	1.0	True
ecoli_ara_operon	AraC protein: a love-hate relationship	Schleif R	doi	10.1002/bies.10237	OK	pubmed_12596232	AraC protein: a love-hate relationship.	1.0	True
ecoli_ara_operon	AraC protein: a love-hate relationship	Schleif R	pmid	12596232	OK	pubmed_12596232	AraC protein: a love-hate relationship.	1.0	True
ecoli_ara_operon	Regulation: positive control	Englesberg E, Wilcox G	doi	10.1146/annurev.ge.08.120174.001251	NO_ABSTRACT	crossref_10.1146_annurev.ge.08.120174.001251	Regulation: positive control.	1.0	False
ecoli_ara_operon	Regulation: positive control	Englesberg E, Wilcox G	pmid	4374117	NO_ABSTRACT	pubmed_4374117	Regulation: positive control.	1.0	False
ecoli_arginine_biosynthesis	Biosynthesis and metabolism of arginine in bacteria	Cunin R, Glansdorff N, Piérard A, Stalon V	pmid	3534538	NO_ABSTRACT	pubmed_3534538	Biosynthesis and metabolism of arginine in bacteria.	1.0	False
ecoli_arginine_biosynthesis	The arginine repressor of Escherichia coli.	Maas WK	doi	10.1128/mr.58.4.631-640.1994	OK	pubmed_7854250	The arginine repressor of Escherichia coli.	1.0	True
ecoli_arginine_biosynthesis	The arginine repressor of Escherichia coli.	Maas WK	pmid	7854250	OK	pubmed_7854250	The arginine repressor of Escherichia coli.	1.0	True
ecoli_arginine_biosynthesis	Arginine regulon of Escherichia coli K-12. A study of repressor-operator interactions and of in vitro binding affinities versus in vivo repression	Charlier D, Roovers M, Van Vliet F, Boyen A, Cunin R, Nakamura Y, Glansdorff N, Piérard A	doi	10.1016/0022-2836(92)90952-i	NOT_FOUND				
ecoli_arginine_biosynthesis	Arginine regulon of Escherichia coli K-12. A study of repressor-operator interactions and of in vitro binding affinities versus in vivo repression	Charlier D, Roovers M, Van Vliet F, Boyen A, Cunin R, Nakamura Y, Glansdorff N, Piérard A	pmid	1640456	OK	pubmed_1640456	Arginine regulon of Escherichia coli K-12. A study of repressor-operator interactions and of in vitro binding affinities versus in vivo repression.	1.0	True
ecoli_arginine_biosynthesis	The arginine regulon of Escherichia coli: whole-system transcriptome analysis discovers new genes and provides an integrated view of arginine regulation	Caldara M, Charlier D, Cunin R	doi	10.1099/mic.0.29088-0	OK	pubmed_17074904	The arginine regulon of Escherichia coli: whole-system transcriptome analysis discovers new genes and provides an integrated view of arginine regulation.	1.0	True
ecoli_arginine_biosynthesis	The arginine regulon of Escherichia coli: whole-system transcriptome analysis discovers new genes and provides an integrated view of arginine regulation	Caldara M, Charlier D, Cunin R	pmid	17074904	OK	pubmed_17074904	The arginine regulon of Escherichia coli: whole-system transcriptome analysis discovers new genes and provides an integrated view of arginine regulation.	1.0	True
ecoli_base_excision_repair	Base excision repair of oxidative DNA damage	David SS, O'Shea VL, Kundu S	doi	10.1038/nature05978	OK	pubmed_17581577	Base-excision repair of oxidative DNA damage.	1.0	True
ecoli_base_excision_repair	Base excision repair of oxidative DNA damage	David SS, O'Shea VL, Kundu S	pmid	17581577	OK	pubmed_17581577	Base-excision repair of oxidative DNA damage.	1.0	True
ecoli_base_excision_repair	Escherichia coli endonuclease III: location of the iron-sulfur cluster in the three-dimensional structure	Kuo CF, McRee DE, Fisher CL, et al	doi	10.1126/science.1411536	TITLE_MISMATCH	pubmed_1411536	Atomic structure of the DNA repair [4Fe-4S] enzyme endonuclease III.	0.272	True
ecoli_base_excision_repair	Escherichia coli endonuclease III: location of the iron-sulfur cluster in the three-dimensional structure	Kuo CF, McRee DE, Fisher CL, et al	pmid	1411536	TITLE_MISMATCH	pubmed_1411536	Atomic structure of the DNA repair [4Fe-4S] enzyme endonuclease III.	0.272	True
ecoli_base_excision_repair	DNA repair mechanisms for the recognition and removal of damaged DNA bases.	Mol CD, Parikh SS, Putnam CD, Lo TP, Tainer JA	doi	10.1146/annurev.biophys.28.1.101	NO_ABSTRACT	crossref_10.1146_annurev.biophys.28.1.101	DNA REPAIR MECHANISMS FOR THE RECOGNITION AND REMOVAL OF DAMAGED DNA BASES	1.0	False
ecoli_base_excision_repair	DNA repair mechanisms for the recognition and removal of damaged DNA bases.	Mol CD, Parikh SS, Putnam CD, Lo TP, Tainer JA	pmid	10410797	OK	pubmed_10410797	DNA repair mechanisms for the recognition and removal of damaged DNA bases.	1.0	True
ecoli_base_excision_repair	Bacterial DNA repair	Friedberg EC, Walker GC, Siede W			NO_IDENTIFIERS				
ecoli_biofilm_formation	Bacterial resistance in biofilm-associated bacteria	Jamal M	pmid	26517598	OK	pubmed_26517598	Bacterial resistance in biofilm-associated bacteria.	1.0	True
ecoli_biofilm_formation	Expression of cellulose and curli fimbriae by Escherichia coli isolated from the gastrointestinal tract.	Bokranz W, Wang X, Tschäpe H, Römling U	doi	10.1099/jmm.0.46064-0	OK	pubmed_16278431	Expression of cellulose and curli fimbriae by Escherichia coli isolated from the gastrointestinal tract.	1.0	True
ecoli_biofilm_formation	Expression of cellulose and curli fimbriae by Escherichia coli isolated from the gastrointestinal tract.	Bokranz W, Wang X, Tschäpe H, Römling U	pmid	16278431	OK	pubmed_16278431	Expression of cellulose and curli fimbriae by Escherichia coli isolated from the gastrointestinal tract.	1.0	True
ecoli_biofilm_formation	Curli biogenesis and function	Barnhart MM	pmid	16704339	OK	pubmed_16704339	Curli biogenesis and function.	1.0	True
ecoli_biofilm_formation	The biofilm matrix: multitasking in a shared space.	Flemming HC, van Hullebusch ED, Neu TR, Nielsen PH, Seviour T, Stoodley P, Wingender J, Wuertz S	doi	10.1038/s41579-022-00791-0	OK	pubmed_36127518	The biofilm matrix: multitasking in a shared space.	1.0	True
ecoli_biofilm_formation	The biofilm matrix: multitasking in a shared space.	Flemming HC, van Hullebusch ED, Neu TR, Nielsen PH, Seviour T, Stoodley P, Wingender J, Wuertz S	pmid	36127518	OK	pubmed_36127518	The biofilm matrix: multitasking in a shared space.	1.0	True
ecoli_catabolite_repression	Catabolite repression and the lac operon	Ullmann A, Monod J	doi	10.1016/0006-291X(68)90532-6	NOT_FOUND				
ecoli_catabolite_repression	Catabolite repression and the lac operon	Ullmann A, Monod J	pmid	4871331	TITLE_MISMATCH	pubmed_4871331	Blood coagulation: biochemical, physiological and clinical considerations.	0.36	False
ecoli_catabolite_repression	Transcription activation by catabolite activator protein (CAP).	Busby S, Ebright RH	doi	10.1006/jmbi.1999.3161	OK	pubmed_10550204	Transcription activation by catabolite activator protein (CAP).	1.0	True
ecoli_catabolite_repression	Transcription activation by catabolite activator protein (CAP).	Busby S, Ebright RH	pmid	10550204	OK	pubmed_10550204	Transcription activation by catabolite activator protein (CAP).	1.0	True
ecoli_catabolite_repression	Carbon catabolite repression in bacteria: many ways to make the most out of nutrients.	Görke B, Stülke J	doi	10.1038/nrmicro1932	OK	pubmed_18628769	Carbon catabolite repression in bacteria: many ways to make the most out of nutrients.	1.0	True
ecoli_catabolite_repression	Carbon catabolite repression in bacteria: many ways to make the most out of nutrients.	Görke B, Stülke J	pmid	18628769	OK	pubmed_18628769	Carbon catabolite repression in bacteria: many ways to make the most out of nutrients.	1.0	True
ecoli_catabolite_repression	Transcriptional regulation by cAMP and its receptor protein.	Kolb A, Busby S, Buc H, Garges S, Adhya S	doi	10.1146/annurev.bi.62.070193.003533	NO_ABSTRACT	pubmed_8394684	Transcriptional regulation by cAMP and its receptor protein.	1.0	False
ecoli_catabolite_repression	Transcriptional regulation by cAMP and its receptor protein.	Kolb A, Busby S, Buc H, Garges S, Adhya S	pmid	8394684	NO_ABSTRACT	pubmed_8394684	Transcriptional regulation by cAMP and its receptor protein.	1.0	False
ecoli_cell_division	FtsZ filament structure reveals the structural basis for assembly dynamics and constriction force generation	Erickson HP, Anderson DE, Osawa M	doi	10.1038/nsmb.1891	TITLE_MISMATCH	crossref_10.1038_nsmb.1891	Solid-state NMR and SAXS studies provide a structural basis for the activation of αB-crystallin oligomers	0.472	False
ecoli_cell_division	FtsZ filament structure reveals the structural basis for assembly dynamics and constriction force generation	Erickson HP, Anderson DE, Osawa M	pmid	20676094	TITLE_MISMATCH	pubmed_20676094	IgT, a primitive immunoglobulin class specialized in mucosal immunity.	0.182	True
ecoli_cell_division	The Min system and other nucleoid-independent regulators of Z ring positioning	Rowlett VW, Margolin W	doi	10.3389/fmicb.2015.00478	NO_ABSTRACT	crossref_10.3389_fmicb.2015.00478	The Min system and other nucleoid-independent regulators of Z ring positioning	1.0	False
ecoli_cell_division	The Min system and other nucleoid-independent regulators of Z ring positioning	Rowlett VW, Margolin W	pmid	25741323	TITLE_MISMATCH	pubmed_25741323	Discovering probiotic microorganisms: in vitro, in vivo, genetic and omics approaches.	0.212	True
ecoli_cell_division	Divisome assembly in Escherichia coli: a molecular perspective	den Blaauwen T, de Pedro MA, Nguyen-Distèche M, Ayala JA	doi	10.1128/MMBR.00014-07	NOT_FOUND				
ecoli_cell_division	Divisome assembly in Escherichia coli: a molecular perspective	den Blaauwen T, de Pedro MA, Nguyen-Distèche M, Ayala JA	pmid	18322039	TITLE_MISMATCH	pubmed_18322039	Moonlighting proteins in yeasts.	0.217	True
ecoli_cell_division	SEDS proteins are a widespread family of bacterial cell wall polymerases	Meeske AJ, Riley EP, Robins WP, Uehara T, Mekalanos JJ, Kahne D, Walker S, Kruse AC, Bernhardt TG, Rudner DZ	doi	10.1038/nature16966	TITLE_MISMATCH	crossref_10.1038_nature16966	Observing cellulose biosynthesis and membrane translocation in crystallo	0.208	False
ecoli_cell_division	SEDS proteins are a widespread family of bacterial cell wall polymerases	Meeske AJ, Riley EP, Robins WP, Uehara T, Mekalanos JJ, Kahne D, Walker S, Kruse AC, Bernhardt TG, Rudner DZ	pmid	26840489	TITLE_MISMATCH	pubmed_26840489	Naturally occurring p16(Ink4a)-positive cells shorten healthy lifespan.	0.298	True
ecoli_chemotaxis	Chemotaxis in Escherichia coli analysed by three-dimensional tracking	Berg HC, Brown DA	doi	10.1038/239500a0	OK	pubmed_4563019	Chemotaxis in Escherichia coli analysed by three-dimensional tracking.	1.0	True
ecoli_chemotaxis	Chemotaxis in Escherichia coli analysed by three-dimensional tracking	Berg HC, Brown DA	pmid	4563019	OK	pubmed_4563019	Chemotaxis in Escherichia coli analysed by three-dimensional tracking.	1.0	True
ecoli_chemotaxis	The two-component signaling pathway of bacterial chemotaxis: a molecular view of signal transduction by receptors, kinases, and adaptation enzymes	Falke JJ, Bass RB, Butler SL, Chervitz SA, Danielson MA	doi	10.1146/annurev.cellbio.13.1.457	OK	pubmed_9442881	The two-component signaling pathway of bacterial chemotaxis: a molecular view of signal transduction by receptors, kinases, and adaptation enzymes.	1.0	True
ecoli_chemotaxis	The two-component signaling pathway of bacterial chemotaxis: a molecular view of signal transduction by receptors, kinases, and adaptation enzymes	Falke JJ, Bass RB, Butler SL, Chervitz SA, Danielson MA	pmid	9442881	OK	pubmed_9442881	The two-component signaling pathway of bacterial chemotaxis: a molecular view of signal transduction by receptors, kinases, and adaptation enzymes.	1.0	True
ecoli_chemotaxis	Chemotaxis	Sourjik V			NO_IDENTIFIERS				
ecoli_chemotaxis	Receptor sensitivity in bacterial chemotaxis	Sourjik V, Berg HC	doi	10.1073/pnas.011589998	OK	pubmed_11742065	Receptor sensitivity in bacterial chemotaxis.	1.0	True
ecoli_chemotaxis	Receptor sensitivity in bacterial chemotaxis	Sourjik V, Berg HC	pmid	11742065	OK	pubmed_11742065	Receptor sensitivity in bacterial chemotaxis.	1.0	True
ecoli_cold_shock_response	An in-silico study to understand the effect of lineage diversity on cold shock response: unveiling protein-RNA interactions among paralogous CSPs of E. coli.	Roy A	doi	10.1007/s13205-023-03656-2	OK	pubmed_37333716	An in-silico study to understand the effect of lineage diversity on cold shock response: unveiling protein-RNA interactions among paralogous CSPs of <i>E. coli</i>.	0.987	True
ecoli_cold_shock_response	An in-silico study to understand the effect of lineage diversity on cold shock response: unveiling protein-RNA interactions among paralogous CSPs of E. coli.	Roy A	pmid	37333716	OK	pubmed_37333716	An in-silico study to understand the effect of lineage diversity on cold shock response: unveiling protein-RNA interactions among paralogous CSPs of <i>E. coli</i>.	0.987	True
ecoli_cold_shock_response	C Group-Mediated Antibiotic Stress Mimics the Cold Shock Response.	Cardoza E	doi	10.1007/s00284-021-02613-7	OK	pubmed_34283283	C Group-Mediated Antibiotic Stress Mimics the Cold Shock Response.	1.0	True
ecoli_cold_shock_response	C Group-Mediated Antibiotic Stress Mimics the Cold Shock Response.	Cardoza E	pmid	34283283	OK	pubmed_34283283	C Group-Mediated Antibiotic Stress Mimics the Cold Shock Response.	1.0	True
ecoli_cold_shock_response	Alteration of DNA supercoiling serves as a trigger of short-term cold shock repressed genes of E. coli.	Dash S	doi	10.1093/nar/gkac643	OK	pubmed_35920318	Alteration of DNA supercoiling serves as a trigger of short-term cold shock repressed genes of E. coli.	1.0	True
ecoli_cold_shock_response	Alteration of DNA supercoiling serves as a trigger of short-term cold shock repressed genes of E. coli.	Dash S	pmid	35920318	OK	pubmed_35920318	Alteration of DNA supercoiling serves as a trigger of short-term cold shock repressed genes of E. coli.	1.0	True
ecoli_cold_shock_response	The cold-shock response in bacteria.	Wolffe AP	pmid	8850997	OK	pubmed_8850997	The cold-shock response in bacteria.	1.0	True
ecoli_dna_damage_checkpoint	The SOS regulatory system of Escherichia coli	Fernández De Henestrosa AR, Ogi T, Aoyagi S, Chafin D, Hayes JJ, Ohmori H, Woodgate R	doi	10.1038/35039580	NOT_FOUND				
ecoli_dna_damage_checkpoint	The SOS regulatory system of Escherichia coli	Fernández De Henestrosa AR, Ogi T, Aoyagi S, Chafin D, Hayes JJ, Ohmori H, Woodgate R	pmid	11034250	TITLE_MISMATCH	pubmed_11034250	Gastrointestinal stromal tumors: current diagnosis, biologic behavior, and management.	0.236	True
ecoli_dna_damage_checkpoint	Cleavage of the Escherichia coli lexA protein by the recA protease.	Little JW, Edmiston SH, Pacelli LZ, Mount DW	doi	10.1073/pnas.77.6.3225	OK	pubmed_6447873	Cleavage of the Escherichia coli lexA protein by the recA protease.	1.0	True
ecoli_dna_damage_checkpoint	Cleavage of the Escherichia coli lexA protein by the recA protease.	Little JW, Edmiston SH, Pacelli LZ, Mount DW	pmid	6447873	OK	pubmed_6447873	Cleavage of the Escherichia coli lexA protein by the recA protease.	1.0	True
ecoli_dna_damage_checkpoint	RecN protein and transcription factor DksA combine to promote faithful recombinational repair of DNA double-strand breaks	Keyamura K, Arai K, Hishida T			NO_IDENTIFIERS				
ecoli_dna_damage_checkpoint	SulA inhibits assembly of FtsZ by a simple sequestration mechanism	Cordell SC, Robinson EJ, Löwe J	doi	10.1021/bi034729a	NOT_FOUND				
ecoli_dna_damage_checkpoint	SulA inhibits assembly of FtsZ by a simple sequestration mechanism	Cordell SC, Robinson EJ, Löwe J	pmid	14596622	TITLE_MISMATCH	pubmed_14596622	Monitoring the early steps of unfolding of dicalcium and mono-Ce3+-substituted forms of P43M calbindin D9k.	0.292	True
ecoli_dna_replication_elongation	The bacterial replisome: back on track?	Robinson A, van Oijen AM	doi	10.1016/j.molcel.2013.10.020	TITLE_MISMATCH	crossref_10.1016_j.molcel.2013.10.020	Dynamics of Leading-Strand Lesion Skipping by the Replisome	0.271	False
ecoli_dna_replication_elongation	The bacterial replisome: back on track?	Robinson A, van Oijen AM	pmid	24267450	TITLE_MISMATCH	pubmed_24267450	PPL2 translesion polymerase is essential for the completion of chromosomal DNA replication in the African trypanosome.	0.247	True
ecoli_dna_replication_elongation	The Escherichia coli DNA polymerase III holoenzyme	McHenry CS	doi	10.1074/jbc.R111.259473	NOT_FOUND				
ecoli_dna_replication_elongation	The Escherichia coli DNA polymerase III holoenzyme	McHenry CS	pmid	21930698	TITLE_MISMATCH	pubmed_21930698	Unraveling the ubiquitome of the human malaria parasite.	0.305	True
ecoli_dna_replication_elongation	Structure and mechanism of the DNA polymerase III holoenzyme from E. coli	Johnson A, O'Donnell M	doi	10.1146/annurev.biochem.73.011303.073859	TITLE_MISMATCH	pubmed_15952889	Cellular DNA replicases: components and dynamics at the replication fork.	0.28	True
ecoli_dna_replication_elongation	Structure and mechanism of the DNA polymerase III holoenzyme from E. coli	Johnson A, O'Donnell M	pmid	15952889	TITLE_MISMATCH	pubmed_15952889	Cellular DNA replicases: components and dynamics at the replication fork.	0.28	True
ecoli_dna_replication_elongation	The replisome guides nucleosome assembly during DNA replication	Sauer PV, Corbeski I, Lu Y, et al	doi	10.1016/j.cell.2022.09.030	TITLE_MISMATCH	crossref_10.1016_j.cell.2022.09.030	SYK coordinates neuroprotective microglial responses in neurodegenerative disease	0.264	False
ecoli_dna_replication_elongation	The replisome guides nucleosome assembly during DNA replication	Sauer PV, Corbeski I, Lu Y, et al	pmid	36240765	TITLE_MISMATCH	pubmed_36240765	The construction of cross-population polygenic risk scores using transfer learning.	0.221	True
ecoli_dna_replication_initiation	The orisome: structure and function	Leonard AC, Grimwade JE	doi	10.3389/fmicb.2015.00545	OK	pubmed_26082765	The orisome: structure and function.	1.0	True
ecoli_dna_replication_initiation	The orisome: structure and function	Leonard AC, Grimwade JE	pmid	26082765	OK	pubmed_26082765	The orisome: structure and function.	1.0	True
ecoli_dna_replication_initiation	Regulation of the replication cycle: conserved and diverse regulatory systems for DnaA and oriC	Katayama T, Ozaki S, Keyamura K, Fujimitsu K	doi	10.1038/nrmicro2314	OK	pubmed_20157337	Regulation of the replication cycle: conserved and diverse regulatory systems for DnaA and oriC.	1.0	True
ecoli_dna_replication_initiation	Regulation of the replication cycle: conserved and diverse regulatory systems for DnaA and oriC	Katayama T, Ozaki S, Keyamura K, Fujimitsu K	pmid	20157337	OK	pubmed_20157337	Regulation of the replication cycle: conserved and diverse regulatory systems for DnaA and oriC.	1.0	True
ecoli_dna_replication_initiation	ATP activates dnaA protein in initiating replication of plasmids bearing the origin of the E. coli chromosome	Sekimizu K, Bramhill D, Kornberg A	doi	10.1016/0092-8674(87)90221-2	OK	pubmed_3036372	ATP activates dnaA protein in initiating replication of plasmids bearing the origin of the E. coli chromosome.	1.0	True
ecoli_dna_replication_initiation	ATP activates dnaA protein in initiating replication of plasmids bearing the origin of the E. coli chromosome	Sekimizu K, Bramhill D, Kornberg A	pmid	3036372	OK	pubmed_3036372	ATP activates dnaA protein in initiating replication of plasmids bearing the origin of the E. coli chromosome.	1.0	True
ecoli_dna_replication_initiation	SeqA: a negative modulator of replication initiation in E. coli	Lu M, Campbell JL, Boye E, Kleckner N	doi	10.1016/0092-8674(94)90156-2	OK	pubmed_8011018	SeqA: a negative modulator of replication initiation in E. coli.	1.0	True
ecoli_dna_replication_initiation	SeqA: a negative modulator of replication initiation in E. coli	Lu M, Campbell JL, Boye E, Kleckner N	pmid	8011018	OK	pubmed_8011018	SeqA: a negative modulator of replication initiation in E. coli.	1.0	True
ecoli_dna_replication_initiation	The dnaB-dnaC replication protein complex of Escherichia coli. II. Role of the complex in mobilizing dnaB functions	Wahle E, Lasken RS, Kornberg A	doi	10.1016/s0021-9258(19)81637-x	OK	pubmed_2536713	The dnaB-dnaC replication protein complex of Escherichia coli. II. Role of the complex in mobilizing dnaB functions.	1.0	True
ecoli_dna_replication_initiation	The dnaB-dnaC replication protein complex of Escherichia coli. II. Role of the complex in mobilizing dnaB functions	Wahle E, Lasken RS, Kornberg A	pmid	2536713	OK	pubmed_2536713	The dnaB-dnaC replication protein complex of Escherichia coli. II. Role of the complex in mobilizing dnaB functions.	1.0	True
ecoli_dna_replication_termination	Termination of DNA replication in Escherichia coli	Duggin IG, Bell SD	doi	10.1111/j.1365-2958.2008.06478.x	TITLE_MISMATCH	crossref_10.1111_j.1365-2958.2008.06478.x	Transfection of haloarchaea by the DNAs of spindle and round haloviruses and the use of transposon mutagenesis to identify non‐essential regions	0.309	True
ecoli_dna_replication_termination	Termination of DNA replication in Escherichia coli	Duggin IG, Bell SD	pmid	19220742	TITLE_MISMATCH	pubmed_19220742	The effect of angiotensin-blocking agents on liver fibrosis in patients with hepatitis C.	0.377	True
ecoli_dna_replication_termination	Replication termination in Escherichia coli: structure and antihelicase activity of the Tus-Ter complex.	Neylon C, Kralicek AV, Hill TM, Dixon NE	doi	10.1128/mmbr.69.3.501-526.2005	OK	pubmed_16148308	Replication termination in Escherichia coli: structure and antihelicase activity of the Tus-Ter complex.	1.0	True
ecoli_dna_replication_termination	Replication termination in Escherichia coli: structure and antihelicase activity of the Tus-Ter complex.	Neylon C, Kralicek AV, Hill TM, Dixon NE	pmid	16148308	OK	pubmed_16148308	Replication termination in Escherichia coli: structure and antihelicase activity of the Tus-Ter complex.	1.0	True
ecoli_dna_replication_termination	Topoisomerase IV, not gyrase, decatenates products of site-specific recombination in Escherichia coli	Zechiedrich EL, Cozzarelli NR	doi	10.1101/gad.9.22.2859	OK	crossref_10.1101_gad.9.22.2859	Roles of topoisomerase IV and DNA gyrase in DNA unlinking during replication in Escherichia coli.	0.636	True
ecoli_dna_replication_termination	Topoisomerase IV, not gyrase, decatenates products of site-specific recombination in Escherichia coli	Zechiedrich EL, Cozzarelli NR	pmid	7590257	TITLE_MISMATCH	pubmed_7590257	A protein-RNA interaction network facilitates the template-independent cooperative assembly on RNA polymerase of a stable antitermination complex containing the lambda N protein.	0.254	True
ecoli_dna_replication_termination	FtsK, a literate chromosome segregation machine	Aussel L, et al	doi	10.1046/j.1365-2958.2002.02962.x	TITLE_MISMATCH	crossref_10.1046_j.1365-2958.2002.02962.x	Replication fork reversal in DNA polymerase III mutants of <i>Escherichia coli</i>: a role for the β clamp	0.205	True
ecoli_dna_replication_termination	FtsK, a literate chromosome segregation machine	Aussel L, et al	pmid	12068798	TITLE_MISMATCH	pubmed_12068798	Clinical and laboratory manifestations of congenital dyserythropoietic anemia type I in young adults.	0.26	True
ecoli_e._coli_acid_resistance	Escherichia coli acid resistance: tales of an amateur acidophile.	Foster JW	doi	10.1038/nrmicro1021	NO_ABSTRACT	crossref_10.1038_nrmicro1021	Escherichia coli acid resistance: tales of an amateur acidophile	1.0	False
ecoli_e._coli_acid_resistance	Escherichia coli acid resistance: tales of an amateur acidophile.	Foster JW	pmid	15494746	OK	pubmed_15494746	Escherichia coli acid resistance: tales of an amateur acidophile.	1.0	True
ecoli_e._coli_flagellar_assembly	TnpB homologues exapted from transposons are RNA-guided transcription factors.	Wiegand T	doi	10.1038/s41586-024-07598-4	OK	pubmed_38926585	TnpB homologues exapted from transposons are RNA-guided transcription factors.	1.0	True
ecoli_e._coli_flagellar_assembly	TnpB homologues exapted from transposons are RNA-guided transcription factors.	Wiegand T	pmid	38926585	OK	pubmed_38926585	TnpB homologues exapted from transposons are RNA-guided transcription factors.	1.0	True
ecoli_e._coli_flagellar_assembly	Intrinsic clustering of flagellar basal body proteins in E. coli: A self-organization mechanism for assembly and regulation.	Sung YS	doi	10.1016/j.bbrep.2025.102051	OK	pubmed_40486491	Intrinsic clustering of flagellar basal body proteins in <i>E. coli</i>: A self-organization mechanism for assembly and regulation.	0.984	True
ecoli_e._coli_flagellar_assembly	Intrinsic clustering of flagellar basal body proteins in E. coli: A self-organization mechanism for assembly and regulation.	Sung YS	pmid	40486491	OK	pubmed_40486491	Intrinsic clustering of flagellar basal body proteins in <i>E. coli</i>: A self-organization mechanism for assembly and regulation.	0.984	True
ecoli_e._coli_flagellar_assembly	Assembly mechanism of a supramolecular MS-ring complex to initiate bacterial flagellar biogenesis in Vibrio species.	Terashima H	doi	pii: JB.00236-20. 10.1128/JB.00236-20	NOT_FOUND				
ecoli_e._coli_flagellar_assembly	Assembly mechanism of a supramolecular MS-ring complex to initiate bacterial flagellar biogenesis in Vibrio species.	Terashima H	pmid	32482724	OK	pubmed_32482724	Assembly mechanism of a supramolecular MS-ring complex to initiate bacterial flagellar biogenesis in <i>Vibrio</i> species.	0.983	True
ecoli_e._coli_flagellar_assembly	Autonomous control mechanism of stator assembly in the bacterial flagellar motor in response to changes in the environment.	Minamino T	doi	10.1111/mmi.14092	OK	pubmed_30069936	Autonomous control mechanism of stator assembly in the bacterial flagellar motor in response to changes in the environment.	1.0	True
ecoli_e._coli_flagellar_assembly	Autonomous control mechanism of stator assembly in the bacterial flagellar motor in response to changes in the environment.	Minamino T	pmid	30069936	OK	pubmed_30069936	Autonomous control mechanism of stator assembly in the bacterial flagellar motor in response to changes in the environment.	1.0	True
ecoli_e._coli_heat_shock_response	Regulation of the heat-shock response in bacteria.	Yura T, Nagai H, Mori H	doi	10.1146/annurev.mi.47.100193.001541	OK	pubmed_7504905	Regulation of the heat-shock response in bacteria.	1.0	True
ecoli_e._coli_heat_shock_response	Regulation of the heat-shock response in bacteria.	Yura T, Nagai H, Mori H	pmid	7504905	OK	pubmed_7504905	Regulation of the heat-shock response in bacteria.	1.0	True
ecoli_e._coli_osmotic_stress_response	Osmotic Stress.	Altendorf K	doi	10.1128/ecosalplus.5.4.5	OK	pubmed_26443764	Osmotic Stress.	1.0	True
ecoli_e._coli_osmotic_stress_response	Osmotic Stress.	Altendorf K	pmid	26443764	OK	pubmed_26443764	Osmotic Stress.	1.0	True
ecoli_e._coli_osmotic_stress_response	The role of PhoP/PhoQ system in regulating stress adaptation response in Escherichia coli O157:H7.	Han J	doi	10.1016/j.fm.2023.104244	OK	pubmed_36906298	The role of PhoP/PhoQ system in regulating stress adaptation response in Escherichia coli O157:H7.	1.0	True
ecoli_e._coli_osmotic_stress_response	The role of PhoP/PhoQ system in regulating stress adaptation response in Escherichia coli O157:H7.	Han J	pmid	36906298	OK	pubmed_36906298	The role of PhoP/PhoQ system in regulating stress adaptation response in Escherichia coli O157:H7.	1.0	True
ecoli_e._coli_osmotic_stress_response	Ubiquinone accumulation improves osmotic-stress tolerance in Escherichia coli.	Sévin DC	doi	10.1038/nchembio.1437	OK	pubmed_24509820	Ubiquinone accumulation improves osmotic-stress tolerance in Escherichia coli.	1.0	True
ecoli_e._coli_osmotic_stress_response	Ubiquinone accumulation improves osmotic-stress tolerance in Escherichia coli.	Sévin DC	pmid	24509820	OK	pubmed_24509820	Ubiquinone accumulation improves osmotic-stress tolerance in Escherichia coli.	1.0	True
ecoli_e._coli_osmotic_stress_response	CosR Is a Global Regulator of the Osmotic Stress Response with Widespread Distribution among Bacteria.	Gregory GJ	doi	10.1128/AEM.00120-20	NOT_FOUND				
ecoli_e._coli_osmotic_stress_response	CosR Is a Global Regulator of the Osmotic Stress Response with Widespread Distribution among Bacteria.	Gregory GJ	pmid	32169942	OK	pubmed_32169942	CosR Is a Global Regulator of the Osmotic Stress Response with Widespread Distribution among Bacteria.	1.0	True
ecoli_e._coli_stringent_response	The Stringent Response Inhibits DNA Replication Initiation in E. coli by Modulating Supercoiling of oriC.	Kraemer JA	doi	10.1128/mBio.01330-19	NOT_FOUND				
ecoli_e._coli_stringent_response	The Stringent Response Inhibits DNA Replication Initiation in E. coli by Modulating Supercoiling of oriC.	Kraemer JA	pmid	31266875	OK	pubmed_31266875	The Stringent Response Inhibits DNA Replication Initiation in E. coli by Modulating Supercoiling of <i>oriC</i>.	0.981	True
ecoli_e._coli_stringent_response	Ribosome•RelA structures reveal the mechanism of stringent response activation.	Loveland AB	doi	pii: e17029. 10.7554/eLife.17029	NOT_FOUND				
ecoli_e._coli_stringent_response	Ribosome•RelA structures reveal the mechanism of stringent response activation.	Loveland AB	pmid	27434674	OK	pubmed_27434674	Ribosome•RelA structures reveal the mechanism of stringent response activation.	1.0	True
ecoli_e._coli_stringent_response	Nitrogen stress response and stringent response are coupled in Escherichia coli.	Brown DR	doi	10.1038/ncomms5115	OK	pubmed_24947454	Nitrogen stress response and stringent response are coupled in Escherichia coli.	1.0	True
ecoli_e._coli_stringent_response	Nitrogen stress response and stringent response are coupled in Escherichia coli.	Brown DR	pmid	24947454	OK	pubmed_24947454	Nitrogen stress response and stringent response are coupled in Escherichia coli.	1.0	True
ecoli_e._coli_stringent_response	Stringent Response Regulators Contribute to Recovery from Glucose Phosphate Stress in Escherichia coli.	Kessler JR	doi	10.1128/AEM.01636-17	NOT_FOUND				
ecoli_e._coli_stringent_response	Stringent Response Regulators Contribute to Recovery from Glucose Phosphate Stress in Escherichia coli.	Kessler JR	pmid	28986375	OK	pubmed_28986375	Stringent Response Regulators Contribute to Recovery from Glucose Phosphate Stress in Escherichia coli.	1.0	True
ecoli_e._coli_two_component_signaling	Two-component signal transduction.	Stock AM, Robinson VL, Goudreau PN	doi	10.1146/annurev.biochem.69.1.183	OK	pubmed_10966457	Two-component signal transduction.	1.0	True
ecoli_e._coli_two_component_signaling	Two-component signal transduction.	Stock AM, Robinson VL, Goudreau PN	pmid	10966457	OK	pubmed_10966457	Two-component signal transduction.	1.0	True
ecoli_envelope_stress_response	Envelope-Stress Sensing Mechanism of Rcs and Cpx Signaling Pathways in Gram-Negative Bacteria.	Cho SH	doi	10.1007/s12275-023-00030-y	OK	pubmed_36892778	Envelope-Stress Sensing Mechanism of Rcs and Cpx Signaling Pathways in Gram-Negative Bacteria.	1.0	True
ecoli_envelope_stress_response	Envelope-Stress Sensing Mechanism of Rcs and Cpx Signaling Pathways in Gram-Negative Bacteria.	Cho SH	pmid	36892778	OK	pubmed_36892778	Envelope-Stress Sensing Mechanism of Rcs and Cpx Signaling Pathways in Gram-Negative Bacteria.	1.0	True
ecoli_envelope_stress_response	Loss of cardiolipin and porins bypasses the essentiality of the sigma E cell envelope stress response in Escherichia coli.	Yang Z	doi	10.1128/mbio.01613-25	OK	pubmed_40823832	Loss of cardiolipin and porins bypasses the essentiality of the sigma E cell envelope stress response in <i>Escherichia coli</i>.	0.984	True
ecoli_envelope_stress_response	Loss of cardiolipin and porins bypasses the essentiality of the sigma E cell envelope stress response in Escherichia coli.	Yang Z	pmid	40823832	OK	pubmed_40823832	Loss of cardiolipin and porins bypasses the essentiality of the sigma E cell envelope stress response in <i>Escherichia coli</i>.	0.984	True
ecoli_envelope_stress_response	Small regulatory bacterial RNAs regulating the envelope stress response.	Klein G	doi	10.1042/BST20160367	NOT_FOUND				
ecoli_envelope_stress_response	Small regulatory bacterial RNAs regulating the envelope stress response.	Klein G	pmid	28408482	OK	pubmed_28408482	Small regulatory bacterial RNAs regulating the envelope stress response.	1.0	True
ecoli_envelope_stress_response	Polymyxin causes cell envelope remodelling and stress responses in mcr-1-harbouring Escherichia coli.	Nang SC	doi	10.1016/j.ijantimicag.2021.106505	OK	pubmed_34954369	Polymyxin causes cell envelope remodelling and stress responses in mcr-1-harbouring Escherichia coli.	1.0	True
ecoli_envelope_stress_response	Polymyxin causes cell envelope remodelling and stress responses in mcr-1-harbouring Escherichia coli.	Nang SC	pmid	34954369	OK	pubmed_34954369	Polymyxin causes cell envelope remodelling and stress responses in mcr-1-harbouring Escherichia coli.	1.0	True
ecoli_fatty_acid_degradation	Two-Carbon Compounds and Fatty Acids as Carbon Sources.	Clark DP, Cronan JE	doi	10.1128/ecosalplus.3.4.4	OK	pubmed_26443509	Two-Carbon Compounds and Fatty Acids as Carbon Sources.	1.0	True
ecoli_fatty_acid_degradation	Two-Carbon Compounds and Fatty Acids as Carbon Sources.	Clark DP, Cronan JE	pmid	26443509	OK	pubmed_26443509	Two-Carbon Compounds and Fatty Acids as Carbon Sources.	1.0	True
ecoli_fatty_acid_synthesis	Forty years of bacterial fatty acid synthesis	Rock CO, Jackowski S	doi	10.1006/bbrc.2001.2022	NO_ABSTRACT	pubmed_11969206	Forty years of bacterial fatty acid synthesis.	1.0	False
ecoli_fatty_acid_synthesis	Forty years of bacterial fatty acid synthesis	Rock CO, Jackowski S	pmid	11969206	NO_ABSTRACT	pubmed_11969206	Forty years of bacterial fatty acid synthesis.	1.0	False
ecoli_fatty_acid_synthesis	The structural biology of type II fatty acid biosynthesis	White SW, Zheng J, Zhang YM, Rock CO	doi	10.1146/annurev.biochem.74.082803.133524	OK	pubmed_15952903	The structural biology of type II fatty acid biosynthesis.	1.0	True
ecoli_fatty_acid_synthesis	The structural biology of type II fatty acid biosynthesis	White SW, Zheng J, Zhang YM, Rock CO	pmid	15952903	OK	pubmed_15952903	The structural biology of type II fatty acid biosynthesis.	1.0	True
ecoli_fatty_acid_synthesis	Bacterial lipids: metabolism and membrane homeostasis	Parsons JB, Rock CO	doi	10.1016/j.plipres.2013.02.002	OK	pubmed_23500459	Bacterial lipids: metabolism and membrane homeostasis.	1.0	True
ecoli_fatty_acid_synthesis	Bacterial lipids: metabolism and membrane homeostasis	Parsons JB, Rock CO	pmid	23500459	OK	pubmed_23500459	Bacterial lipids: metabolism and membrane homeostasis.	1.0	True
ecoli_fatty_acid_synthesis	Regulation of fatty acid elongation and initiation by acyl-acyl carrier protein in Escherichia coli	Heath RJ, Rock CO	doi	10.1074/jbc.271.4.1833	OK	pubmed_8567624	Regulation of fatty acid elongation and initiation by acyl-acyl carrier protein in Escherichia coli.	1.0	True
ecoli_fatty_acid_synthesis	Regulation of fatty acid elongation and initiation by acyl-acyl carrier protein in Escherichia coli	Heath RJ, Rock CO	pmid	8567624	OK	pubmed_8567624	Regulation of fatty acid elongation and initiation by acyl-acyl carrier protein in Escherichia coli.	1.0	True
ecoli_flagellar_assembly	Coupling of flagellar gene expression to flagellar assembly in Salmonella enterica serovar typhimurium and Escherichia coli	Chilcott GS, Hughes KT	doi	10.1128/mmbr.64.4.694-708.2000	OK	pubmed_11104815	Coupling of flagellar gene expression to flagellar assembly in Salmonella enterica serovar typhimurium and Escherichia coli.	1.0	True
ecoli_flagellar_assembly	Coupling of flagellar gene expression to flagellar assembly in Salmonella enterica serovar typhimurium and Escherichia coli	Chilcott GS, Hughes KT	pmid	11104815	OK	pubmed_11104815	Coupling of flagellar gene expression to flagellar assembly in Salmonella enterica serovar typhimurium and Escherichia coli.	1.0	True
ecoli_flagellar_assembly	How bacteria assemble flagella	Macnab RM	doi	10.1146/annurev.micro.57.030502.090832	OK	pubmed_12730325	How bacteria assemble flagella.	1.0	True
ecoli_flagellar_assembly	How bacteria assemble flagella	Macnab RM	pmid	12730325	OK	pubmed_12730325	How bacteria assemble flagella.	1.0	True
ecoli_flagellar_assembly	Molecular motors of the bacterial flagella.	Minamino T, Imada K, Namba K	doi	10.1016/j.sbi.2008.09.006	NO_ABSTRACT	crossref_10.1016_j.sbi.2008.09.006	Molecular motors of the bacterial flagella	1.0	False
ecoli_flagellar_assembly	Molecular motors of the bacterial flagella.	Minamino T, Imada K, Namba K	pmid	18848888	OK	pubmed_18848888	Molecular motors of the bacterial flagella.	1.0	True
ecoli_flagellar_assembly	Bacterial nanomachines: the flagellum and type III injectisome	Erhardt M, Namba K, Hughes KT	doi	10.1101/cshperspect.a000299	OK	pubmed_20926516	Bacterial nanomachines: the flagellum and type III injectisome.	1.0	True
ecoli_flagellar_assembly	Bacterial nanomachines: the flagellum and type III injectisome	Erhardt M, Namba K, Hughes KT	pmid	20926516	OK	pubmed_20926516	Bacterial nanomachines: the flagellum and type III injectisome.	1.0	True
ecoli_flhdc_flagellar	Ordering genes in a flagella pathway by analysis of expression kinetics from living bacteria	Kalir S, McClure J, Pabbaraju K, et al.	doi	10.1126/science.1058758	OK	pubmed_11408658	Ordering genes in a flagella pathway by analysis of expression kinetics from living bacteria.	1.0	True
ecoli_flhdc_flagellar	Ordering genes in a flagella pathway by analysis of expression kinetics from living bacteria	Kalir S, McClure J, Pabbaraju K, et al.	pmid	11408658	OK	pubmed_11408658	Ordering genes in a flagella pathway by analysis of expression kinetics from living bacteria.	1.0	True
ecoli_flhdc_flagellar	Coordinating assembly of a bacterial macromolecular machine	Chevance FFV, Hughes KT	doi	10.1038/nrmicro1887	OK	pubmed_18483484	Coordinating assembly of a bacterial macromolecular machine.	1.0	True
ecoli_flhdc_flagellar	Coordinating assembly of a bacterial macromolecular machine	Chevance FFV, Hughes KT	pmid	18483484	OK	pubmed_18483484	Coordinating assembly of a bacterial macromolecular machine.	1.0	True
ecoli_glycolysis	Glycolysis	Berg JM, Tymoczko JL, Stryer L	doi	N/A	NOT_FOUND				
ecoli_glycolysis	Glycolysis	Berg JM, Tymoczko JL, Stryer L	pmid	N/A	NOT_FOUND				
ecoli_glycolysis	Phosphoenolpyruvate:carbohydrate phosphotransferase systems of bacteria.	Postma PW, Lengeler JW, Jacobson GR	doi	10.1128/mr.57.3.543-594.1993	OK	crossref_10.1128_mr.57.3.543-594.1993	Phosphoenolpyruvate:carbohydrate phosphotransferase systems of bacteria	1.0	True
ecoli_glycolysis	Phosphoenolpyruvate:carbohydrate phosphotransferase systems of bacteria.	Postma PW, Lengeler JW, Jacobson GR	pmid	8246840	OK	pubmed_8246840	Phosphoenolpyruvate:carbohydrate phosphotransferase systems of bacteria.	1.0	True
ecoli_glycolysis	Allosteric regulation of phosphofructokinase from Escherichia coli	Blangy D, Buc H, Monod J	doi	10.1016/0022-2836(68)90398-3	TITLE_MISMATCH	pubmed_4298072	An adenosine 3',5'-monophosphate-dependant protein kinase from rabbit skeletal muscle.	0.43	False
ecoli_glycolysis	Allosteric regulation of phosphofructokinase from Escherichia coli	Blangy D, Buc H, Monod J	pmid	4298072	TITLE_MISMATCH	pubmed_4298072	An adenosine 3',5'-monophosphate-dependant protein kinase from rabbit skeletal muscle.	0.43	False
ecoli_glycolysis	Mixed-acid fermentation in Escherichia coli	Clark DP	doi	10.1111/j.1574-6968.1989.tb03709.x	TITLE_MISMATCH	pubmed_2699410	Ceftazidime in the treatment of acute severe infections in children and adults.	0.43	False
ecoli_glycolysis	Mixed-acid fermentation in Escherichia coli	Clark DP	pmid	2699410	TITLE_MISMATCH	pubmed_2699410	Ceftazidime in the treatment of acute severe infections in children and adults.	0.43	False
ecoli_heat_shock_response	Regulation of the heat-shock response in bacteria	Yura T, Nagai H, Mori H	doi	10.1146/annurev.mi.47.100193.001541	OK	pubmed_7504905	Regulation of the heat-shock response in bacteria.	1.0	True
ecoli_heat_shock_response	Regulation of the heat-shock response in bacteria	Yura T, Nagai H, Mori H	pmid	7504905	OK	pubmed_7504905	Regulation of the heat-shock response in bacteria.	1.0	True
ecoli_heat_shock_response	Hsp70 chaperones: cellular functions and molecular mechanism	Mayer MP, Bukau B	doi	10.1007/s00018-004-4464-6	OK	pubmed_15770419	Hsp70 chaperones: cellular functions and molecular mechanism.	1.0	True
ecoli_heat_shock_response	Hsp70 chaperones: cellular functions and molecular mechanism	Mayer MP, Bukau B	pmid	15770419	OK	pubmed_15770419	Hsp70 chaperones: cellular functions and molecular mechanism.	1.0	True
ecoli_heat_shock_response	The GroEL-GroES chaperonin machine: a nano-cage for protein folding	Hayer-Hartl M, Bracher A, Hartl FU	doi	10.1016/j.tibs.2015.07.009	OK	pubmed_26422689	The GroEL-GroES Chaperonin Machine: A Nano-Cage for Protein Folding.	1.0	True
ecoli_heat_shock_response	The GroEL-GroES chaperonin machine: a nano-cage for protein folding	Hayer-Hartl M, Bracher A, Hartl FU	pmid	26422689	OK	pubmed_26422689	The GroEL-GroES Chaperonin Machine: A Nano-Cage for Protein Folding.	1.0	True
ecoli_heat_shock_response	Convergence of molecular, modeling, and systems approaches for an understanding of the Escherichia coli heat shock response	Guisbert E, Yura T, Rhodius VA, Gross CA	doi	10.1128/mmbr.00007-08	OK	pubmed_18772288	Convergence of molecular, modeling, and systems approaches for an understanding of the Escherichia coli heat shock response.	1.0	True
ecoli_heat_shock_response	Convergence of molecular, modeling, and systems approaches for an understanding of the Escherichia coli heat shock response	Guisbert E, Yura T, Rhodius VA, Gross CA	pmid	18772288	OK	pubmed_18772288	Convergence of molecular, modeling, and systems approaches for an understanding of the Escherichia coli heat shock response.	1.0	True
ecoli_heavy_metal_resistance	Molecular analysis of the copper-transporting efflux system CusCFBA of Escherichia coli.	Franke S, Grass G, Rensing C, Nies DH	doi	10.1128/jb.185.13.3804-3812.2003	OK	pubmed_12813074	Molecular analysis of the copper-transporting efflux system CusCFBA of Escherichia coli.	1.0	True
ecoli_heavy_metal_resistance	Molecular analysis of the copper-transporting efflux system CusCFBA of Escherichia coli.	Franke S, Grass G, Rensing C, Nies DH	pmid	12813074	OK	pubmed_12813074	Molecular analysis of the copper-transporting efflux system CusCFBA of Escherichia coli.	1.0	True
ecoli_heavy_metal_resistance	ZntR-mediated transcriptional induction of zntA upon zinc excess in Escherichia coli	Brocklehurst KR, Hobman JL, Lawley B, Blank L, Marshall SJ, Brown NL, Morby AP	doi	10.1046/j.1365-2958.1999.01459.x	TITLE_MISMATCH	crossref_10.1046_j.1365-2958.1999.01459.x	Type IV pili of pathogenic <i>Neisseriae</i> elicit cortical plaque formation in epithelial cells	0.326	True
ecoli_heavy_metal_resistance	ZntR-mediated transcriptional induction of zntA upon zinc excess in Escherichia coli	Brocklehurst KR, Hobman JL, Lawley B, Blank L, Marshall SJ, Brown NL, Morby AP	pmid	10383764	TITLE_MISMATCH	pubmed_10383764	Dimerization of the Agrobacterium tumefaciens VirB4 ATPase and the effect of ATP-binding cassette mutations on the assembly and function of the T-DNA transporter.	0.245	True
ecoli_heavy_metal_resistance	The Escherichia coli Zur regulates ZnuABC zinc import	Patzer SI, Hantke K	doi	10.1128/jb.180.3.680-689.1998	TITLE_MISMATCH	crossref_10.1128_jb.180.3.680-689.1998	"Archaeal Binding Protein-Dependent ABC Transporter: Molecular and Biochemical Analysis of the Trehalose/Maltose Transport System of the Hyperthermophilic Archaeon
            <i>Thermococcus litoralis</i>"	0.124	True
ecoli_heavy_metal_resistance	The Escherichia coli Zur regulates ZnuABC zinc import	Patzer SI, Hantke K	pmid	9422595	TITLE_MISMATCH	pubmed_9422595	RimM and RbfA are essential for efficient processing of 16S rRNA in Escherichia coli.	0.277	True
ecoli_heavy_metal_resistance	CopA: An Escherichia coli Cu(I)-translocating P-type ATPase	Rensing C, Fan B, Sharma R, Mitra B, Rosen BP	doi	10.1073/pnas.97.2.652	OK	crossref_10.1073_pnas.97.2.652	"CopA: An
                    <i>Escherichia coli</i>
                    Cu(I)-translocating P-type ATPase"	0.966	True
ecoli_heavy_metal_resistance	CopA: An Escherichia coli Cu(I)-translocating P-type ATPase	Rensing C, Fan B, Sharma R, Mitra B, Rosen BP	pmid	10716729	TITLE_MISMATCH	pubmed_10716729	Lipid rafts function in biosynthetic delivery of proteins to the cell surface in yeast.	0.308	True
ecoli_homologous_recombination	Recombinational DNA repair in bacteria and the RecBCD pathway	Dillingham MS, Kowalczykowski SC	doi	10.1128/MMBR.00020-07	NOT_FOUND				
ecoli_homologous_recombination	Recombinational DNA repair in bacteria and the RecBCD pathway	Dillingham MS, Kowalczykowski SC	pmid	18322035	TITLE_MISMATCH	pubmed_18322035	Molecular control of bacterial death and lysis.	0.411	True
ecoli_homologous_recombination	RecA protein filament structure and DNA strand exchange	Chen Z, Yang H, Pavletich NP	doi	10.1038/nature07003	TITLE_MISMATCH	crossref_10.1038_nature07003	Analysis of a spatial orientation memory in Drosophila	0.22	False
ecoli_homologous_recombination	RecA protein filament structure and DNA strand exchange	Chen Z, Yang H, Pavletich NP	pmid	18497818	TITLE_MISMATCH	pubmed_18497818	Mechanism of homologous recombination from the RecA-ssDNA/dsDNA structures.	0.295	True
ecoli_homologous_recombination	Identification of four acidic amino acids that constitute the catalytic center of the RuvC Holliday junction resolvase.	Saito A, Iwasaki H, Ariyoshi M, Morikawa K, Shinagawa H	doi	10.1073/pnas.92.16.7470	OK	pubmed_7638215	Identification of four acidic amino acids that constitute the catalytic center of the RuvC Holliday junction resolvase.	1.0	True
ecoli_homologous_recombination	Identification of four acidic amino acids that constitute the catalytic center of the RuvC Holliday junction resolvase.	Saito A, Iwasaki H, Ariyoshi M, Morikawa K, Shinagawa H	pmid	7638215	OK	pubmed_7638215	Identification of four acidic amino acids that constitute the catalytic center of the RuvC Holliday junction resolvase.	1.0	True
ecoli_homologous_recombination	How RecBCD enzyme and Chi promote DNA break repair and recombination: a molecular biologist's view.	Smith GR	doi	10.1128/mmbr.05026-11	OK	pubmed_22688812	How RecBCD enzyme and Chi promote DNA break repair and recombination: a molecular biologist's view.	1.0	True
ecoli_homologous_recombination	How RecBCD enzyme and Chi promote DNA break repair and recombination: a molecular biologist's view.	Smith GR	pmid	22688812	OK	pubmed_22688812	How RecBCD enzyme and Chi promote DNA break repair and recombination: a molecular biologist's view.	1.0	True
ecoli_iron_homeostasis	Bacterial iron homeostasis.	Andrews SC	pmid	12829269	OK	pubmed_12829269	Bacterial iron homeostasis.	1.0	True
ecoli_iron_homeostasis	Iron Homeostasis Regulates the Genotoxicity of Escherichia coli That Produces Colibactin.	Tronnet S	pmid	27620723	OK	pubmed_27620723	Iron Homeostasis Regulates the Genotoxicity of Escherichia coli That Produces Colibactin.	1.0	True
ecoli_iron_homeostasis	Increasing dissolved-oxygen disrupts iron homeostasis in production cultures of Escherichia coli.	Baez A	doi	10.1007/s10482-016-0781-7	OK	pubmed_27757702	Increasing dissolved-oxygen disrupts iron homeostasis in production cultures of Escherichia coli.	1.0	True
ecoli_iron_homeostasis	Increasing dissolved-oxygen disrupts iron homeostasis in production cultures of Escherichia coli.	Baez A	pmid	27757702	OK	pubmed_27757702	Increasing dissolved-oxygen disrupts iron homeostasis in production cultures of Escherichia coli.	1.0	True
ecoli_iron_homeostasis	Global iron-dependent gene regulation in Escherichia coli. A new mechanism for iron homeostasis.	McHugh JP	pmid	12746439	OK	pubmed_12746439	Global iron-dependent gene regulation in Escherichia coli. A new mechanism for iron homeostasis.	1.0	True
ecoli_lac_operon	RegulonDB				NO_IDENTIFIERS				
ecoli_lac_operon	Genetic regulatory mechanisms in the synthesis of proteins	Jacob F, Monod J	doi	10.1016/S0022-2836(61)80072-7	NOT_FOUND				
ecoli_lac_operon	Genetic regulatory mechanisms in the synthesis of proteins	Jacob F, Monod J	pmid	13718526	OK	pubmed_13718526	Genetic regulatory mechanisms in the synthesis of proteins.	1.0	True
ecoli_lac_operon	The lactose operon	Müller-Hill B			NO_IDENTIFIERS				
ecoli_lac_operon	Indirect readout of DNA sequence at the primary-kink site in the CAP-DNA complex: recognition of pyrimidine-purine and purine-purine steps	Napoli AA, Lawson CL, Ebright RH, Berman HM	doi	10.1016/j.jmb.2005.12.051	OK	pubmed_16427082	Indirect readout of DNA sequence at the primary-kink site in the CAP-DNA complex: recognition of pyrimidine-purine and purine-purine steps.	1.0	True
ecoli_lac_operon	Indirect readout of DNA sequence at the primary-kink site in the CAP-DNA complex: recognition of pyrimidine-purine and purine-purine steps	Napoli AA, Lawson CL, Ebright RH, Berman HM	pmid	16427082	OK	pubmed_16427082	Indirect readout of DNA sequence at the primary-kink site in the CAP-DNA complex: recognition of pyrimidine-purine and purine-purine steps.	1.0	True
ecoli_lac_operon	Allostery in the LacI/GalR family: variations on a theme	Swint-Kruse L, Matthews KS	doi	10.1016/j.mib.2009.01.009	OK	pubmed_19269243	Allostery in the LacI/GalR family: variations on a theme.	1.0	True
ecoli_lac_operon	Allostery in the LacI/GalR family: variations on a theme	Swint-Kruse L, Matthews KS	pmid	19269243	OK	pubmed_19269243	Allostery in the LacI/GalR family: variations on a theme.	1.0	True
ecoli_lambda_switch	A Genetic Switch: Phage Lambda Revisited (3rd ed.)	Ptashne M			NO_IDENTIFIERS				
ecoli_lambda_switch	Stochastic kinetic analysis of developmental pathway bifurcation in phage lambda-infected Escherichia coli cells	Arkin A, Ross J, McAdams HH	doi	10.1093/genetics/149.4.1633	OK	pubmed_9691025	Stochastic kinetic analysis of developmental pathway bifurcation in phage lambda-infected Escherichia coli cells.	1.0	True
ecoli_lambda_switch	Stochastic kinetic analysis of developmental pathway bifurcation in phage lambda-infected Escherichia coli cells	Arkin A, Ross J, McAdams HH	pmid	9691025	OK	pubmed_9691025	Stochastic kinetic analysis of developmental pathway bifurcation in phage lambda-infected Escherichia coli cells.	1.0	True
ecoli_mal_regulon	The maltose system	Boos W, Shuman H			NO_IDENTIFIERS				
ecoli_mal_regulon	Regulation of the maltose regulon in Escherichia coli	Raibaud O, Schwartz M	pmid	6387427	NO_ABSTRACT	pubmed_6387427	The respiratory chains of Escherichia coli.	0.568	False
ecoli_mal_regulon	The MalT-dependent transcriptional activation of the maltose regulon	Richet E, Vidal-Ingigliardi D, Raibaud O	doi	10.1111/j.1365-2958.1991.tb01893.x	TITLE_MISMATCH	pubmed_1956296	Genetic and biochemical analysis of the aspartokinase from Corynebacterium glutamicum.	0.366	True
ecoli_mal_regulon	The MalT-dependent transcriptional activation of the maltose regulon	Richet E, Vidal-Ingigliardi D, Raibaud O	pmid	1956296	TITLE_MISMATCH	pubmed_1956296	Genetic and biochemical analysis of the aspartokinase from Corynebacterium glutamicum.	0.366	True
ecoli_mal_regulon	ATP-dependent regulation of maltose transport in Escherichia coli	Dippel R, Boos W			NO_IDENTIFIERS				
ecoli_mismatch_repair	Mismatch repair in replication fidelity, genetic recombination, and cancer biology	Kunkel TA, Erie DA	doi	10.1146/annurev.biochem.74.082803.133243	TITLE_MISMATCH	pubmed_15952900	DNA mismatch repair.	0.303	True
ecoli_mismatch_repair	Mismatch repair in replication fidelity, genetic recombination, and cancer biology	Kunkel TA, Erie DA	pmid	15952900	TITLE_MISMATCH	pubmed_15952900	DNA mismatch repair.	0.303	True
ecoli_mismatch_repair	Mechanism of mismatch recognition revealed by human MutSβ bound to unpaired DNA loops	Warren JJ, et al	doi	10.1016/j.molcel.2007.04.018	TITLE_MISMATCH	pubmed_17531815	Structure of the human MutSalpha DNA lesion recognition complex.	0.327	True
ecoli_mismatch_repair	Mechanism of mismatch recognition revealed by human MutSβ bound to unpaired DNA loops	Warren JJ, et al	pmid	17531815	TITLE_MISMATCH	pubmed_17531815	Structure of the human MutSalpha DNA lesion recognition complex.	0.327	True
ecoli_mismatch_repair	Mismatch repair proteins MutS and MutL: jack of all trades?	Jiricny J			NO_IDENTIFIERS				
ecoli_mismatch_repair	Bacterial methyl-directed DNA mismatch repair	Modrich P, Lahue R	doi	10.1146/annurev.bi.65.070196.000533	TITLE_MISMATCH	pubmed_8811176	Mismatch repair in replication fidelity, genetic recombination, and cancer biology.	0.24	True
ecoli_mismatch_repair	Bacterial methyl-directed DNA mismatch repair	Modrich P, Lahue R	pmid	8811176	TITLE_MISMATCH	pubmed_8811176	Mismatch repair in replication fidelity, genetic recombination, and cancer biology.	0.24	True
ecoli_nitrogen_assimilation	Nitrogen regulation in bacteria and archaea.	Leigh JA, Dodsworth JA	doi	10.1146/annurev.micro.61.080706.093409	OK	crossref_10.1146_annurev.micro.61.080706.093409	Nitrogen Regulation in Bacteria and Archaea	1.0	True
ecoli_nitrogen_assimilation	Nitrogen regulation in bacteria and archaea.	Leigh JA, Dodsworth JA	pmid	17506680	OK	pubmed_17506680	Nitrogen regulation in bacteria and archaea.	1.0	True
ecoli_nitrogen_assimilation	The Ntr signal transduction system	Ninfa AJ, Jiang P	doi	10.1016/j.mib.2005.02.011	TITLE_MISMATCH	crossref_10.1016_j.mib.2005.02.011	PII signal transduction proteins: sensors of α-ketoglutarate that regulate nitrogen metabolism	0.384	False
ecoli_nitrogen_assimilation	The Ntr signal transduction system	Ninfa AJ, Jiang P	pmid	15802258	TITLE_MISMATCH	pubmed_15802258	Focusing on the experience of insomnia.	0.278	True
ecoli_nitrogen_assimilation	Signal transduction by the PII protein	Ninfa AJ, Atkinson MR	doi	10.1016/S0966-842X(00)01709-1	NOT_FOUND				
ecoli_nitrogen_assimilation	Signal transduction by the PII protein	Ninfa AJ, Atkinson MR	pmid	10754576	OK	pubmed_10754576	PII signal transduction proteins.	0.771	True
ecoli_nitrogen_assimilation	σ54-dependent transcription	Buck M, Gallegos MT, Studholme DJ, Guo Y, Gralla JD	doi	10.1128/JB.182.15.4129-4136.2000	NOT_FOUND				
ecoli_nitrogen_assimilation	σ54-dependent transcription	Buck M, Gallegos MT, Studholme DJ, Guo Y, Gralla JD	pmid	10894718	NO_ABSTRACT	pubmed_10894718	The bacterial enhancer-dependent sigma(54) (sigma(N)) transcription factor.	0.5	False
ecoli_nucleotide_biosynthesis	Nucleotide metabolism	Zalkin H, Dixon JE			NO_IDENTIFIERS				
ecoli_nucleotide_excision_repair	Nucleotide excision repair in E. coli	Truglio JJ, Croteau DL, Van Houten B, Kisker C	doi	10.1021/cr040471u	NO_ABSTRACT	pubmed_16464004	Prokaryotic nucleotide excision repair: the UvrABC system.	0.652	False
ecoli_nucleotide_excision_repair	Nucleotide excision repair in E. coli	Truglio JJ, Croteau DL, Van Houten B, Kisker C	pmid	16464004	NO_ABSTRACT	pubmed_16464004	Prokaryotic nucleotide excision repair: the UvrABC system.	0.652	False
ecoli_nucleotide_excision_repair	Structure of the UvrB-DNA complex	Truglio JJ, Karakas E, Rhau B, et al	doi	10.1038/nsmb1072	TITLE_MISMATCH	pubmed_16532007	Structural basis for DNA recognition and processing by UvrB.	0.37	True
ecoli_nucleotide_excision_repair	Structure of the UvrB-DNA complex	Truglio JJ, Karakas E, Rhau B, et al	pmid	16532007	TITLE_MISMATCH	pubmed_16532007	Structural basis for DNA recognition and processing by UvrB.	0.37	True
ecoli_nucleotide_excision_repair	The mechanism of Escherichia coli UvrABC endonuclease	Sancar A, Rupp WD	doi	10.1016/0092-8674(83)90354-9	TITLE_MISMATCH	pubmed_6380755	A novel repair enzyme: UVRABC excision nuclease of Escherichia coli cuts a DNA strand on both sides of the damaged region.	0.428	True
ecoli_nucleotide_excision_repair	The mechanism of Escherichia coli UvrABC endonuclease	Sancar A, Rupp WD	pmid	6380755	TITLE_MISMATCH	pubmed_6380755	A novel repair enzyme: UVRABC excision nuclease of Escherichia coli cuts a DNA strand on both sides of the damaged region.	0.428	True
ecoli_nucleotide_excision_repair	Mechanisms of transcription-repair coupling and mutation frequency decline.	Selby CP, Sancar A	doi	10.1128/mr.58.3.317-329.1994	OK	pubmed_7968917	Mechanisms of transcription-repair coupling and mutation frequency decline.	1.0	True
ecoli_nucleotide_excision_repair	Mechanisms of transcription-repair coupling and mutation frequency decline.	Selby CP, Sancar A	pmid	7968917	OK	pubmed_7968917	Mechanisms of transcription-repair coupling and mutation frequency decline.	1.0	True
ecoli_outer_membrane_assembly	The BAM complex in outer membrane protein biogenesis	Ricci DP, Silhavy TJ			NO_IDENTIFIERS				
ecoli_oxidative_stress_response	OxyR: a regulator of antioxidant genes	Storz G, Tartaglia LA, Ames BN	doi	10.1093/jn/120.suppl_1.23	NOT_FOUND				
ecoli_oxidative_stress_response	OxyR: a regulator of antioxidant genes	Storz G, Tartaglia LA, Ames BN	pmid	2246066	TITLE_MISMATCH	pubmed_2246066	Aromatic DNA adducts in white blood cells of coke workers.	0.319	True
ecoli_oxidative_stress_response	Activation of the Escherichia coli SoxRS regulon by superoxide stress	Greenberg JT, Monach P, Chou JH, Josephy PD, Demple B	doi	10.1073/pnas.87.16.6181	TITLE_MISMATCH	pubmed_1696718	Positive control of a global antioxidant defense regulon activated by superoxide-generating agents in Escherichia coli.	0.299	True
ecoli_oxidative_stress_response	Activation of the Escherichia coli SoxRS regulon by superoxide stress	Greenberg JT, Monach P, Chou JH, Josephy PD, Demple B	pmid	2164424	TITLE_MISMATCH	pubmed_2164424	[Reduced sensitivity of glycerinated rabbit m.psoas fibers to diprotonated vanadate during decrease in pH].	0.301	True
ecoli_oxidative_stress_response	Hydrogen peroxide sensor and redox regulator OxyR: activation mechanism and sensing of H2O2	Choi H, Kim S, Mukhopadhyay P, Cho S, Woo J, Storz G, Ryu SE	doi	10.1016/s0092-8674(01)00531-2	NOT_FOUND				
ecoli_oxidative_stress_response	Hydrogen peroxide sensor and redox regulator OxyR: activation mechanism and sensing of H2O2	Choi H, Kim S, Mukhopadhyay P, Cho S, Woo J, Storz G, Ryu SE	pmid	11323133	TITLE_MISMATCH	pubmed_11323133	Modulation of jaw muscle spindle afferent activity following intramuscular injections with hypertonic saline.	0.283	True
ecoli_oxidative_stress_response	SoxR, a [2Fe-2S] transcription factor, is active only in its oxidized form	Hidalgo E, Ding H, Demple B	doi	10.1073/pnas.94.1.173	NOT_FOUND				
ecoli_oxidative_stress_response	SoxR, a [2Fe-2S] transcription factor, is active only in its oxidized form	Hidalgo E, Ding H, Demple B	pmid	9223282	TITLE_MISMATCH	pubmed_9223282	Alpha-tocopheryl hydroquinone is an efficient multifunctional inhibitor of radical-initiated oxidation of low density lipoprotein lipids.	0.184	True
ecoli_pentose_phosphate_pathway	The return of metabolism: biochemistry and physiology of the pentose phosphate pathway.	Stincone A, Prigione A, Cramer T, Wamelink MM, Campbell K, Cheung E, Olin-Sandoval V, Grüning NM, Krüger A, Tauqeer Alam M, Keller MA, Breitenbach M, Brindle KM, Rabinowitz JD, Ralser M	doi	10.1111/brv.12140	OK	pubmed_25243985	The return of metabolism: biochemistry and physiology of the pentose phosphate pathway.	1.0	True
ecoli_pentose_phosphate_pathway	The return of metabolism: biochemistry and physiology of the pentose phosphate pathway.	Stincone A, Prigione A, Cramer T, Wamelink MM, Campbell K, Cheung E, Olin-Sandoval V, Grüning NM, Krüger A, Tauqeer Alam M, Keller MA, Breitenbach M, Brindle KM, Rabinowitz JD, Ralser M	pmid	25243985	OK	pubmed_25243985	The return of metabolism: biochemistry and physiology of the pentose phosphate pathway.	1.0	True
ecoli_periplasmic_stress	The periplasmic folding factor CpxP modulates the Cpx response	Raivio TL, Silhavy TJ	doi	10.1128/JB.183.3.1003-1012.2001	NOT_FOUND				
ecoli_periplasmic_stress	The periplasmic folding factor CpxP modulates the Cpx response	Raivio TL, Silhavy TJ	pmid	11741871	TITLE_MISMATCH	pubmed_11741871	Utilization of L-ascorbate by Escherichia coli K-12: assignments of functions to products of the yjf-sga and yia-sgb operons.	0.346	True
ecoli_periplasmic_stress	The Cpx envelope stress response is controlled by amplification and feedback inhibition	Vogt SL, Raivio TL	doi	10.1128/JB.00817-12	NOT_FOUND				
ecoli_periplasmic_stress	The Cpx envelope stress response is controlled by amplification and feedback inhibition	Vogt SL, Raivio TL	pmid	22685280	TITLE_MISMATCH	pubmed_22685280	The MscS and MscL families of mechanosensitive channels act as microbial emergency release valves.	0.228	True
ecoli_periplasmic_stress	DegP: a protease of protein quality control in the bacterial periplasm	Clausen T, Kaiser M, Huber R, Ehrmann M			NO_IDENTIFIERS				
ecoli_periplasmic_stress	Pushing the envelope: extracytoplasmic stress responses in bacterial pathogens.	Rowley G, Spector M, Kormanec J, Roberts M	doi	10.1038/nrmicro1394	OK	pubmed_16715050	Pushing the envelope: extracytoplasmic stress responses in bacterial pathogens.	1.0	True
ecoli_periplasmic_stress	Pushing the envelope: extracytoplasmic stress responses in bacterial pathogens.	Rowley G, Spector M, Kormanec J, Roberts M	pmid	16715050	OK	pubmed_16715050	Pushing the envelope: extracytoplasmic stress responses in bacterial pathogens.	1.0	True
ecoli_phage_defense	CRISPR interference: RNA-directed adaptive immunity in bacteria and archaea.	Marraffini LA, Sontheimer EJ	doi	10.1038/nrg2749	OK	pubmed_20125085	CRISPR interference: RNA-directed adaptive immunity in bacteria and archaea.	1.0	True
ecoli_phage_defense	CRISPR interference: RNA-directed adaptive immunity in bacteria and archaea.	Marraffini LA, Sontheimer EJ	pmid	20125085	OK	pubmed_20125085	CRISPR interference: RNA-directed adaptive immunity in bacteria and archaea.	1.0	True
ecoli_pho_regulon	Phosphate assimilation and control of alkaline phosphatase synthesis in Escherichia coli	Wanner BL			NO_IDENTIFIERS				
ecoli_pho_regulon	The Pho regulon: a huge regulatory network in bacteria	Santos-Beneit F	doi	10.3389/fmicb.2015.00402	OK	pubmed_25983732	The Pho regulon: a huge regulatory network in bacteria.	1.0	True
ecoli_pho_regulon	The Pho regulon: a huge regulatory network in bacteria	Santos-Beneit F	pmid	25983732	OK	pubmed_25983732	The Pho regulon: a huge regulatory network in bacteria.	1.0	True
ecoli_pho_regulon	Two-component signal transduction as a target for microbial anti-infective therapy	Stephenson K, Hoch JA			NO_IDENTIFIERS				
ecoli_pho_regulon	Phosphate-specific transport system of Escherichia coli: nucleotide sequence and gene-polypeptide relationships	Surin BP, Rosenberg H, Cox GB	pmid	2981804	TITLE_MISMATCH	pubmed_2981804	Stable inheritance of plasmid R1 requires two different loci.	0.294	True
ecoli_phosphate_regulation	Regulation of phosphate starvation-specific responses in Escherichia coli.	Moreau PL	doi	10.1099/mic.0.001312	OK	pubmed_36972330	Regulation of phosphate starvation-specific responses in <i>Escherichia coli</i>.	0.973	True
ecoli_phosphate_regulation	Regulation of phosphate starvation-specific responses in Escherichia coli.	Moreau PL	pmid	36972330	OK	pubmed_36972330	Regulation of phosphate starvation-specific responses in <i>Escherichia coli</i>.	0.973	True
ecoli_phosphate_regulation	A broadly applicable, stress-mediated bacterial death pathway regulated by the phosphotransferase system (PTS) and the cAMP-Crp cascade.	Zeng J	doi	10.1073/pnas.2118566119	OK	pubmed_35648826	A broadly applicable, stress-mediated bacterial death pathway regulated by the phosphotransferase system (PTS) and the cAMP-Crp cascade.	1.0	True
ecoli_phosphate_regulation	A broadly applicable, stress-mediated bacterial death pathway regulated by the phosphotransferase system (PTS) and the cAMP-Crp cascade.	Zeng J	pmid	35648826	OK	pubmed_35648826	A broadly applicable, stress-mediated bacterial death pathway regulated by the phosphotransferase system (PTS) and the cAMP-Crp cascade.	1.0	True
ecoli_phosphate_regulation	On the mechanism of Escherichia coli pyridoxal kinase inhibition by pyridoxal and pyridoxal 5'-phosphate.	di Salvo ML	doi	10.1016/j.bbapap.2015.01.013	OK	pubmed_25655354	On the mechanism of Escherichia coli pyridoxal kinase inhibition by pyridoxal and pyridoxal 5'-phosphate.	1.0	True
ecoli_phosphate_regulation	On the mechanism of Escherichia coli pyridoxal kinase inhibition by pyridoxal and pyridoxal 5'-phosphate.	di Salvo ML	pmid	25655354	OK	pubmed_25655354	On the mechanism of Escherichia coli pyridoxal kinase inhibition by pyridoxal and pyridoxal 5'-phosphate.	1.0	True
ecoli_phosphate_regulation	Redistribution of phosphate pools and the regulation of Escherichia coli adenylate cyclase activity.	Peterkofsky A	pmid	2844115	OK	pubmed_2844115	Redistribution of phosphate pools and the regulation of Escherichia coli adenylate cyclase activity.	1.0	True
ecoli_phosphate_transport	Phosphate assimilation in E. coli	Wanner BL			NO_IDENTIFIERS				
ecoli_protein_folding_chaperones	Production of Biopharmaceuticals in E. coli: Current Scenario and Future Perspectives.	Baeshen MN	doi	10.4014/jmb.1412.12079	OK	pubmed_25737124	Production of Biopharmaceuticals in E. coli: Current Scenario and Future Perspectives.	1.0	True
ecoli_protein_folding_chaperones	Production of Biopharmaceuticals in E. coli: Current Scenario and Future Perspectives.	Baeshen MN	pmid	25737124	OK	pubmed_25737124	Production of Biopharmaceuticals in E. coli: Current Scenario and Future Perspectives.	1.0	True
ecoli_protein_folding_chaperones	SecY translocon chaperones protein folding during membrane protein insertion.	Ou X	doi	10.1016/j.cell.2025.01.037	OK	pubmed_39978345	SecY translocon chaperones protein folding during membrane protein insertion.	1.0	True
ecoli_protein_folding_chaperones	SecY translocon chaperones protein folding during membrane protein insertion.	Ou X	pmid	39978345	OK	pubmed_39978345	SecY translocon chaperones protein folding during membrane protein insertion.	1.0	True
ecoli_protein_folding_chaperones	Mechanism of chaperone coordination during cotranslational protein folding in bacteria.	Roeselová A	doi	10.1016/j.molcel.2024.06.002	OK	pubmed_38908370	Mechanism of chaperone coordination during cotranslational protein folding in bacteria.	1.0	True
ecoli_protein_folding_chaperones	Mechanism of chaperone coordination during cotranslational protein folding in bacteria.	Roeselová A	pmid	38908370	OK	pubmed_38908370	Mechanism of chaperone coordination during cotranslational protein folding in bacteria.	1.0	True
ecoli_protein_folding_chaperones	Chaperonin-co-chaperonin interactions.	Boshoff A	doi	10.1007/978-3-319-11731-7_8	OK	pubmed_25487021	Chaperonin-co-chaperonin interactions.	1.0	True
ecoli_protein_folding_chaperones	Chaperonin-co-chaperonin interactions.	Boshoff A	pmid	25487021	OK	pubmed_25487021	Chaperonin-co-chaperonin interactions.	1.0	True
ecoli_quorum_sensing	Quorum sensing architecture network in Escherichia coli virulence and pathogenesis	Lamas A	pmid	37312272	OK	pubmed_37312272	Quorum sensing architecture network in Escherichia coli virulence and pathogenesis.	1.0	True
ecoli_quorum_sensing	Bacterial resistance in biofilm-associated bacteria	Jamal M	pmid	26517598	OK	pubmed_26517598	Bacterial resistance in biofilm-associated bacteria.	1.0	True
ecoli_quorum_sensing	Mechanisms of Inhibition of Quorum Sensing as an Alternative for the Control of E. coli and Salmonella	Castillo-Juárez I	pmid	35630329	OK	pubmed_35630329	Mechanisms of Inhibition of Quorum Sensing as an Alternative for the Control of <i>E. coli</i> and <i>Salmonella</i>.	0.962	True
ecoli_quorum_sensing	Plant Based Natural Products as Quorum Sensing Inhibitors in Food Spoilage Bacteria	Raorane CJ	pmid	34720078	OK	pubmed_34720078	Plant Based Natural Products as Quorum Sensing Inhibitors in E. Coli: A Critical Review.	0.81	True
ecoli_ribosome_assembly	Structure of the 30S ribosomal subunit	Wimberly BT, Brodersen DE, Clemons WM Jr, Morgan-Warren RJ, Carter AP, Vonrhein C, Hartsch T, Ramakrishnan V	doi	10.1038/35030006	OK	pubmed_11014182	Structure of the 30S ribosomal subunit.	1.0	True
ecoli_ribosome_assembly	Structure of the 30S ribosomal subunit	Wimberly BT, Brodersen DE, Clemons WM Jr, Morgan-Warren RJ, Carter AP, Vonrhein C, Hartsch T, Ramakrishnan V	pmid	11014182	OK	pubmed_11014182	Structure of the 30S ribosomal subunit.	1.0	True
ecoli_ribosome_assembly	The path from nucleotides to ribosome assembly	Kaczanowska M, Rydén-Aulin M	doi	10.1128/MMBR.00013-07	NOT_FOUND				
ecoli_ribosome_assembly	The path from nucleotides to ribosome assembly	Kaczanowska M, Rydén-Aulin M	pmid	17804668	TITLE_MISMATCH	pubmed_17804668	Ribosome biogenesis and the translation process in Escherichia coli.	0.248	True
ecoli_ribosome_assembly	Assembly of the 30S ribosomal subunit.	Culver GM	doi	10.1002/bip.10221	OK	pubmed_12548626	Assembly of the 30S ribosomal subunit.	1.0	True
ecoli_ribosome_assembly	Assembly of the 30S ribosomal subunit.	Culver GM	pmid	12548626	OK	pubmed_12548626	Assembly of the 30S ribosomal subunit.	1.0	True
ecoli_ribosome_assembly	Ribosome assembly coming into focus	Shajani Z, Sykes MT, Williamson JR	doi	10.1038/nrm3173	TITLE_MISMATCH	crossref_10.1038_nrm3173	The predator becomes the prey: regulating the ubiquitin system by ubiquitylation and degradation	0.292	False
ecoli_ribosome_assembly	Ribosome assembly coming into focus	Shajani Z, Sykes MT, Williamson JR	pmid	21858987	TITLE_MISMATCH	pubmed_21858987	Technical note: Extension of Van Herk's treatment margin model for anisotropic systematic positioning errors in cartesian coordinate systema.	0.172	True
ecoli_rna_polymerase_recycling	Mechanism of transcription termination by E. coli RNA polymerase	Roberts JW	doi	10.1073/pnas.1903846116	NOT_FOUND				
ecoli_rna_polymerase_recycling	Mechanism of transcription termination by E. coli RNA polymerase	Roberts JW	pmid	30971490	TITLE_MISMATCH	pubmed_30971490	Locus coeruleus toggles reciprocal prefrontal firing to reinstate fear.	0.226	True
ecoli_rna_polymerase_recycling	A model for sigma factor competition in bacterial cells.	Mauri M, Klumpp S	doi	10.1371/journal.pcbi.1003845	OK	pubmed_25299042	A model for sigma factor competition in bacterial cells.	1.0	True
ecoli_rna_polymerase_recycling	A model for sigma factor competition in bacterial cells.	Mauri M, Klumpp S	pmid	25299042	OK	pubmed_25299042	A model for sigma factor competition in bacterial cells.	1.0	True
ecoli_rna_polymerase_recycling	Rho Protein: Roles and Mechanisms.	Mitra P, Ghosh G, Hafeezunnisa M, Sen R	doi	10.1146/annurev-micro-030117-020432	OK	pubmed_28731845	Rho Protein: Roles and Mechanisms.	1.0	True
ecoli_rna_polymerase_recycling	Rho Protein: Roles and Mechanisms.	Mitra P, Ghosh G, Hafeezunnisa M, Sen R	pmid	28731845	OK	pubmed_28731845	Rho Protein: Roles and Mechanisms.	1.0	True
ecoli_rna_polymerase_recycling	Recycling of the RNA polymerase in Escherichia coli	Harden TT, Wells CD, Friedman LJ, Landick R, Hochschild A, Kondev J, Gelles J	doi	10.7554/eLife.13684	NOT_FOUND				
ecoli_rna_polymerase_recycling	Recycling of the RNA polymerase in Escherichia coli	Harden TT, Wells CD, Friedman LJ, Landick R, Hochschild A, Kondev J, Gelles J	pmid	27074666	TITLE_MISMATCH	pubmed_27074666	Wnt, Ptk7, and FGFRL expression gradients control trunk positional identity in planarian regeneration.	0.293	True
ecoli_sigma_factor_competition	Sigma factor selectivity in Escherichia coli: role for CRP, IHF and Lrp transcription factors	Jishage M, Kvint K, Shingler V, Nyström T	doi	10.1093/emboj/cdf389	TITLE_MISMATCH	crossref_10.1093_emboj_cdf389	Aberrantly expressed c‐Jun and JunB are a hallmark of Hodgkin lymphoma cells, stimulate proliferation and synergize with NF‐κB	0.223	False
ecoli_sigma_factor_competition	Sigma factor selectivity in Escherichia coli: role for CRP, IHF and Lrp transcription factors	Jishage M, Kvint K, Shingler V, Nyström T	pmid	12169625	TITLE_MISMATCH	pubmed_12169625	Maternally transmitted severe glucose 6-phosphate dehydrogenase deficiency is an embryonic lethal.	0.234	True
ecoli_sigma_factor_competition	The alternative sigma factor network in Escherichia coli	Gruber TM, Gross CA	doi	10.1046/j.1365-2958.2003.03512.x	TITLE_MISMATCH	crossref_10.1046_j.1365-2958.2003.03512.x	RelE toxins from Bacteria and Archaea cleave mRNAs on translating ribosomes, which are rescued by tmRNA	0.241	True
ecoli_sigma_factor_competition	The alternative sigma factor network in Escherichia coli	Gruber TM, Gross CA	pmid	12787347	TITLE_MISMATCH	pubmed_12787347	The Escherichia coli amidase AmiC is a periplasmic septal ring component exported via the twin-arginine transport pathway.	0.226	True
ecoli_sigma_factor_competition	A model for sigma factor competition in bacterial cells.	Mauri M, Klumpp S	doi	10.1371/journal.pcbi.1003845	OK	pubmed_25299042	A model for sigma factor competition in bacterial cells.	1.0	True
ecoli_sigma_factor_competition	A model for sigma factor competition in bacterial cells.	Mauri M, Klumpp S	pmid	25299042	OK	pubmed_25299042	A model for sigma factor competition in bacterial cells.	1.0	True
ecoli_sigma_factor_competition	Regulation of RNA polymerase sigma subunit synthesis and activity	Wade JT, Struhl K	doi	10.1128/MMBR.00034-07	NOT_FOUND				
ecoli_sigma_factor_competition	Regulation of RNA polymerase sigma subunit synthesis and activity	Wade JT, Struhl K	pmid	18535149	TITLE_MISMATCH	pubmed_18535149	Structure, function, and evolution of bacterial ATP-binding cassette systems.	0.317	True
ecoli_sos_lexa	The SOS regulatory system of Escherichia coli.	Little JW, Mount DW	doi	10.1016/0092-8674(82)90085-x	NO_ABSTRACT	pubmed_7049397	The SOS regulatory system of Escherichia coli.	1.0	False
ecoli_sos_lexa	The SOS regulatory system of Escherichia coli.	Little JW, Mount DW	pmid	7049397	NO_ABSTRACT	pubmed_7049397	The SOS regulatory system of Escherichia coli.	1.0	False
ecoli_sos_response	The SOS response: recent insights into umuDC-dependent mutagenesis and DNA damage tolerance	Friedberg EC			NO_IDENTIFIERS				
ecoli_sos_response	Regulation of the Escherichia coli SOS response	Fernández De Henestrosa AR			NO_IDENTIFIERS				
ecoli_sos_response	RecA protein: structure, function, and role in recombinational DNA repair	Cox MM	pmid	10494826	TITLE_MISMATCH	pubmed_10494826	The dual role of lipopolysaccharide as effector and target molecule.	0.292	True
ecoli_sos_response	The LexA transcriptional repressor	Little JW			NO_IDENTIFIERS				
ecoli_starvation_response	The RpoS sigma factor of Escherichia coli: synthesis and degradation	Hengge-Aronis R			NO_IDENTIFIERS				
ecoli_starvation_response	Small RNAs, DsrA and RprA, control the synthesis of the stationary phase sigma factor in Escherichia coli	Majdalani N, Cunning C, Sledjeski D, Elliott T, Gottesman S	doi	10.1073/pnas.95.21.12462	TITLE_MISMATCH	crossref_10.1073_pnas.95.21.12462	DsrA RNA regulates translation of RpoS message by an anti-antisense mechanism, independent of its action as an antisilencer of transcription	0.256	True
ecoli_starvation_response	Small RNAs, DsrA and RprA, control the synthesis of the stationary phase sigma factor in Escherichia coli	Majdalani N, Cunning C, Sledjeski D, Elliott T, Gottesman S	pmid	9826730	TITLE_MISMATCH	pubmed_9826730	Hippocampal, but not amygdala, activity at encoding correlates with long-term, free recall of nonemotional information.	0.147	True
ecoli_starvation_response	Regulation of RpoS proteolysis in Escherichia coli: the response regulator RssB is a recognition factor that interacts with the turnover element in RpoS.	Becker G, Klauck E, Hengge-Aronis R	doi	10.1073/pnas.96.11.6439	OK	pubmed_10339606	Regulation of RpoS proteolysis in Escherichia coli: the response regulator RssB is a recognition factor that interacts with the turnover element in RpoS.	1.0	True
ecoli_starvation_response	Regulation of RpoS proteolysis in Escherichia coli: the response regulator RssB is a recognition factor that interacts with the turnover element in RpoS.	Becker G, Klauck E, Hengge-Aronis R	pmid	10339606	OK	pubmed_10339606	Regulation of RpoS proteolysis in Escherichia coli: the response regulator RssB is a recognition factor that interacts with the turnover element in RpoS.	1.0	True
ecoli_starvation_response	ppGpp-dependent stationary phase induction of genes on Escherichia coli	Kvint K, Nachin L, Diez A, Nyström T	doi	10.1046/j.1365-2958.2003.03255.x	NOT_FOUND				
ecoli_starvation_response	ppGpp-dependent stationary phase induction of genes on Escherichia coli	Kvint K, Nachin L, Diez A, Nyström T	pmid	12581362	TITLE_MISMATCH	pubmed_12581362	Identification and characterization of genomic loci unique to the Brazilian purpuric fever clonal group of H. influenzae biogroup aegyptius: functionality explored using meningococcal homology.	0.284	True
ecoli_stringent_response	ppGpp: still magical?	Potrykus K, Cashel M	doi	10.1146/annurev.micro.62.081307.162903	OK	pubmed_18454629	(p)ppGpp: still magical?	0.95	True
ecoli_stringent_response	ppGpp: still magical?	Potrykus K, Cashel M	pmid	18454629	OK	pubmed_18454629	(p)ppGpp: still magical?	0.95	True
ecoli_stringent_response	The stringent response	Cashel M, Gentry D, Hernandez VJ, Vinella D			NO_IDENTIFIERS				
ecoli_stringent_response	Recent functional insights into the role of (p)ppGpp in bacterial physiology.	Hauryliuk V, Atkinson GC, Murakami KS, Tenson T, Gerdes K	doi	10.1038/nrmicro3448	OK	pubmed_25853779	Recent functional insights into the role of (p)ppGpp in bacterial physiology.	1.0	True
ecoli_stringent_response	Recent functional insights into the role of (p)ppGpp in bacterial physiology.	Hauryliuk V, Atkinson GC, Murakami KS, Tenson T, Gerdes K	pmid	25853779	OK	pubmed_25853779	Recent functional insights into the role of (p)ppGpp in bacterial physiology.	1.0	True
ecoli_stringent_response	Regulation of RNA polymerase by ppGpp and DksA	Ross W, Vrentas CE, Sanchez-Vazquez P, Gaal T, Gourse RL	doi	10.1146/annurev-micro-092412-155607	NOT_FOUND				
ecoli_stringent_response	Regulation of RNA polymerase by ppGpp and DksA	Ross W, Vrentas CE, Sanchez-Vazquez P, Gaal T, Gourse RL	pmid	23590490	TITLE_MISMATCH	pubmed_23590490	Current resources for evidence-based practice, March/April 2013.	0.278	False
ecoli_sulfur_metabolism	Biosynthesis of Cysteine.	Kredich NM	doi	10.1128/ecosalplus.3.6.1.11	OK	pubmed_26443742	Biosynthesis of Cysteine.	1.0	True
ecoli_sulfur_metabolism	Biosynthesis of Cysteine.	Kredich NM	pmid	26443742	OK	pubmed_26443742	Biosynthesis of Cysteine.	1.0	True
ecoli_tca_cycle	The PEP-pyruvate-oxaloacetate node as the switch point for carbon flux distribution in bacteria.	Sauer U, Eikmanns BJ	doi	10.1016/j.femsre.2004.11.002	OK	pubmed_16102602	The PEP-pyruvate-oxaloacetate node as the switch point for carbon flux distribution in bacteria.	1.0	True
ecoli_tca_cycle	The PEP-pyruvate-oxaloacetate node as the switch point for carbon flux distribution in bacteria.	Sauer U, Eikmanns BJ	pmid	16102602	OK	pubmed_16102602	The PEP-pyruvate-oxaloacetate node as the switch point for carbon flux distribution in bacteria.	1.0	True
ecoli_tca_cycle	Escherichia coli contains two aconitases: aconitase A and aconitase B	Gruer MJ, Artymiuk PJ, Guest JR			NO_IDENTIFIERS				
ecoli_tca_cycle	Isocitrate dehydrogenase of Escherichia coli	LaPorte DC, Koshland DE Jr	doi	10.1038/300458a0	TITLE_MISMATCH	pubmed_6750117	Clinical comparison of ibuprofen, fenoprofen calcium, naproxen and tolmetin sodium in rheumatoid arthritis.	0.203	True
ecoli_tca_cycle	Isocitrate dehydrogenase of Escherichia coli	LaPorte DC, Koshland DE Jr	pmid	6750117	TITLE_MISMATCH	pubmed_6750117	Clinical comparison of ibuprofen, fenoprofen calcium, naproxen and tolmetin sodium in rheumatoid arthritis.	0.203	True
ecoli_tca_cycle	Succinate dehydrogenase of Escherichia coli: cellular and molecular biology	Hägerhäll C, Hederstedt L	doi	10.1016/0005-2728(96)00041-7	NOT_FOUND				
ecoli_tca_cycle	Succinate dehydrogenase of Escherichia coli: cellular and molecular biology	Hägerhäll C, Hederstedt L	pmid	8672543	TITLE_MISMATCH	pubmed_8672543	Identification of sites on epidermal growth factor receptors which are phosphorylated by pp60src in vitro.	0.268	True
ecoli_transcription_elongation	Structural basis of transcription: RNA polymerase II elongation complex at 3.3 Å resolution	Gnatt AL, Cramer P, Fu J, Bushnell DA, Kornberg RD	doi	10.1126/science.1059495	OK	crossref_10.1126_science.1059495	Structural Basis of Transcription: An RNA Polymerase II Elongation Complex at 3.3 Å Resolution	0.983	True
ecoli_transcription_elongation	Structural basis of transcription: RNA polymerase II elongation complex at 3.3 Å resolution	Gnatt AL, Cramer P, Fu J, Bushnell DA, Kornberg RD	pmid	11313498	OK	pubmed_11313498	Structural basis of transcription: RNA polymerase II at 2.8 angstrom resolution.	0.807	True
ecoli_transcription_elongation	Structural basis of transcription: role of the trigger loop in substrate specificity and catalysis	Wang D, Bushnell DA, Westover KD, Kaplan CD, Kornberg RD	doi	10.1016/j.cell.2006.03.034	TITLE_MISMATCH	crossref_10.1016_j.cell.2006.03.034	The Molecular Diversity of Dscam Is Functionally Required for Neuronal Wiring Specificity in Drosophila	0.38	False
ecoli_transcription_elongation	Structural basis of transcription: role of the trigger loop in substrate specificity and catalysis	Wang D, Bushnell DA, Westover KD, Kaplan CD, Kornberg RD	pmid	16630813	TITLE_MISMATCH	pubmed_16630813	Bacterially speaking.	0.205	True
ecoli_transcription_elongation	Transcript cleavage factors from E. coli	Borukhov S, Polyakov A, Nikiforov V, Goldfarb A	doi	10.1016/0092-8674(92)90590-4	TITLE_MISMATCH	pubmed_1339300	Expression of plasma glutathione peroxidase in human liver in addition to kidney, heart, lung, and breast in humans and rodents.	0.135	True
ecoli_transcription_elongation	Transcript cleavage factors from E. coli	Borukhov S, Polyakov A, Nikiforov V, Goldfarb A	pmid	1339300	TITLE_MISMATCH	pubmed_1339300	Expression of plasma glutathione peroxidase in human liver in addition to kidney, heart, lung, and breast in humans and rodents.	0.135	True
ecoli_transcription_elongation	NusG is a sequence-specific RNA polymerase pause factor that stimulates transcription elongation	Artsimovitch I, Landick R	doi	10.1038/35040582	NOT_FOUND				
ecoli_transcription_elongation	NusG is a sequence-specific RNA polymerase pause factor that stimulates transcription elongation	Artsimovitch I, Landick R	pmid	11089985	TITLE_MISMATCH	pubmed_11089985	The future of ageing.	0.121	True
ecoli_transcription_regulation	Bacterial transcription regulation and sigma factor competition	Gruber TM, Gross CA	doi	10.1038/nrm1012	TITLE_MISMATCH	crossref_10.1038_nrm1012	Crossing the divide	0.195	False
ecoli_transcription_regulation	Bacterial transcription regulation and sigma factor competition	Gruber TM, Gross CA	pmid	12511870	TITLE_MISMATCH	pubmed_12511870	The sarcoplasmic reticulum: its discovery and rediscovery.	0.353	True
ecoli_transcription_regulation	The bacterial transcription cycle: promoter melting and open complex formation	Saecker RM, Record MT Jr, Dehaseth PL	doi	10.1016/j.jmb.2011.01.018	OK	pubmed_21371479	Mechanism of bacterial transcription initiation: RNA polymerase - promoter binding, isomerization to initiation-competent open complexes, and initiation of RNA synthesis.	0.523	True
ecoli_transcription_regulation	The bacterial transcription cycle: promoter melting and open complex formation	Saecker RM, Record MT Jr, Dehaseth PL	pmid	21371479	OK	pubmed_21371479	Mechanism of bacterial transcription initiation: RNA polymerase - promoter binding, isomerization to initiation-competent open complexes, and initiation of RNA synthesis.	0.523	True
ecoli_transcription_regulation	Sigma factors in bacterial transcription	Paget MS, Helmann JD	doi	10.1186/gb-2003-4-1-203	TITLE_MISMATCH	pubmed_12540296	The sigma70 family of sigma factors.	0.347	True
ecoli_transcription_regulation	Sigma factors in bacterial transcription	Paget MS, Helmann JD	pmid	12540296	TITLE_MISMATCH	pubmed_12540296	The sigma70 family of sigma factors.	0.347	True
ecoli_transcription_regulation	Mechanism of transcription initiation from an activator-dependent promoter	Browning DF, Busby SJ	doi	10.1038/nrmicro787	TITLE_MISMATCH	pubmed_15035009	The regulation of bacterial transcription initiation.	0.492	True
ecoli_transcription_regulation	Mechanism of transcription initiation from an activator-dependent promoter	Browning DF, Busby SJ	pmid	15035009	TITLE_MISMATCH	pubmed_15035009	The regulation of bacterial transcription initiation.	0.492	True
ecoli_transcription_termination	Transcription termination factor Rho is an RNA-DNA helicase associated with Rho-dependent terminators	Richardson JP	doi	10.1073/pnas.152433099	NOT_FOUND				
ecoli_transcription_termination	Transcription termination factor Rho is an RNA-DNA helicase associated with Rho-dependent terminators	Richardson JP	pmid	12177300	TITLE_MISMATCH	pubmed_12177300	Ku heterodimer binds to both ends of the Werner protein and functional interaction occurs at the Werner N-terminus.	0.158	True
ecoli_transcription_termination	Structure of the Rho transcription terminator: mechanism of mRNA recognition and helicase loading.	Skordalakes E, Berger JM	doi	10.1016/s0092-8674(03)00512-9	OK	pubmed_12859904	Structure of the Rho transcription terminator: mechanism of mRNA recognition and helicase loading.	1.0	True
ecoli_transcription_termination	Structure of the Rho transcription terminator: mechanism of mRNA recognition and helicase loading.	Skordalakes E, Berger JM	pmid	12859904	OK	pubmed_12859904	Structure of the Rho transcription terminator: mechanism of mRNA recognition and helicase loading.	1.0	True
ecoli_transcription_termination	The mechanism of intrinsic transcription termination.	Gusarov I, Nudler E	doi	10.1016/s1097-2765(00)80477-3	OK	pubmed_10230402	The mechanism of intrinsic transcription termination.	1.0	True
ecoli_transcription_termination	The mechanism of intrinsic transcription termination.	Gusarov I, Nudler E	pmid	10230402	OK	pubmed_10230402	The mechanism of intrinsic transcription termination.	1.0	True
ecoli_transcription_termination	NusG is required to overcome a kinetic limitation to Rho function at an intragenic terminator.	Burns CM, Richardson JP	doi	10.1073/pnas.92.11.4738	OK	pubmed_7761393	NusG is required to overcome a kinetic limitation to Rho function at an intragenic terminator.	1.0	True
ecoli_transcription_termination	NusG is required to overcome a kinetic limitation to Rho function at an intragenic terminator.	Burns CM, Richardson JP	pmid	7761393	OK	pubmed_7761393	NusG is required to overcome a kinetic limitation to Rho function at an intragenic terminator.	1.0	True
ecoli_translation_elongation	Structural basis for translation termination on the 70S ribosome	Weixlbaumer A, Jin H, Neubauer C, Voorhees RM, Petry S, Kelley AC, Ramakrishnan V	doi	10.1038/nature06700	NOT_FOUND				
ecoli_translation_elongation	Structural basis for translation termination on the 70S ribosome	Weixlbaumer A, Jin H, Neubauer C, Voorhees RM, Petry S, Kelley AC, Ramakrishnan V	pmid	18408881	TITLE_MISMATCH	pubmed_18408881	Increased MS relapse rate during assisted reproduction technique.	0.297	False
ecoli_translation_elongation	Initial selection of aminoacyl-tRNA by the ribosome	Ogle JM, Brodersen DE, Clemons WM Jr, Tarry MJ, Carter AP, Ramakrishnan V	doi	10.1126/science.1060612	OK	crossref_10.1126_science.1060612	"Recognition of Cognate Transfer RNA by the 30
                    <i>S</i>
                    Ribosomal Subunit"	0.517	True
ecoli_translation_elongation	Initial selection of aminoacyl-tRNA by the ribosome	Ogle JM, Brodersen DE, Clemons WM Jr, Tarry MJ, Carter AP, Ramakrishnan V	pmid	11423924	TITLE_MISMATCH	pubmed_11423924	Does fat intake predict adiposity in healthy children and adolescents aged 2--15 y? A longitudinal analysis.	0.179	True
ecoli_translation_elongation	The structural basis of ribosome activity in peptide bond synthesis	Nissen P, Hansen J, Ban N, Moore PB, Steitz TA	doi	10.1126/science.289.5481.920	OK	crossref_10.1126_science.289.5481.920	The Structural Basis of Ribosome Activity in Peptide Bond Synthesis	1.0	True
ecoli_translation_elongation	The structural basis of ribosome activity in peptide bond synthesis	Nissen P, Hansen J, Ban N, Moore PB, Steitz TA	pmid	10926528	TITLE_MISMATCH	pubmed_10926528	Crystal structure of rhodopsin: A G protein-coupled receptor.	0.397	True
ecoli_translation_elongation	EF-G-catalyzed translocation of anticodon stem-loop analogs of transfer RNA in the ribosome	Rodnina MV, Savelsbergh A, Katunin VI, Wintermeyer W	doi	10.1073/pnas.94.9.4389	TITLE_MISMATCH	crossref_10.1073_pnas.94.9.4389	Charge separation in the reaction center of photosystem II studied as a function of temperature	0.258	True
ecoli_translation_elongation	EF-G-catalyzed translocation of anticodon stem-loop analogs of transfer RNA in the ribosome	Rodnina MV, Savelsbergh A, Katunin VI, Wintermeyer W	pmid	9096309	TITLE_MISMATCH	pubmed_9096309	Membrane-promoted unfolding of acetylcholinesterase: a possible mechanism for insertion into the lipid bilayer.	0.25	True
ecoli_translation_initiation	Mechanism and regulation of protein synthesis in Escherichia coli	Rodnina MV, Wintermeyer W	doi	10.1042/BSR20090031	NOT_FOUND				
ecoli_translation_initiation	Mechanism and regulation of protein synthesis in Escherichia coli	Rodnina MV, Wintermeyer W	pmid	18647627	TITLE_MISMATCH	pubmed_18647627	Clinical implications of mitochondrial disease.	0.396	True
ecoli_translation_initiation	Structure of the 30S ribosomal subunit	Wimberly BT, Brodersen DE, Clemons WM Jr, et al	doi	10.1038/35030006	OK	pubmed_11014182	Structure of the 30S ribosomal subunit.	1.0	True
ecoli_translation_initiation	Structure of the 30S ribosomal subunit	Wimberly BT, Brodersen DE, Clemons WM Jr, et al	pmid	11014182	OK	pubmed_11014182	Structure of the 30S ribosomal subunit.	1.0	True
ecoli_translation_initiation	Initiation of translation in bacteria	Laursen BS, Sørensen HP, Mortensen KK, Sperling-Petersen HU	doi	10.1128/MMBR.69.1.101-123.2005	NOT_FOUND				
ecoli_translation_initiation	Initiation of translation in bacteria	Laursen BS, Sørensen HP, Mortensen KK, Sperling-Petersen HU	pmid	15755955	OK	pubmed_15755955	Initiation of protein synthesis in bacteria.	0.775	True
ecoli_translation_initiation	Structural dynamics of ribosome subunit association studied by mixing-spraying time-resolved cryogenic electron microscopy	Chen J, Tsai A, O'Leary SE, Petrov A, Puglisi JD	doi	10.1016/j.str.2012.08.001	TITLE_MISMATCH	crossref_10.1016_j.str.2012.08.001	Internally Deleted Human tRNA Synthetase Suggests Evolutionary Pressure for Repurposing	0.211	False
ecoli_translation_initiation	Structural dynamics of ribosome subunit association studied by mixing-spraying time-resolved cryogenic electron microscopy	Chen J, Tsai A, O'Leary SE, Petrov A, Puglisi JD	pmid	22841294	TITLE_MISMATCH	pubmed_22841294	Structural modeling of heteromeric protein complexes from disassembly pathways and ion mobility-mass spectrometry.	0.409	True
ecoli_translation_termination	Structural basis for translation termination on the 70S ribosome	Weixlbaumer A, Jin H, Neubauer C, Voorhees RM, Petry S, Kelley AC, Ramakrishnan V	doi	10.1038/nature06700	NOT_FOUND				
ecoli_translation_termination	Structural basis for translation termination on the 70S ribosome	Weixlbaumer A, Jin H, Neubauer C, Voorhees RM, Petry S, Kelley AC, Ramakrishnan V	pmid	18408881	TITLE_MISMATCH	pubmed_18408881	Increased MS relapse rate during assisted reproduction technique.	0.297	False
ecoli_translation_termination	The structure of the ribosome with elongation factor G trapped in the posttranslocational state	Gao YG, Selmer M, Dunham CM, Weixlbaumer A, Kelley AC, Ramakrishnan V	doi	10.1126/science.1172896	NOT_FOUND				
ecoli_translation_termination	The structure of the ribosome with elongation factor G trapped in the posttranslocational state	Gao YG, Selmer M, Dunham CM, Weixlbaumer A, Kelley AC, Ramakrishnan V	pmid	19359587	TITLE_MISMATCH	pubmed_19359587	Coding-sequence determinants of gene expression in Escherichia coli.	0.296	True
ecoli_translation_termination	rRNA modifications and ribosome function.	Decatur WA, Fournier MJ	doi	10.1016/s0968-0004(02)02109-6	OK	pubmed_12114023	rRNA modifications and ribosome function.	1.0	True
ecoli_translation_termination	rRNA modifications and ribosome function.	Decatur WA, Fournier MJ	pmid	12114023	OK	pubmed_12114023	rRNA modifications and ribosome function.	1.0	True
ecoli_translation_termination	Release factor RF3 in E.coli accelerates the dissociation of release factors RF1 and RF2 from the ribosome in a GTP-dependent manner.	Freistroffer DV, Pavlov MY, MacDougall J, Buckingham RH, Ehrenberg M	doi	10.1093/emboj/16.13.4126	NO_ABSTRACT	crossref_10.1093_emboj_16.13.4126	Release factor RF3 in E.coli accelerates the dissociation of release factors RF1 and RF2 from the ribosome in a GTP‐dependent manner	1.0	False
ecoli_translation_termination	Release factor RF3 in E.coli accelerates the dissociation of release factors RF1 and RF2 from the ribosome in a GTP-dependent manner.	Freistroffer DV, Pavlov MY, MacDougall J, Buckingham RH, Ehrenberg M	pmid	9233821	OK	pubmed_9233821	Release factor RF3 in E.coli accelerates the dissociation of release factors RF1 and RF2 from the ribosome in a GTP-dependent manner.	1.0	True
ecoli_trp_operon	Attenuation in the control of expression of bacterial operons	Yanofsky C	doi	10.1038/289751a0	OK	pubmed_7007895	Attenuation in the control of expression of bacterial operons.	1.0	True
ecoli_trp_operon	Attenuation in the control of expression of bacterial operons	Yanofsky C	pmid	7007895	OK	pubmed_7007895	Attenuation in the control of expression of bacterial operons.	1.0	True
ecoli_trp_operon	Transcription attenuation	Yanofsky C	pmid	3275651	TITLE_MISMATCH	pubmed_3275651	Protein components of the erythromycin binding site in bacterial ribosomes.	0.182	True
ecoli_trp_operon	Regulation of the trp operon	Merino E, Yanofsky C	doi	10.1016/j.mib.2005.02.010	TITLE_MISMATCH	crossref_10.1016_j.mib.2005.02.010	Protein targeting by the bacterial twin-arginine translocation (Tat) pathway	0.255	False
ecoli_trp_operon	Regulation of the trp operon	Merino E, Yanofsky C	pmid	15802245	TITLE_MISMATCH	pubmed_15802245	Transcriptional control of membrane lipid synthesis in bacteria.	0.374	True
ecoli_trp_operon	The tryptophan operon: a coordinated mechanism for the regulation of biosynthesis	Oxender DL, Zurawski G, Yanofsky C	doi	10.1073/pnas.76.11.5524	TITLE_MISMATCH	pubmed_118451	Attenuation in the Escherichia coli tryptophan operon: role of RNA secondary structure involving the tryptophan codon region.	0.404	True
ecoli_trp_operon	The tryptophan operon: a coordinated mechanism for the regulation of biosynthesis	Oxender DL, Zurawski G, Yanofsky C	pmid	388431	TITLE_MISMATCH	pubmed_388431	Interference of nonsense mutations with eukaryotic messenger RNA stability.	0.299	True
ecoli_tryptophan_biosynthesis	Tryptophan biosynthesis	Yanofsky C			NO_IDENTIFIERS				
ecoli_two_component_signaling	Signal transduction by the EnvZ-OmpR phosphorelay system in bacteria	Mizuno T			NO_IDENTIFIERS				
ecoli_two_component_signaling	Modulation of porin gene expression by the two-component regulatory system EnvZ-OmpR	Pratt LA, Hsing W, Gibson KE, Silhavy TJ	doi	10.1128/jb.178.13.3779-3787.1996	NOT_FOUND				
ecoli_two_component_signaling	Modulation of porin gene expression by the two-component regulatory system EnvZ-OmpR	Pratt LA, Hsing W, Gibson KE, Silhavy TJ	pmid	8682777	TITLE_MISMATCH	pubmed_8682777	Loss of overproduction of polypeptide release factor 3 influences expression of the tryptophanase operon of Escherichia coli.	0.404	True
ecoli_two_component_signaling	The inner membrane histidine kinase EnvZ senses osmolality via helix-coil transitions in the cytoplasm.	Wang LC, Morgan LK, Godakumbura P, Kenney LJ, Anand GS	doi	10.1038/emboj.2012.99	OK	pubmed_22543870	The inner membrane histidine kinase EnvZ senses osmolality via helix-coil transitions in the cytoplasm.	1.0	True
ecoli_two_component_signaling	The inner membrane histidine kinase EnvZ senses osmolality via helix-coil transitions in the cytoplasm.	Wang LC, Morgan LK, Godakumbura P, Kenney LJ, Anand GS	pmid	22543870	OK	pubmed_22543870	The inner membrane histidine kinase EnvZ senses osmolality via helix-coil transitions in the cytoplasm.	1.0	True
ecoli_two_component_signaling	DNA binding and phosphorylation-dependent dimerization of the response regulator OmpR	Kenney LJ	doi	10.1046/j.1365-2958.2002.03267.x	NOT_FOUND				
ecoli_two_component_signaling	DNA binding and phosphorylation-dependent dimerization of the response regulator OmpR	Kenney LJ	pmid	12453205	TITLE_MISMATCH	pubmed_12453205	Early heart transplant in a child with advanced lymphoma.	0.213	True
ecoli_type_iii_secretion	Type III secretion systems: bacterial nanomachines for protein delivery into target cells	Galán JE	pmid	25002086	OK	pubmed_25002086	Bacterial type III secretion systems: specialized nanomachines for protein delivery into target cells.	0.883	True
ecoli_type_iii_secretion	The LEE-encoded type III secretion system of enteropathogenic Escherichia coli: a model for understanding EPEC pathogenesis	Dean P			NO_IDENTIFIERS				
ecoli_type_iii_secretion	Structure and assembly of the bacterial type III secretion machine	Diepold A			NO_IDENTIFIERS				
ecoli_type_iii_secretion	Enteropathogenic E. coli (EPEC) transfers its receptor for intimate adherence into mammalian cells	Kenny B	pmid	9363945	TITLE_MISMATCH	pubmed_9363945	Cooking with calcium: the recipes for composing global signals from elementary events.	0.358	True
human_akt_foxo_insulin	Akt promotes cell survival by phosphorylating and inhibiting a Forkhead transcription factor	Brunet A, Bonni A, Zigmond MJ, et al.	doi	10.1016/S0092-8674(00)80595-4	NOT_FOUND				
human_akt_foxo_insulin	Akt promotes cell survival by phosphorylating and inhibiting a Forkhead transcription factor	Brunet A, Bonni A, Zigmond MJ, et al.	pmid	10102273	OK	pubmed_10102273	Akt promotes cell survival by phosphorylating and inhibiting a Forkhead transcription factor.	1.0	True
human_akt_foxo_insulin	AKT/PKB signaling: navigating the network	Manning BD, Toker A	doi	10.1016/j.cell.2017.04.001	OK	pubmed_28431241	AKT/PKB Signaling: Navigating the Network.	1.0	True
human_akt_foxo_insulin	AKT/PKB signaling: navigating the network	Manning BD, Toker A	pmid	28431241	OK	pubmed_28431241	AKT/PKB Signaling: Navigating the Network.	1.0	True
human_ampk_energy_homeostat	AMPK: a nutrient and energy sensor that maintains energy homeostasis	Hardie DG, Ross FA, Hawley SA	doi	10.1038/nrm3311	OK	pubmed_22436748	AMPK: a nutrient and energy sensor that maintains energy homeostasis.	1.0	True
human_ampk_energy_homeostat	AMPK: a nutrient and energy sensor that maintains energy homeostasis	Hardie DG, Ross FA, Hawley SA	pmid	22436748	OK	pubmed_22436748	AMPK: a nutrient and energy sensor that maintains energy homeostasis.	1.0	True
human_apoptosis_caspase_switch	Mathematical modeling identifies inhibitors of apoptosis as mediators of positive feedback and bistability	Legewie S, Blüthgen N, Herzel H	doi	10.1371/journal.pcbi.0020120	OK	pubmed_16978046	Mathematical modeling identifies inhibitors of apoptosis as mediators of positive feedback and bistability.	1.0	True
human_apoptosis_caspase_switch	Mathematical modeling identifies inhibitors of apoptosis as mediators of positive feedback and bistability	Legewie S, Blüthgen N, Herzel H	pmid	16978046	OK	pubmed_16978046	Mathematical modeling identifies inhibitors of apoptosis as mediators of positive feedback and bistability.	1.0	True
human_bcl2_bax_momp	How cells die: apoptosis pathways	Chipuk JE, Green DR			NO_IDENTIFIERS				
human_bcl2_bax_momp	Mitochondria and cell death: outer membrane permeabilization and beyond	Tait SW, Green DR	doi	10.1038/nrm2952	OK	pubmed_20683470	Mitochondria and cell death: outer membrane permeabilization and beyond.	1.0	True
human_bcl2_bax_momp	Mitochondria and cell death: outer membrane permeabilization and beyond	Tait SW, Green DR	pmid	20683470	OK	pubmed_20683470	Mitochondria and cell death: outer membrane permeabilization and beyond.	1.0	True
human_bcl6_gc_fate_switch	BCL-6 represses genes that function in lymphocyte differentiation, inflammation, and cell cycle control.	Shaffer AL, Yu X, He Y, Boldrick J, Chan EP, Staudt LM	doi	10.1016/s1074-7613(00)00020-0	OK	pubmed_10981963	BCL-6 represses genes that function in lymphocyte differentiation, inflammation, and cell cycle control.	1.0	True
human_bcl6_gc_fate_switch	BCL-6 represses genes that function in lymphocyte differentiation, inflammation, and cell cycle control.	Shaffer AL, Yu X, He Y, Boldrick J, Chan EP, Staudt LM	pmid	10981963	OK	pubmed_10981963	BCL-6 represses genes that function in lymphocyte differentiation, inflammation, and cell cycle control.	1.0	True
human_bcl6_gc_fate_switch	Transcription factors that regulate memory in humoral responses	Calame KL			NO_IDENTIFIERS				
human_beta_cell_insulin_oscillator	Metabolic and electrical oscillations: partners in controlling pulsatile insulin secretion	Bertram R, Sherman A, Satin LS	doi	10.1152/ajpendo.00359.2007	OK	pubmed_17666486	Metabolic and electrical oscillations: partners in controlling pulsatile insulin secretion.	1.0	True
human_beta_cell_insulin_oscillator	Metabolic and electrical oscillations: partners in controlling pulsatile insulin secretion	Bertram R, Sherman A, Satin LS	pmid	17666486	OK	pubmed_17666486	Metabolic and electrical oscillations: partners in controlling pulsatile insulin secretion.	1.0	True
human_calcium_oscillator	The versatility and universality of calcium signalling	Berridge MJ, Lipp P, Bootman MD	doi	10.1038/35036035	OK	pubmed_11413485	The versatility and universality of calcium signalling.	1.0	True
human_calcium_oscillator	The versatility and universality of calcium signalling	Berridge MJ, Lipp P, Bootman MD	pmid	11413485	OK	pubmed_11413485	The versatility and universality of calcium signalling.	1.0	True
human_camp_pka_desensitization	Historical review: a brief history and personal retrospective of seven-transmembrane receptors	Lefkowitz RJ	doi	10.1016/j.tips.2004.06.006	OK	pubmed_15276710	Historical review: a brief history and personal retrospective of seven-transmembrane receptors.	1.0	True
human_camp_pka_desensitization	Historical review: a brief history and personal retrospective of seven-transmembrane receptors	Lefkowitz RJ	pmid	15276710	OK	pubmed_15276710	Historical review: a brief history and personal retrospective of seven-transmembrane receptors.	1.0	True
human_cdk1_mitotic_switch	Hysteresis drives cell-cycle transitions in Xenopus laevis egg extracts	Sha W, Moore J, Chen K, Lassaletta AD, Yi CS, Tyson JJ, Sible JC	doi	10.1073/pnas.0235349100	OK	pubmed_12509509	Hysteresis drives cell-cycle transitions in Xenopus laevis egg extracts.	1.0	True
human_cdk1_mitotic_switch	Hysteresis drives cell-cycle transitions in Xenopus laevis egg extracts	Sha W, Moore J, Chen K, Lassaletta AD, Yi CS, Tyson JJ, Sible JC	pmid	12509509	OK	pubmed_12509509	Hysteresis drives cell-cycle transitions in Xenopus laevis egg extracts.	1.0	True
human_cdk1_mitotic_switch	Building a cell cycle oscillator: hysteresis and bistability in the activation of Cdc2	Pomerening JR, Sontag ED, Ferrell JE	doi	10.1038/ncb954	OK	pubmed_12629549	Building a cell cycle oscillator: hysteresis and bistability in the activation of Cdc2.	1.0	True
human_cdk1_mitotic_switch	Building a cell cycle oscillator: hysteresis and bistability in the activation of Cdc2	Pomerening JR, Sontag ED, Ferrell JE	pmid	12629549	OK	pubmed_12629549	Building a cell cycle oscillator: hysteresis and bistability in the activation of Cdc2.	1.0	True
human_cebpa_myeloid_commitment	Granulocyte colony-stimulating factor induces C/EBPα and C/EBPβ expression in myeloid progenitors	Ye M, Zhang H, Yang H, et al.			NO_IDENTIFIERS				
human_cebpa_myeloid_commitment	C/EBPα is required for the development of granulocytes and macrophages	Zhang DE, Hetherington CJ, Chen HM, Tenen DG			NO_IDENTIFIERS				
human_cgas_sting_dna_sensing	Cyclic GMP-AMP synthase is a cytosolic DNA sensor that activates the type I interferon pathway	Sun L, Wu J, Du F, Chen X, Chen ZJ	doi	10.1126/science.1232458	OK	pubmed_23258413	Cyclic GMP-AMP synthase is a cytosolic DNA sensor that activates the type I interferon pathway.	1.0	True
human_cgas_sting_dna_sensing	Cyclic GMP-AMP synthase is a cytosolic DNA sensor that activates the type I interferon pathway	Sun L, Wu J, Du F, Chen X, Chen ZJ	pmid	23258413	OK	pubmed_23258413	Cyclic GMP-AMP synthase is a cytosolic DNA sensor that activates the type I interferon pathway.	1.0	True
human_cgas_sting_dna_sensing	STING is an endoplasmic reticulum adaptor that facilitates innate immune signalling	Ishikawa H, Barber GN	doi	10.1038/nature07317	OK	pubmed_18724357	STING is an endoplasmic reticulum adaptor that facilitates innate immune signalling.	1.0	True
human_cgas_sting_dna_sensing	STING is an endoplasmic reticulum adaptor that facilitates innate immune signalling	Ishikawa H, Barber GN	pmid	18724357	OK	pubmed_18724357	STING is an endoplasmic reticulum adaptor that facilitates innate immune signalling.	1.0	True
human_circadian_clock	Coordination of circadian timing in mammals	Reppert SM, Weaver DR	doi	10.1038/nature00965	OK	pubmed_12198538	Coordination of circadian timing in mammals.	1.0	True
human_circadian_clock	Coordination of circadian timing in mammals	Reppert SM, Weaver DR	pmid	12198538	OK	pubmed_12198538	Coordination of circadian timing in mammals.	1.0	True
human_emt_zeb_mir200	MicroRNA-based regulation of epithelial-hybrid-mesenchymal fate determination	Lu M, Jolly MK, Levine H, Onuchic JN, Ben-Jacob E	doi	10.1073/pnas.1318192110	OK	pubmed_24154725	MicroRNA-based regulation of epithelial-hybrid-mesenchymal fate determination.	1.0	True
human_emt_zeb_mir200	MicroRNA-based regulation of epithelial-hybrid-mesenchymal fate determination	Lu M, Jolly MK, Levine H, Onuchic JN, Ben-Jacob E	pmid	24154725	OK	pubmed_24154725	MicroRNA-based regulation of epithelial-hybrid-mesenchymal fate determination.	1.0	True
human_emt_zeb_mir200	Coupled reversible and irreversible bistable switches underlying TGF-β-induced EMT	Tian XJ, Zhang H, Xing J	doi	10.1016/j.bpj.2013.07.011	OK	pubmed_23972859	Coupled reversible and irreversible bistable switches underlying TGFβ-induced epithelial to mesenchymal transition.	0.829	True
human_emt_zeb_mir200	Coupled reversible and irreversible bistable switches underlying TGF-β-induced EMT	Tian XJ, Zhang H, Xing J	pmid	23972859	OK	pubmed_23972859	Coupled reversible and irreversible bistable switches underlying TGFβ-induced epithelial to mesenchymal transition.	0.829	True
human_erk_bistable_switch	The biochemical basis of an all-or-none cell fate switch in Xenopus oocytes	Ferrell JE, Machleder EM	doi	10.1126/science.280.5365.895	OK	pubmed_9572732	The biochemical basis of an all-or-none cell fate switch in Xenopus oocytes.	1.0	True
human_erk_bistable_switch	The biochemical basis of an all-or-none cell fate switch in Xenopus oocytes	Ferrell JE, Machleder EM	pmid	9572732	OK	pubmed_9572732	The biochemical basis of an all-or-none cell fate switch in Xenopus oocytes.	1.0	True
human_estrogen_receptor_switch	Genome-wide analysis of estrogen receptor binding sites	Carroll JS, Meyer CA, Song J, et al.	doi	10.1038/ng1901	OK	pubmed_17013392	Genome-wide analysis of estrogen receptor binding sites.	1.0	True
human_estrogen_receptor_switch	Genome-wide analysis of estrogen receptor binding sites	Carroll JS, Meyer CA, Song J, et al.	pmid	17013392	OK	pubmed_17013392	Genome-wide analysis of estrogen receptor binding sites.	1.0	True
human_foxp3_treg_switch	Role of conserved non-coding DNA elements in the Foxp3 gene in regulatory T-cell commitment	Zheng Y, Josefowicz S, Chaudhry A, Peng XP, Forbush K, Rudensky AY	doi	10.1038/nature08750	OK	pubmed_20072126	Role of conserved non-coding DNA elements in the Foxp3 gene in regulatory T-cell fate.	0.943	True
human_foxp3_treg_switch	Role of conserved non-coding DNA elements in the Foxp3 gene in regulatory T-cell commitment	Zheng Y, Josefowicz S, Chaudhry A, Peng XP, Forbush K, Rudensky AY	pmid	20072126	OK	pubmed_20072126	Role of conserved non-coding DNA elements in the Foxp3 gene in regulatory T-cell fate.	0.943	True
human_foxp3_treg_switch	Extrathymically generated regulatory T cells control mucosal TH2 inflammation.	Josefowicz SZ, Niec RE, Kim HY, Treuting P, Chinen T, Zheng Y, Umetsu DT, Rudensky AY	doi	10.1038/nature10772	OK	pubmed_22318520	Extrathymically generated regulatory T cells control mucosal TH2 inflammation.	1.0	True
human_foxp3_treg_switch	Extrathymically generated regulatory T cells control mucosal TH2 inflammation.	Josefowicz SZ, Niec RE, Kim HY, Treuting P, Chinen T, Zheng Y, Umetsu DT, Rudensky AY	pmid	22318520	OK	pubmed_22318520	Extrathymically generated regulatory T cells control mucosal TH2 inflammation.	1.0	True
human_gata1_pu1_switch	Bifurcation dynamics in lineage-commitment in bipotent progenitor cells	Huang S, Guo YP, May G, Enver T	doi	10.1016/j.ydbio.2007.02.036	OK	pubmed_17412320	Bifurcation dynamics in lineage-commitment in bipotent progenitor cells.	1.0	True
human_gata1_pu1_switch	Bifurcation dynamics in lineage-commitment in bipotent progenitor cells	Huang S, Guo YP, May G, Enver T	pmid	17412320	OK	pubmed_17412320	Bifurcation dynamics in lineage-commitment in bipotent progenitor cells.	1.0	True
human_gata1_pu1_switch	Forcing cells to change lineages	Graf T, Enver T	doi	10.1038/nature08533	OK	pubmed_19956253	Forcing cells to change lineages.	1.0	True
human_gata1_pu1_switch	Forcing cells to change lineages	Graf T, Enver T	pmid	19956253	OK	pubmed_19956253	Forcing cells to change lineages.	1.0	True
human_glucocorticoid_hpa_axis	Regulation of the hypothalamic-pituitary-adrenocortical stress response	Herman JP, McKlveen JM, Ghosal S, et al.	doi	10.1002/cphy.c150015	OK	pubmed_27065163	Regulation of the Hypothalamic-Pituitary-Adrenocortical Stress Response.	1.0	True
human_glucocorticoid_hpa_axis	Regulation of the hypothalamic-pituitary-adrenocortical stress response	Herman JP, McKlveen JM, Ghosal S, et al.	pmid	27065163	OK	pubmed_27065163	Regulation of the Hypothalamic-Pituitary-Adrenocortical Stress Response.	1.0	True
human_hes1_oscillator	Oscillatory expression of the bHLH factor Hes1 regulated by a negative feedback loop	Hirata H, Yoshiura S, Ohtsuka T, et al.	doi	10.1126/science.1074560	OK	pubmed_12399594	Oscillatory expression of the bHLH factor Hes1 regulated by a negative feedback loop.	1.0	True
human_hes1_oscillator	Oscillatory expression of the bHLH factor Hes1 regulated by a negative feedback loop	Hirata H, Yoshiura S, Ohtsuka T, et al.	pmid	12399594	OK	pubmed_12399594	Oscillatory expression of the bHLH factor Hes1 regulated by a negative feedback loop.	1.0	True
human_hippo_yap	Inactivation of YAP oncoprotein by the Hippo pathway is involved in cell contact inhibition	Zhao B, Wei X, Li W, et al.	doi	10.1101/gad.1602907	OK	pubmed_17974916	Inactivation of YAP oncoprotein by the Hippo pathway is involved in cell contact inhibition and tissue growth control.	0.875	True
human_hippo_yap	Inactivation of YAP oncoprotein by the Hippo pathway is involved in cell contact inhibition	Zhao B, Wei X, Li W, et al.	pmid	17974916	OK	pubmed_17974916	Inactivation of YAP oncoprotein by the Hippo pathway is involved in cell contact inhibition and tissue growth control.	0.875	True
human_hippo_yap	The Hippo pathway: regulators and regulations	Yu FX, Zhao B, Guan KL	doi	10.1016/j.cell.2015.10.044	TITLE_MISMATCH	pubmed_26544935	Hippo Pathway in Organ Size Control, Tissue Homeostasis, and Cancer.	0.422	True
human_hippo_yap	The Hippo pathway: regulators and regulations	Yu FX, Zhao B, Guan KL	pmid	26544935	TITLE_MISMATCH	pubmed_26544935	Hippo Pathway in Organ Size Control, Tissue Homeostasis, and Cancer.	0.422	True
human_hsf1_heat_shock	Regulation of the heat shock response in eukaryotes	Anckar J, Sistonen L	doi	10.1146/annurev-biochem-060809-095203	OK	pubmed_21417720	Regulation of HSF1 function in the heat stress response: implications in aging and disease.	0.571	True
human_hsf1_heat_shock	Regulation of the heat shock response in eukaryotes	Anckar J, Sistonen L	pmid	21417720	OK	pubmed_21417720	Regulation of HSF1 function in the heat stress response: implications in aging and disease.	0.571	True
human_il6_stat3_inflammation	An epigenetic switch involving NF-κB, Lin28, let-7 and IL6 links inflammation to transformation	Iliopoulos D, Hirsch HA, Struhl K	doi	10.1016/j.cell.2009.10.014	OK	pubmed_19878981	An epigenetic switch involving NF-kappaB, Lin28, Let-7 MicroRNA, and IL6 links inflammation to cell transformation.	0.906	True
human_il6_stat3_inflammation	An epigenetic switch involving NF-κB, Lin28, let-7 and IL6 links inflammation to transformation	Iliopoulos D, Hirsch HA, Struhl K	pmid	19878981	OK	pubmed_19878981	An epigenetic switch involving NF-kappaB, Lin28, Let-7 MicroRNA, and IL6 links inflammation to cell transformation.	0.906	True
human_il6_stat3_inflammation	Dangerous liaisons: STAT3 and NF-κB collaboration and crosstalk in cancer	Grivennikov SI, Karin M	doi	10.1016/j.cytogfr.2009.11.005	OK	pubmed_20018552	Dangerous liaisons: STAT3 and NF-kappaB collaboration and crosstalk in cancer.	0.966	True
human_il6_stat3_inflammation	Dangerous liaisons: STAT3 and NF-κB collaboration and crosstalk in cancer	Grivennikov SI, Karin M	pmid	20018552	OK	pubmed_20018552	Dangerous liaisons: STAT3 and NF-kappaB collaboration and crosstalk in cancer.	0.966	True
human_ire1_xbp1_upr	The unfolded protein response: from stress pathway to homeostatic regulation	Walter P, Ron D	doi	10.1126/science.1209038	OK	pubmed_22116877	The unfolded protein response: from stress pathway to homeostatic regulation.	1.0	True
human_ire1_xbp1_upr	The unfolded protein response: from stress pathway to homeostatic regulation	Walter P, Ron D	pmid	22116877	OK	pubmed_22116877	The unfolded protein response: from stress pathway to homeostatic regulation.	1.0	True
human_irf7_interferon_amplifier	IRF-7 is the master regulator of type-I interferon-dependent immune responses	Honda K, Yanai H, Negishi H, et al.	doi	10.1038/nature03464	OK	pubmed_15800576	IRF-7 is the master regulator of type-I interferon-dependent immune responses.	1.0	True
human_irf7_interferon_amplifier	IRF-7 is the master regulator of type-I interferon-dependent immune responses	Honda K, Yanai H, Negishi H, et al.	pmid	15800576	OK	pubmed_15800576	IRF-7 is the master regulator of type-I interferon-dependent immune responses.	1.0	True
human_irf7_interferon_amplifier	Regulation of type I interferon responses	Ivashkiv LB, Donlin LT	doi	10.1038/nri3581	OK	pubmed_24362405	Regulation of type I interferon responses.	1.0	True
human_irf7_interferon_amplifier	Regulation of type I interferon responses	Ivashkiv LB, Donlin LT	pmid	24362405	OK	pubmed_24362405	Regulation of type I interferon responses.	1.0	True
human_iron_irp_ire	Two to tango: regulation of mammalian iron metabolism	Hentze MW, Muckenthaler MU, Galy B, Camaschella C	doi	10.1016/j.cell.2010.06.028	OK	pubmed_20603012	Two to tango: regulation of Mammalian iron metabolism.	1.0	True
human_iron_irp_ire	Two to tango: regulation of mammalian iron metabolism	Hentze MW, Muckenthaler MU, Galy B, Camaschella C	pmid	20603012	OK	pubmed_20603012	Two to tango: regulation of Mammalian iron metabolism.	1.0	True
human_jak_stat_socs	The role of suppressors of cytokine signalling (SOCS) proteins in regulation of the immune response	Alexander WS, Hilton DJ	doi	10.1146/annurev.immunol.22.091003.090312	OK	pubmed_15032587	The role of suppressors of cytokine signaling (SOCS) proteins in regulation of the immune response.	0.995	True
human_jak_stat_socs	The role of suppressors of cytokine signalling (SOCS) proteins in regulation of the immune response	Alexander WS, Hilton DJ	pmid	15032587	OK	pubmed_15032587	The role of suppressors of cytokine signaling (SOCS) proteins in regulation of the immune response.	0.995	True
human_mtor_ulk1_autophagy	AMPK and mTOR regulate autophagy through direct phosphorylation of Ulk1	Kim J, Kundu M, Viollet B, Guan KL	doi	10.1038/ncb2152	OK	pubmed_21258367	AMPK and mTOR regulate autophagy through direct phosphorylation of Ulk1.	1.0	True
human_mtor_ulk1_autophagy	AMPK and mTOR regulate autophagy through direct phosphorylation of Ulk1	Kim J, Kundu M, Viollet B, Guan KL	pmid	21258367	OK	pubmed_21258367	AMPK and mTOR regulate autophagy through direct phosphorylation of Ulk1.	1.0	True
human_mtorc1_nutrient	The TSC1-2 tumor suppressor controls insulin-PI3K signaling via regulation of IRS proteins	Harrington LS, Findlay GM, Gray A, et al.	doi	10.1083/jcb.200403069	OK	pubmed_15249583	The TSC1-2 tumor suppressor controls insulin-PI3K signaling via regulation of IRS proteins.	1.0	True
human_mtorc1_nutrient	The TSC1-2 tumor suppressor controls insulin-PI3K signaling via regulation of IRS proteins	Harrington LS, Findlay GM, Gray A, et al.	pmid	15249583	OK	pubmed_15249583	The TSC1-2 tumor suppressor controls insulin-PI3K signaling via regulation of IRS proteins.	1.0	True
human_mtorc1_nutrient	mTOR signaling in growth, metabolism, and disease	Saxton RA, Sabatini DM	doi	10.1016/j.cell.2017.02.004	OK	pubmed_28283069	mTOR Signaling in Growth, Metabolism, and Disease.	1.0	True
human_mtorc1_nutrient	mTOR signaling in growth, metabolism, and disease	Saxton RA, Sabatini DM	pmid	28283069	OK	pubmed_28283069	mTOR Signaling in Growth, Metabolism, and Disease.	1.0	True
human_myc_autoregulation	Negative autoregulation of c-myc transcription	Penn LJ, Brooks MW, Laufer EM, Land H	doi	10.1002/j.1460-2075.1990.tb08217.x	OK	pubmed_2182320	Negative autoregulation of c-myc transcription.	1.0	True
human_myc_autoregulation	Negative autoregulation of c-myc transcription	Penn LJ, Brooks MW, Laufer EM, Land H	pmid	2182320	OK	pubmed_2182320	Negative autoregulation of c-myc transcription.	1.0	True
human_myc_autoregulation	The Myc/Max/Mad network and the transcriptional control of cell behavior	Grandori C, Cowley SM, James LP, Eisenman RN	doi	10.1146/annurev.cellbio.16.1.653	OK	pubmed_11031250	The Myc/Max/Mad network and the transcriptional control of cell behavior.	1.0	True
human_myc_autoregulation	The Myc/Max/Mad network and the transcriptional control of cell behavior	Grandori C, Cowley SM, James LP, Eisenman RN	pmid	11031250	OK	pubmed_11031250	The Myc/Max/Mad network and the transcriptional control of cell behavior.	1.0	True
human_myod_myogenesis	Positive autoregulation of the myogenic determination gene MyoD1	Thayer MJ, Tapscott SJ, Davis RL, Wright WE, Lassar AB, Weintraub H	doi	10.1016/0092-8674(89)90838-6	OK	pubmed_2546677	Positive autoregulation of the myogenic determination gene MyoD1.	1.0	True
human_myod_myogenesis	Positive autoregulation of the myogenic determination gene MyoD1	Thayer MJ, Tapscott SJ, Davis RL, Wright WE, Lassar AB, Weintraub H	pmid	2546677	OK	pubmed_2546677	Positive autoregulation of the myogenic determination gene MyoD1.	1.0	True
human_nfkb_ikb_oscillator	The IκB-NF-κB signaling module: temporal control and selective gene activation	Hoffmann A, Levchenko A, Scott ML, Baltimore D	doi	10.1126/science.1071914	OK	pubmed_12424381	The IkappaB-NF-kappaB signaling module: temporal control and selective gene activation.	0.932	True
human_nfkb_ikb_oscillator	The IκB-NF-κB signaling module: temporal control and selective gene activation	Hoffmann A, Levchenko A, Scott ML, Baltimore D	pmid	12424381	OK	pubmed_12424381	The IkappaB-NF-kappaB signaling module: temporal control and selective gene activation.	0.932	True
human_nfkb_ikb_oscillator	Oscillations in NF-κB signaling control the dynamics of gene expression	Nelson DE, Ihekwaba AE, Elliott M, et al.	doi	10.1126/science.1099962	OK	pubmed_15499023	Oscillations in NF-kappaB signaling control the dynamics of gene expression.	0.966	True
human_nfkb_ikb_oscillator	Oscillations in NF-κB signaling control the dynamics of gene expression	Nelson DE, Ihekwaba AE, Elliott M, et al.	pmid	15499023	OK	pubmed_15499023	Oscillations in NF-kappaB signaling control the dynamics of gene expression.	0.966	True
human_nlrp3_inflammasome	Prion-like polymerization underlies signal transduction in antiviral immune defense and inflammasome activation	Cai X, Chen J, Xu H, et al.	doi	10.1016/j.cell.2014.01.063	OK	pubmed_24630723	Prion-like polymerization underlies signal transduction in antiviral immune defense and inflammasome activation.	1.0	True
human_nlrp3_inflammasome	Prion-like polymerization underlies signal transduction in antiviral immune defense and inflammasome activation	Cai X, Chen J, Xu H, et al.	pmid	24630723	OK	pubmed_24630723	Prion-like polymerization underlies signal transduction in antiviral immune defense and inflammasome activation.	1.0	True
human_nlrp3_inflammasome	Unified polymerization mechanism for the assembly of ASC-dependent inflammasomes	Lu A, Magupalli VG, Ruan J, et al.	doi	10.1016/j.cell.2014.02.008	OK	pubmed_24630722	Unified polymerization mechanism for the assembly of ASC-dependent inflammasomes.	1.0	True
human_nlrp3_inflammasome	Unified polymerization mechanism for the assembly of ASC-dependent inflammasomes	Lu A, Magupalli VG, Ruan J, et al.	pmid	24630722	OK	pubmed_24630722	Unified polymerization mechanism for the assembly of ASC-dependent inflammasomes.	1.0	True
human_notch_delta_lateral_inhibition	Pattern formation by lateral inhibition with feedback: a mathematical model of Delta-Notch intercellular signalling	Collier JR, Monk NA, Maini PK, Lewis JH	doi	10.1006/jtbi.1996.0233	OK	pubmed_9015458	Pattern formation by lateral inhibition with feedback: a mathematical model of delta-notch intercellular signalling.	1.0	True
human_notch_delta_lateral_inhibition	Pattern formation by lateral inhibition with feedback: a mathematical model of Delta-Notch intercellular signalling	Collier JR, Monk NA, Maini PK, Lewis JH	pmid	9015458	OK	pubmed_9015458	Pattern formation by lateral inhibition with feedback: a mathematical model of delta-notch intercellular signalling.	1.0	True
human_nrf2_keap1	Keap1 represses nuclear activation of antioxidant responsive elements by Nrf2 through binding to the amino-terminal Neh2 domain	Itoh K, Wakabayashi N, Katoh Y, et al.	doi	10.1101/gad.13.1.76	OK	pubmed_9887101	Keap1 represses nuclear activation of antioxidant responsive elements by Nrf2 through binding to the amino-terminal Neh2 domain.	1.0	True
human_nrf2_keap1	Keap1 represses nuclear activation of antioxidant responsive elements by Nrf2 through binding to the amino-terminal Neh2 domain	Itoh K, Wakabayashi N, Katoh Y, et al.	pmid	9887101	OK	pubmed_9887101	Keap1 represses nuclear activation of antioxidant responsive elements by Nrf2 through binding to the amino-terminal Neh2 domain.	1.0	True
human_oct4_sox2_nanog_pluripotency	Core transcriptional regulatory circuitry in human embryonic stem cells	Boyer LA, Lee TI, Cole MF, et al.	doi	10.1016/j.cell.2005.08.020	OK	pubmed_16153702	Core transcriptional regulatory circuitry in human embryonic stem cells.	1.0	True
human_oct4_sox2_nanog_pluripotency	Core transcriptional regulatory circuitry in human embryonic stem cells	Boyer LA, Lee TI, Cole MF, et al.	pmid	16153702	OK	pubmed_16153702	Core transcriptional regulatory circuitry in human embryonic stem cells.	1.0	True
human_oct4_sox2_nanog_pluripotency	Transcriptional dynamics of the embryonic stem cell switch	Chickarmane V, Troein C, Nuber UA, Sauro HM, Peterson C	doi	10.1371/journal.pcbi.0020123	OK	pubmed_16978048	Transcriptional dynamics of the embryonic stem cell switch.	1.0	True
human_oct4_sox2_nanog_pluripotency	Transcriptional dynamics of the embryonic stem cell switch	Chickarmane V, Troein C, Nuber UA, Sauro HM, Peterson C	pmid	16978048	OK	pubmed_16978048	Transcriptional dynamics of the embryonic stem cell switch.	1.0	True
human_p16_rb_senescence	Oncogenic ras provokes premature cell senescence associated with accumulation of p53 and p16INK4a	Serrano M, Lin AW, McCurrach ME, Beach D, Lowe SW	doi	10.1016/S0092-8674(00)81902-9	NOT_FOUND				
human_p16_rb_senescence	Oncogenic ras provokes premature cell senescence associated with accumulation of p53 and p16INK4a	Serrano M, Lin AW, McCurrach ME, Beach D, Lowe SW	pmid	9054499	OK	pubmed_9054499	Oncogenic ras provokes premature cell senescence associated with accumulation of p53 and p16INK4a.	1.0	True
human_p53_apoptosis_decision	p53 dynamics control cell fate	Purvis JE, Karhohs KW, Mock C, et al.	doi	10.1126/science.1218351	OK	pubmed_22700930	p53 dynamics control cell fate.	1.0	True
human_p53_apoptosis_decision	p53 dynamics control cell fate	Purvis JE, Karhohs KW, Mock C, et al.	pmid	22700930	OK	pubmed_22700930	p53 dynamics control cell fate.	1.0	True
human_p53_apoptosis_decision	A threshold mechanism mediates p53 cell fate decision between growth arrest and apoptosis	Kracikova M, Akiri G, George A, Sachidanandam R, Aaronson SA	doi	10.1038/cdd.2012.155	OK	pubmed_23306555	A threshold mechanism mediates p53 cell fate decision between growth arrest and apoptosis.	1.0	True
human_p53_apoptosis_decision	A threshold mechanism mediates p53 cell fate decision between growth arrest and apoptosis	Kracikova M, Akiri G, George A, Sachidanandam R, Aaronson SA	pmid	23306555	OK	pubmed_23306555	A threshold mechanism mediates p53 cell fate decision between growth arrest and apoptosis.	1.0	True
human_p53_mdm2	Dynamics of the p53-Mdm2 feedback loop in individual cells	Lahav G, Rosenfeld N, Sigal A, Geva-Zatorsky N, Levine AJ, Elowitz MB, Alon U	doi	10.1038/ng1293	OK	pubmed_14730303	Dynamics of the p53-Mdm2 feedback loop in individual cells.	1.0	True
human_p53_mdm2	Dynamics of the p53-Mdm2 feedback loop in individual cells	Lahav G, Rosenfeld N, Sigal A, Geva-Zatorsky N, Levine AJ, Elowitz MB, Alon U	pmid	14730303	OK	pubmed_14730303	Dynamics of the p53-Mdm2 feedback loop in individual cells.	1.0	True
human_p53_mdm2	Stimulus-dependent dynamics of p53 in single cells	Batchelor E, Loewer A, Mock C, Lahav G	doi	10.1038/msb.2011.20	OK	pubmed_21556066	Stimulus-dependent dynamics of p53 in single cells.	1.0	True
human_p53_mdm2	Stimulus-dependent dynamics of p53 in single cells	Batchelor E, Loewer A, Mock C, Lahav G	pmid	21556066	OK	pubmed_21556066	Stimulus-dependent dynamics of p53 in single cells.	1.0	True
human_pd1_pdl1_checkpoint	The diverse functions of the PD1 inhibitory pathway	Sharpe AH, Pauken KE	doi	10.1038/nri.2017.108	OK	pubmed_28990585	The diverse functions of the PD1 inhibitory pathway.	1.0	True
human_pd1_pdl1_checkpoint	The diverse functions of the PD1 inhibitory pathway	Sharpe AH, Pauken KE	pmid	28990585	OK	pubmed_28990585	The diverse functions of the PD1 inhibitory pathway.	1.0	True
human_perk_atf4_isr	An integrated stress response regulates amino acid metabolism and resistance to oxidative stress	Harding HP, Zhang Y, Zeng H, et al.	doi	10.1016/S1097-2765(03)00105-9	NOT_FOUND				
human_perk_atf4_isr	An integrated stress response regulates amino acid metabolism and resistance to oxidative stress	Harding HP, Zhang Y, Zeng H, et al.	pmid	12667446	OK	pubmed_12667446	An integrated stress response regulates amino acid metabolism and resistance to oxidative stress.	1.0	True
human_pten_pi3k_akt	The functions and regulation of the PTEN tumour suppressor	Song MS, Salmena L, Pandolfi PP	doi	10.1038/nrm3330	OK	pubmed_22473468	The functions and regulation of the PTEN tumour suppressor.	1.0	True
human_pten_pi3k_akt	The functions and regulation of the PTEN tumour suppressor	Song MS, Salmena L, Pandolfi PP	pmid	22473468	OK	pubmed_22473468	The functions and regulation of the PTEN tumour suppressor.	1.0	True
human_rb_e2f_restriction_point	A bistable Rb-E2F switch underlies the restriction point	Yao G, Lee TJ, Mori S, Nevins JR, You L	doi	10.1038/ncb1711	OK	pubmed_18364697	A bistable Rb-E2F switch underlies the restriction point.	1.0	True
human_rb_e2f_restriction_point	A bistable Rb-E2F switch underlies the restriction point	Yao G, Lee TJ, Mori S, Nevins JR, You L	pmid	18364697	OK	pubmed_18364697	A bistable Rb-E2F switch underlies the restriction point.	1.0	True
human_rig_i_mavs_antiviral	MAVS forms functional prion-like aggregates to activate and propagate antiviral innate immune response	Hou F, Sun L, Zheng H, Skaug B, Jiang QX, Chen ZJ	doi	10.1016/j.cell.2011.06.041	OK	pubmed_21782231	MAVS forms functional prion-like aggregates to activate and propagate antiviral innate immune response.	1.0	True
human_rig_i_mavs_antiviral	MAVS forms functional prion-like aggregates to activate and propagate antiviral innate immune response	Hou F, Sun L, Zheng H, Skaug B, Jiang QX, Chen ZJ	pmid	21782231	OK	pubmed_21782231	MAVS forms functional prion-like aggregates to activate and propagate antiviral innate immune response.	1.0	True
human_rig_i_mavs_antiviral	Identification and characterization of MAVS, a mitochondrial antiviral signaling protein that activates NF-κB and IRF3	Seth RB, Sun L, Ea CK, Chen ZJ	doi	10.1016/j.cell.2005.08.012	OK	pubmed_16125763	Identification and characterization of MAVS, a mitochondrial antiviral signaling protein that activates NF-kappaB and IRF 3.	0.975	True
human_rig_i_mavs_antiviral	Identification and characterization of MAVS, a mitochondrial antiviral signaling protein that activates NF-κB and IRF3	Seth RB, Sun L, Ea CK, Chen ZJ	pmid	16125763	OK	pubmed_16125763	Identification and characterization of MAVS, a mitochondrial antiviral signaling protein that activates NF-kappaB and IRF 3.	0.975	True
human_scl_tal1_hematopoietic_switch	The T cell leukemia gene SCL/tal-1 is essential for generation of hematopoietic lineages	Porcher C, Swat W, Rockwell K, Fujiwara Y, Alt FW, Orkin SH	doi	10.1016/S0092-8674(00)80077-7	NOT_FOUND				
human_scl_tal1_hematopoietic_switch	The T cell leukemia gene SCL/tal-1 is essential for generation of hematopoietic lineages	Porcher C, Swat W, Rockwell K, Fujiwara Y, Alt FW, Orkin SH	pmid	8689686	OK	pubmed_8689686	The T cell leukemia oncoprotein SCL/tal-1 is essential for development of all hematopoietic lineages.	0.84	True
human_scl_tal1_hematopoietic_switch	SCL/TAL1 is a major nuclear effector of the Notch/RBPJ pathway in thymocyte development	Lacombe MJ, Del Blanco B, Anguita E, et al.			NO_IDENTIFIERS				
human_shh_gli	The mechanisms of Hedgehog signalling and its roles in development and disease	Briscoe J, Thérond PP	doi	10.1038/nrm3598	OK	pubmed_23719536	The mechanisms of Hedgehog signalling and its roles in development and disease.	1.0	True
human_shh_gli	The mechanisms of Hedgehog signalling and its roles in development and disease	Briscoe J, Thérond PP	pmid	23719536	OK	pubmed_23719536	The mechanisms of Hedgehog signalling and its roles in development and disease.	1.0	True
human_snail_mir34_emt	miR-34 and SNAIL form a double-negative feedback loop to regulate epithelial-mesenchymal transition	Siemens H, Jackstadt R, Hünten S, et al.	doi	10.4161/cc.10.24.18552	OK	pubmed_22134354	miR-34 and SNAIL form a double-negative feedback loop to regulate epithelial-mesenchymal transitions.	0.995	True
human_snail_mir34_emt	miR-34 and SNAIL form a double-negative feedback loop to regulate epithelial-mesenchymal transition	Siemens H, Jackstadt R, Hünten S, et al.	pmid	22134354	OK	pubmed_22134354	miR-34 and SNAIL form a double-negative feedback loop to regulate epithelial-mesenchymal transitions.	0.995	True
human_tbet_gata3_th1_th2	A novel transcription factor, T-bet, directs Th1 lineage commitment	Szabo SJ, Kim ST, Costa GL, Zhang X, Fathman CG, Glimcher LH	doi	10.1016/S0092-8674(00)80702-3	NOT_FOUND				
human_tbet_gata3_th1_th2	A novel transcription factor, T-bet, directs Th1 lineage commitment	Szabo SJ, Kim ST, Costa GL, Zhang X, Fathman CG, Glimcher LH	pmid	10761931	OK	pubmed_10761931	A novel transcription factor, T-bet, directs Th1 lineage commitment.	1.0	True
human_tgfbeta_smad	TGFβ signalling in context	Massagué J	doi	10.1038/nrm3434	OK	pubmed_22992590	TGFβ signalling in context.	1.0	True
human_tgfbeta_smad	TGFβ signalling in context	Massagué J	pmid	22992590	OK	pubmed_22992590	TGFβ signalling in context.	1.0	True
human_tlr4_lps_amplification	Achieving stability of lipopolysaccharide-induced NF-kappaB activation.	Covert MW, Leung TH, Gaston JE, Baltimore D	doi	10.1126/science.1112304	OK	pubmed_16166516	Achieving stability of lipopolysaccharide-induced NF-kappaB activation.	1.0	True
human_tlr4_lps_amplification	Achieving stability of lipopolysaccharide-induced NF-kappaB activation.	Covert MW, Leung TH, Gaston JE, Baltimore D	pmid	16166516	OK	pubmed_16166516	Achieving stability of lipopolysaccharide-induced NF-kappaB activation.	1.0	True
human_tlr4_lps_amplification	NF-κB survival pathways and the inflammatory response	Werner SL, Barken D, Hoffmann A			NO_IDENTIFIERS				
human_tnf_survival_death_decision	Induction of TNF receptor I-mediated apoptosis via two sequential signaling complexes	Micheau O, Tschopp J	doi	10.1016/S0092-8674(03)00521-X	NOT_FOUND				
human_tnf_survival_death_decision	Induction of TNF receptor I-mediated apoptosis via two sequential signaling complexes	Micheau O, Tschopp J	pmid	12887920	OK	pubmed_12887920	Induction of TNF receptor I-mediated apoptosis via two sequential signaling complexes.	1.0	True
human_vhl_hif_oxygen_sensing	Oxygen sensing by metazoans: the central role of the HIF hydroxylase pathway	Kaelin WG Jr, Ratcliffe PJ	doi	10.1016/j.molcel.2008.04.009	OK	pubmed_18498744	Oxygen sensing by metazoans: the central role of the HIF hydroxylase pathway.	1.0	True
human_vhl_hif_oxygen_sensing	Oxygen sensing by metazoans: the central role of the HIF hydroxylase pathway	Kaelin WG Jr, Ratcliffe PJ	pmid	18498744	OK	pubmed_18498744	Oxygen sensing by metazoans: the central role of the HIF hydroxylase pathway.	1.0	True
human_wnt_beta_catenin	Wnt/β-catenin signaling and disease	Clevers H, Nusse R	doi	10.1016/j.cell.2012.05.012	OK	pubmed_22682243	Wnt/β-catenin signaling and disease.	1.0	True
human_wnt_beta_catenin	Wnt/β-catenin signaling and disease	Clevers H, Nusse R	pmid	22682243	OK	pubmed_22682243	Wnt/β-catenin signaling and disease.	1.0	True
mouse_gata1_spi1_switch	PU.1 induces the commitment of multipotent progenitors to the myeloid lineage	Nerlov C, Graf T			NO_IDENTIFIERS				
mouse_gata1_spi1_switch	Bifurcation dynamics in lineage-commitment in bipotent progenitor cells	Huang S, Guo YP, May G, Enver T	doi	10.1016/j.ydbio.2007.02.036	OK	pubmed_17412320	Bifurcation dynamics in lineage-commitment in bipotent progenitor cells.	1.0	True
mouse_gata1_spi1_switch	Bifurcation dynamics in lineage-commitment in bipotent progenitor cells	Huang S, Guo YP, May G, Enver T	pmid	17412320	OK	pubmed_17412320	Bifurcation dynamics in lineage-commitment in bipotent progenitor cells.	1.0	True
mouse_p53_mdm2_oscillator	Dynamics of the p53-Mdm2 feedback loop in individual cells	Lahav G, Rosenfeld N, Sigal A, et al.	doi	10.1038/ng1293	OK	pubmed_14730303	Dynamics of the p53-Mdm2 feedback loop in individual cells.	1.0	True
mouse_p53_mdm2_oscillator	Dynamics of the p53-Mdm2 feedback loop in individual cells	Lahav G, Rosenfeld N, Sigal A, et al.	pmid	14730303	OK	pubmed_14730303	Dynamics of the p53-Mdm2 feedback loop in individual cells.	1.0	True
mouse_p53_mdm2_oscillator	Oscillations and variability in the p53 system	Geva-Zatorsky N, Rosenfeld N, Itzkovitz S, et al.	doi	10.1038/msb4100068	OK	pubmed_16773083	Oscillations and variability in the p53 system.	1.0	True
mouse_p53_mdm2_oscillator	Oscillations and variability in the p53 system	Geva-Zatorsky N, Rosenfeld N, Itzkovitz S, et al.	pmid	16773083	OK	pubmed_16773083	Oscillations and variability in the p53 system.	1.0	True
mouse_sox2_oct4_pluripotency	Pluripotency governed by Sox2 via regulation of Oct3/4 expression in mouse embryonic stem cells.	Masui S, Nakatake Y, Toyooka Y, Shimosato D, Yagi R, Takahashi K, Okochi H, Okuda A, Matoba R, Sharov AA, Ko MS, Niwa H	doi	10.1038/ncb1589	OK	pubmed_17515932	Pluripotency governed by Sox2 via regulation of Oct3/4 expression in mouse embryonic stem cells.	1.0	True
mouse_sox2_oct4_pluripotency	Pluripotency governed by Sox2 via regulation of Oct3/4 expression in mouse embryonic stem cells.	Masui S, Nakatake Y, Toyooka Y, Shimosato D, Yagi R, Takahashi K, Okochi H, Okuda A, Matoba R, Sharov AA, Ko MS, Niwa H	pmid	17515932	OK	pubmed_17515932	Pluripotency governed by Sox2 via regulation of Oct3/4 expression in mouse embryonic stem cells.	1.0	True
mouse_sox2_oct4_pluripotency	Quantitative expression of Oct-3/4 defines differentiation, dedifferentiation or self-renewal of ES cells	Niwa H, Miyazaki J, Smith AG	doi	10.1038/74199	OK	pubmed_10742100	Quantitative expression of Oct-3/4 defines differentiation, dedifferentiation or self-renewal of ES cells.	1.0	True
mouse_sox2_oct4_pluripotency	Quantitative expression of Oct-3/4 defines differentiation, dedifferentiation or self-renewal of ES cells	Niwa H, Miyazaki J, Smith AG	pmid	10742100	OK	pubmed_10742100	Quantitative expression of Oct-3/4 defines differentiation, dedifferentiation or self-renewal of ES cells.	1.0	True
synthetic_5node_repressilator	A synthetic oscillatory network of transcriptional regulators	Elowitz MB, Leibler S	doi	10.1038/35002125	OK	pubmed_10659856	A synthetic oscillatory network of transcriptional regulators.	1.0	True
synthetic_5node_repressilator	A synthetic oscillatory network of transcriptional regulators	Elowitz MB, Leibler S	pmid	10659856	OK	pubmed_10659856	A synthetic oscillatory network of transcriptional regulators.	1.0	True
synthetic_5node_repressilator	Synchronous long-term oscillations in a synthetic gene circuit	Potvin-Trottier L, Lord ND, Vinnicombe G, Paulsson J	doi	10.1038/nature19841	OK	pubmed_27732583	Synchronous long-term oscillations in a synthetic gene circuit.	1.0	True
synthetic_5node_repressilator	Synchronous long-term oscillations in a synthetic gene circuit	Potvin-Trottier L, Lord ND, Vinnicombe G, Paulsson J	pmid	27732583	OK	pubmed_27732583	Synchronous long-term oscillations in a synthetic gene circuit.	1.0	True
synthetic_and_gate	Engineering modular and orthogonal genetic logic gates for robust digital-like synthetic biology	Wang B, Kitney RI, Joly N, Buck M	doi	10.1038/ncomms1516	OK	pubmed_22009040	Engineering modular and orthogonal genetic logic gates for robust digital-like synthetic biology.	1.0	True
synthetic_and_gate	Engineering modular and orthogonal genetic logic gates for robust digital-like synthetic biology	Wang B, Kitney RI, Joly N, Buck M	pmid	22009040	OK	pubmed_22009040	Engineering modular and orthogonal genetic logic gates for robust digital-like synthetic biology.	1.0	True
synthetic_antithetic_integral_feedback	Antithetic integral feedback ensures robust perfect adaptation in noisy biomolecular networks	Briat C, Gupta A, Khammash M	doi	10.1016/j.cels.2016.01.004	OK	pubmed_27136686	Antithetic Integral Feedback Ensures Robust Perfect Adaptation in Noisy Biomolecular Networks.	1.0	True
synthetic_antithetic_integral_feedback	Antithetic integral feedback ensures robust perfect adaptation in noisy biomolecular networks	Briat C, Gupta A, Khammash M	pmid	27136686	OK	pubmed_27136686	Antithetic Integral Feedback Ensures Robust Perfect Adaptation in Noisy Biomolecular Networks.	1.0	True
synthetic_antithetic_integral_feedback	A universal biomolecular integral feedback controller for robust perfect adaptation	Aoki SK, Lillacci G, Gupta A, Baumschlager A, Schweingruber D, Khammash M	doi	10.1038/s41586-019-1321-1	OK	pubmed_31217585	A universal biomolecular integral feedback controller for robust perfect adaptation.	1.0	True
synthetic_antithetic_integral_feedback	A universal biomolecular integral feedback controller for robust perfect adaptation	Aoki SK, Lillacci G, Gupta A, Baumschlager A, Schweingruber D, Khammash M	pmid	31217585	OK	pubmed_31217585	A universal biomolecular integral feedback controller for robust perfect adaptation.	1.0	True
synthetic_atkinson_oscillator	Development of genetic circuitry exhibiting toggle switch or oscillatory behavior in Escherichia coli	Atkinson MR, Savageau MA, Myers JT, Ninfa AJ	doi	10.1016/S0092-8674(03)00346-5	NOT_FOUND				
synthetic_atkinson_oscillator	Development of genetic circuitry exhibiting toggle switch or oscillatory behavior in Escherichia coli	Atkinson MR, Savageau MA, Myers JT, Ninfa AJ	pmid	12787501	OK	pubmed_12787501	Development of genetic circuitry exhibiting toggle switch or oscillatory behavior in Escherichia coli.	1.0	True
synthetic_band_detector	A synthetic multicellular system for programmed pattern formation	Basu S, Gerchman Y, Collins CH, Arnold FH, Weiss R	doi	10.1038/nature03461	OK	pubmed_15858574	A synthetic multicellular system for programmed pattern formation.	1.0	True
synthetic_band_detector	A synthetic multicellular system for programmed pattern formation	Basu S, Gerchman Y, Collins CH, Arnold FH, Weiss R	pmid	15858574	OK	pubmed_15858574	A synthetic multicellular system for programmed pattern formation.	1.0	True
synthetic_burden_feedback_controller	Burden-driven feedback control of gene expression	Ceroni F, Boo A, Furini S, et al.	doi	10.1038/nmeth.4635	OK	pubmed_29578536	Burden-driven feedback control of gene expression.	1.0	True
synthetic_burden_feedback_controller	Burden-driven feedback control of gene expression	Ceroni F, Boo A, Furini S, et al.	pmid	29578536	OK	pubmed_29578536	Burden-driven feedback control of gene expression.	1.0	True
synthetic_coherent_ffl	Structure and function of the feed-forward loop network motif	Mangan S, Alon U	doi	10.1073/pnas.2133841100	OK	pubmed_14530388	Structure and function of the feed-forward loop network motif.	1.0	True
synthetic_coherent_ffl	Structure and function of the feed-forward loop network motif	Mangan S, Alon U	pmid	14530388	OK	pubmed_14530388	Structure and function of the feed-forward loop network motif.	1.0	True
synthetic_coherent_ffl	The coherent feedforward loop serves as a sign-sensitive delay element in transcription networks	Mangan S, Zaslaver A, Alon U	doi	10.1016/j.jmb.2003.09.049	OK	pubmed_14607112	The coherent feedforward loop serves as a sign-sensitive delay element in transcription networks.	1.0	True
synthetic_coherent_ffl	The coherent feedforward loop serves as a sign-sensitive delay element in transcription networks	Mangan S, Zaslaver A, Alon U	pmid	14607112	OK	pubmed_14607112	The coherent feedforward loop serves as a sign-sensitive delay element in transcription networks.	1.0	True
synthetic_consortium_logic	Robust multicellular computing using genetically encoded NOR gates and chemical wires	Tamsir A, Tabor JJ, Voigt CA	doi	10.1038/nature09565	OK	pubmed_21150903	Robust multicellular computing using genetically encoded NOR gates and chemical 'wires'.	1.0	True
synthetic_consortium_logic	Robust multicellular computing using genetically encoded NOR gates and chemical wires	Tamsir A, Tabor JJ, Voigt CA	pmid	21150903	OK	pubmed_21150903	Robust multicellular computing using genetically encoded NOR gates and chemical 'wires'.	1.0	True
synthetic_crispr_recorder	Genomically encoded analog memory with precise in vivo DNA writing in living cell populations	Farzadfard F, Lu TK	doi	10.1126/science.1256272	OK	pubmed_25395541	Synthetic biology. Genomically encoded analog memory with precise in vivo DNA writing in living cell populations.	0.912	True
synthetic_crispr_recorder	Genomically encoded analog memory with precise in vivo DNA writing in living cell populations	Farzadfard F, Lu TK	pmid	25395541	OK	pubmed_25395541	Synthetic biology. Genomically encoded analog memory with precise in vivo DNA writing in living cell populations.	0.912	True
synthetic_crispr_recorder	Single-nucleotide-resolution computing and memory in living cells (DOMINO)	Farzadfard F, Gharaei N, Higashikuni Y, et al.	doi	10.1016/j.molcel.2019.07.011	OK	pubmed_31442423	Single-Nucleotide-Resolution Computing and Memory in Living Cells.	0.949	True
synthetic_crispr_recorder	Single-nucleotide-resolution computing and memory in living cells (DOMINO)	Farzadfard F, Gharaei N, Higashikuni Y, et al.	pmid	31302002	TITLE_MISMATCH	pubmed_31302002	IKKα Kinase Regulates the DNA Damage Response and Drives Chemo-resistance in Cancer.	0.377	True
synthetic_crispra_layered_logic	Highly efficient Cas9-mediated transcriptional programming	Chavez A, Scheiman J, Vora S, Pruitt BW, Tuttle M, E PRI E, Lin S, Kiani S, Guzman CD, Wiegand DJ, Ter-Ovanesyan D, Braff JL, Davidsohn N, Housden BE, Perrimon N, Weiss R, Aach J, Collins JJ, Church GM	doi	10.1038/nmeth.3312	OK	pubmed_25730490	Highly efficient Cas9-mediated transcriptional programming.	1.0	True
synthetic_crispra_layered_logic	Highly efficient Cas9-mediated transcriptional programming	Chavez A, Scheiman J, Vora S, Pruitt BW, Tuttle M, E PRI E, Lin S, Kiani S, Guzman CD, Wiegand DJ, Ter-Ovanesyan D, Braff JL, Davidsohn N, Housden BE, Perrimon N, Weiss R, Aach J, Collins JJ, Church GM	pmid	25730490	OK	pubmed_25730490	Highly efficient Cas9-mediated transcriptional programming.	1.0	True
synthetic_crispra_layered_logic	CRISPR-mediated modular RNA-guided regulation of transcription in eukaryotes	Gilbert LA, Larson MH, Morsut L, Liu Z, Brar GA, Torres SE, Stern-Ginossar N, Brandman O, Whitehead EH, Doudna JA, Lim WA, Weissman JS, Qi LS	doi	10.1016/j.cell.2013.06.044	NOT_FOUND				
synthetic_crispra_layered_logic	CRISPR-mediated modular RNA-guided regulation of transcription in eukaryotes	Gilbert LA, Larson MH, Morsut L, Liu Z, Brar GA, Torres SE, Stern-Ginossar N, Brandman O, Whitehead EH, Doudna JA, Lim WA, Weissman JS, Qi LS	pmid	23890179	TITLE_MISMATCH	pubmed_23890179	Human rhinovirus infections of the lower respiratory tract in hematopoietic stem cell transplant recipients.	0.284	True
synthetic_crispri_toggle	Multistable and dynamic CRISPRi-based synthetic circuits	Santos-Moreno J, Tasiudi E, Stelling J, Schaerli Y	doi	10.1038/s41467-020-16574-1	OK	pubmed_32488086	Multistable and dynamic CRISPRi-based synthetic circuits.	1.0	True
synthetic_crispri_toggle	Multistable and dynamic CRISPRi-based synthetic circuits	Santos-Moreno J, Tasiudi E, Stelling J, Schaerli Y	pmid	32488086	OK	pubmed_32488086	Multistable and dynamic CRISPRi-based synthetic circuits.	1.0	True
synthetic_dcas9_logic	Digital logic circuits in yeast with CRISPR-dCas9 NOR gates	Gander MW, Vrana JD, Voje WE, Carothers JM, Klavins E	doi	10.1038/ncomms15459	OK	pubmed_28541304	Digital logic circuits in yeast with CRISPR-dCas9 NOR gates.	1.0	True
synthetic_dcas9_logic	Digital logic circuits in yeast with CRISPR-dCas9 NOR gates	Gander MW, Vrana JD, Voje WE, Carothers JM, Klavins E	pmid	28526819	TITLE_MISMATCH	pubmed_28526819	Systematic comparison of 2A peptides for cloning multi-genes in a polycistronic vector.	0.317	True
synthetic_edge_detector	A synthetic genetic edge detection program	Tabor JJ, Salis HM, Simpson ZB, et al.	doi	10.1016/j.cell.2009.04.048	OK	pubmed_19563759	A synthetic genetic edge detection program.	1.0	True
synthetic_edge_detector	A synthetic genetic edge detection program	Tabor JJ, Salis HM, Simpson ZB, et al.	pmid	19563759	OK	pubmed_19563759	A synthetic genetic edge detection program.	1.0	True
synthetic_fold_change_detector	The incoherent feedforward loop can provide fold-change detection in gene regulation	Goentoro L, Shoval O, Kirschner MW, Alon U	doi	10.1016/j.molcel.2009.11.018	OK	pubmed_20005851	The incoherent feedforward loop can provide fold-change detection in gene regulation.	1.0	True
synthetic_fold_change_detector	The incoherent feedforward loop can provide fold-change detection in gene regulation	Goentoro L, Shoval O, Kirschner MW, Alon U	pmid	20005851	OK	pubmed_20005851	The incoherent feedforward loop can provide fold-change detection in gene regulation.	1.0	True
synthetic_incoherent_ffl	Structure and function of the feed-forward loop network motif	Mangan S, Alon U	doi	10.1073/pnas.2133841100	OK	pubmed_14530388	Structure and function of the feed-forward loop network motif.	1.0	True
synthetic_incoherent_ffl	Structure and function of the feed-forward loop network motif	Mangan S, Alon U	pmid	14530388	OK	pubmed_14530388	Structure and function of the feed-forward loop network motif.	1.0	True
synthetic_incoherent_ffl	Spatiotemporal control of gene expression with pulse-generating networks	Basu S, Mehreja R, Thiberge S, Chen MT, Weiss R	doi	10.1073/pnas.0307571101	OK	pubmed_15096621	Spatiotemporal control of gene expression with pulse-generating networks.	1.0	True
synthetic_incoherent_ffl	Spatiotemporal control of gene expression with pulse-generating networks	Basu S, Mehreja R, Thiberge S, Chen MT, Weiss R	pmid	15096621	OK	pubmed_15096621	Spatiotemporal control of gene expression with pulse-generating networks.	1.0	True
synthetic_integrase_memory	Rewritable digital data storage in live cells via engineered control of recombination directionality	Bonnet J, Subsoontorn P, Endy D	doi	10.1073/pnas.1202344109	OK	pubmed_22615351	Rewritable digital data storage in live cells via engineered control of recombination directionality.	1.0	True
synthetic_integrase_memory	Rewritable digital data storage in live cells via engineered control of recombination directionality	Bonnet J, Subsoontorn P, Endy D	pmid	22615351	OK	pubmed_22615351	Rewritable digital data storage in live cells via engineered control of recombination directionality.	1.0	True
synthetic_integrase_memory	Synthetic circuits integrating logic and memory in living cells	Siuti P, Yazbek J, Lu TK	doi	10.1038/nbt.2510	OK	pubmed_23396014	Synthetic circuits integrating logic and memory in living cells.	1.0	True
synthetic_integrase_memory	Synthetic circuits integrating logic and memory in living cells	Siuti P, Yazbek J, Lu TK	pmid	23396014	OK	pubmed_23396014	Synthetic circuits integrating logic and memory in living cells.	1.0	True
synthetic_layered_nor_cascade	Genetic circuit design automation	Nielsen AAK, Der BS, Shin J, et al.	doi	10.1126/science.aac7341	OK	pubmed_27034378	Genetic circuit design automation.	1.0	True
synthetic_layered_nor_cascade	Genetic circuit design automation	Nielsen AAK, Der BS, Shin J, et al.	pmid	27034378	OK	pubmed_27034378	Genetic circuit design automation.	1.0	True
synthetic_light_sensor	Synthetic biology: engineering Escherichia coli to see light	Levskaya A, Chevalier AA, Tabor JJ, et al.	doi	10.1038/nature04405	OK	pubmed_16306980	Synthetic biology: engineering Escherichia coli to see light.	1.0	True
synthetic_light_sensor	Synthetic biology: engineering Escherichia coli to see light	Levskaya A, Chevalier AA, Tabor JJ, et al.	pmid	16306980	OK	pubmed_16306980	Synthetic biology: engineering Escherichia coli to see light.	1.0	True
synthetic_metabolator	A synthetic gene-metabolic oscillator	Fung E, Wong WW, Suen JK, Bulter T, Lee SG, Liao JC	doi	10.1038/nature03508	OK	pubmed_15875027	A synthetic gene-metabolic oscillator.	1.0	True
synthetic_metabolator	A synthetic gene-metabolic oscillator	Fung E, Wong WW, Suen JK, Bulter T, Lee SG, Liao JC	pmid	15875027	OK	pubmed_15875027	A synthetic gene-metabolic oscillator.	1.0	True
synthetic_mutual_activation_bistable	Construction of a genetic toggle switch in Escherichia coli	Gardner TS, Cantor CR, Collins JJ	doi	10.1038/35002131	OK	pubmed_10659857	Construction of a genetic toggle switch in Escherichia coli.	1.0	True
synthetic_mutual_activation_bistable	Construction of a genetic toggle switch in Escherichia coli	Gardner TS, Cantor CR, Collins JJ	pmid	10659857	OK	pubmed_10659857	Construction of a genetic toggle switch in Escherichia coli.	1.0	True
synthetic_negative_autoregulation	Negative autoregulation speeds the response times of transcription networks	Rosenfeld N, Elowitz MB, Alon U	doi	10.1016/S0022-2836(02)00994-4	NOT_FOUND				
synthetic_negative_autoregulation	Negative autoregulation speeds the response times of transcription networks	Rosenfeld N, Elowitz MB, Alon U	pmid	12417193	OK	pubmed_12417193	Negative autoregulation speeds the response times of transcription networks.	1.0	True
synthetic_negative_autoregulation	Engineering stability in gene networks by autoregulation	Becskei A, Serrano L	doi	10.1038/35014651	OK	pubmed_10850721	Engineering stability in gene networks by autoregulation.	1.0	True
synthetic_negative_autoregulation	Engineering stability in gene networks by autoregulation	Becskei A, Serrano L	pmid	10850721	OK	pubmed_10850721	Engineering stability in gene networks by autoregulation.	1.0	True
synthetic_nor_gate	Robust multicellular computing using genetically encoded NOR gates and chemical 'wires'	Tamsir A, Tabor JJ, Voigt CA	doi	10.1038/nature09565	OK	pubmed_21150903	Robust multicellular computing using genetically encoded NOR gates and chemical 'wires'.	1.0	True
synthetic_nor_gate	Robust multicellular computing using genetically encoded NOR gates and chemical 'wires'	Tamsir A, Tabor JJ, Voigt CA	pmid	21150903	OK	pubmed_21150903	Robust multicellular computing using genetically encoded NOR gates and chemical 'wires'.	1.0	True
synthetic_optogenetic_toggle	Construction of a genetic toggle switch in Escherichia coli	Gardner TS, Cantor CR, Collins JJ	doi	10.1038/35002131	OK	pubmed_10659857	Construction of a genetic toggle switch in Escherichia coli.	1.0	True
synthetic_optogenetic_toggle	Construction of a genetic toggle switch in Escherichia coli	Gardner TS, Cantor CR, Collins JJ	pmid	10659857	OK	pubmed_10659857	Construction of a genetic toggle switch in Escherichia coli.	1.0	True
synthetic_optogenetic_toggle	Induction of protein-protein interactions in live cells using light	Yazawa M, Sadaghiani AM, Hsueh B, Dolmetsch RE	doi	10.1038/nbt.1569	OK	pubmed_19801976	Induction of protein-protein interactions in live cells using light.	1.0	True
synthetic_optogenetic_toggle	Induction of protein-protein interactions in live cells using light	Yazawa M, Sadaghiani AM, Hsueh B, Dolmetsch RE	pmid	19801976	OK	pubmed_19801976	Induction of protein-protein interactions in live cells using light.	1.0	True
synthetic_or_gate	Robust multicellular computing using genetically encoded NOR gates and chemical 'wires'	Tamsir A, Tabor JJ, Voigt CA	doi	10.1038/nature09565	OK	pubmed_21150903	Robust multicellular computing using genetically encoded NOR gates and chemical 'wires'.	1.0	True
synthetic_or_gate	Robust multicellular computing using genetically encoded NOR gates and chemical 'wires'	Tamsir A, Tabor JJ, Voigt CA	pmid	21150903	OK	pubmed_21150903	Robust multicellular computing using genetically encoded NOR gates and chemical 'wires'.	1.0	True
synthetic_phosphorelay_and	Environmentally controlled invasion of cancer cells by engineered bacteria	Anderson JC, Clarke EJ, Arkin AP, Voigt CA	doi	10.1016/j.jmb.2005.10.076	OK	pubmed_16330045	Environmentally controlled invasion of cancer cells by engineered bacteria.	1.0	True
synthetic_phosphorelay_and	Environmentally controlled invasion of cancer cells by engineered bacteria	Anderson JC, Clarke EJ, Arkin AP, Voigt CA	pmid	16330045	OK	pubmed_16330045	Environmentally controlled invasion of cancer cells by engineered bacteria.	1.0	True
synthetic_population_control	Programmed population control by cell-cell communication and regulated killing	You L, Cox RS 3rd, Weiss R, Arnold FH	doi	10.1038/nature02491	OK	pubmed_15064770	Programmed population control by cell-cell communication and regulated killing.	1.0	True
synthetic_population_control	Programmed population control by cell-cell communication and regulated killing	You L, Cox RS 3rd, Weiss R, Arnold FH	pmid	15064770	OK	pubmed_15064770	Programmed population control by cell-cell communication and regulated killing.	1.0	True
synthetic_positive_autoregulation	Positive feedback in eukaryotic gene networks: cell differentiation by graded to binary response conversion	Becskei A, Séraphin B, Serrano L	doi	10.1093/emboj/20.10.2528	OK	pubmed_11350942	Positive feedback in eukaryotic gene networks: cell differentiation by graded to binary response conversion.	1.0	True
synthetic_positive_autoregulation	Positive feedback in eukaryotic gene networks: cell differentiation by graded to binary response conversion	Becskei A, Séraphin B, Serrano L	pmid	11350942	OK	pubmed_11350942	Positive feedback in eukaryotic gene networks: cell differentiation by graded to binary response conversion.	1.0	True
synthetic_positive_autoregulation	Regulatory dynamics of synthetic gene networks with positive feedback	Maeda YT, Sano M	doi	10.1016/j.jmb.2006.03.064	OK	pubmed_16701695	Regulatory dynamics of synthetic gene networks with positive feedback.	1.0	True
synthetic_positive_autoregulation	Regulatory dynamics of synthetic gene networks with positive feedback	Maeda YT, Sano M	pmid	16701695	OK	pubmed_16701695	Regulatory dynamics of synthetic gene networks with positive feedback.	1.0	True
synthetic_protease_and_gate	A modular and extensible RNA-based gene-regulatory platform for engineering cellular function	Win MN, Smolke CD	doi	10.1073/pnas.0703961104	NOT_FOUND				
synthetic_protease_and_gate	A modular and extensible RNA-based gene-regulatory platform for engineering cellular function	Win MN, Smolke CD	pmid	17715057	TITLE_MISMATCH	pubmed_17715057	Searching for species in haloarchaea.	0.264	True
synthetic_recombinase_counter	Synthetic gene networks that count	Friedland AE, Lu TK, Wang X, Shi D, Church G, Collins JJ	doi	10.1126/science.1172005	OK	pubmed_19478183	Synthetic gene networks that count.	1.0	True
synthetic_recombinase_counter	Synthetic gene networks that count	Friedland AE, Lu TK, Wang X, Shi D, Church G, Collins JJ	pmid	19478183	OK	pubmed_19478183	Synthetic gene networks that count.	1.0	True
synthetic_recombinase_counter	Synthetic recombinase-based state machines in living cells	Roquet N, Soleimany AP, Ferris AC, Aaronson S, Lu TK	doi	10.1126/science.aad8559	OK	pubmed_27463678	Synthetic recombinase-based state machines in living cells.	1.0	True
synthetic_recombinase_counter	Synthetic recombinase-based state machines in living cells	Roquet N, Soleimany AP, Ferris AC, Aaronson S, Lu TK	pmid	27463678	OK	pubmed_27463678	Synthetic recombinase-based state machines in living cells.	1.0	True
synthetic_repressilator	A synthetic oscillatory network of transcriptional regulators	Elowitz MB, Leibler S	doi	10.1038/35002125	OK	pubmed_10659856	A synthetic oscillatory network of transcriptional regulators.	1.0	True
synthetic_repressilator	A synthetic oscillatory network of transcriptional regulators	Elowitz MB, Leibler S	pmid	10659856	OK	pubmed_10659856	A synthetic oscillatory network of transcriptional regulators.	1.0	True
synthetic_rna_attenuator	Versatile RNA-sensing transcriptional regulators for engineering genetic networks	Lucks JB, Qi L, Mutalik VK, Wang D, Arkin AP	doi	10.1073/pnas.1015741108	OK	pubmed_21555549	Versatile RNA-sensing transcriptional regulators for engineering genetic networks.	1.0	True
synthetic_rna_attenuator	Versatile RNA-sensing transcriptional regulators for engineering genetic networks	Lucks JB, Qi L, Mutalik VK, Wang D, Arkin AP	pmid	21555549	OK	pubmed_21555549	Versatile RNA-sensing transcriptional regulators for engineering genetic networks.	1.0	True
synthetic_sender_receiver_qs	A synthetic multicellular system for programmed pattern formation	Basu S, Gerchman Y, Collins CH, Arnold FH, Weiss R	doi	10.1038/nature03461	OK	pubmed_15858574	A synthetic multicellular system for programmed pattern formation.	1.0	True
synthetic_sender_receiver_qs	A synthetic multicellular system for programmed pattern formation	Basu S, Gerchman Y, Collins CH, Arnold FH, Weiss R	pmid	15858574	OK	pubmed_15858574	A synthetic multicellular system for programmed pattern formation.	1.0	True
synthetic_stricker_oscillator	A fast, robust and tunable synthetic gene oscillator	Stricker J, Cookson S, Bennett MR, Mather WH, Tsimring LS, Hasty J	doi	10.1038/nature07389	OK	pubmed_18971928	A fast, robust and tunable synthetic gene oscillator.	1.0	True
synthetic_stricker_oscillator	A fast, robust and tunable synthetic gene oscillator	Stricker J, Cookson S, Bennett MR, Mather WH, Tsimring LS, Hasty J	pmid	18971928	OK	pubmed_18971928	A fast, robust and tunable synthetic gene oscillator.	1.0	True
synthetic_synchronized_qs_oscillator	A synchronized quorum of genetic clocks	Danino T, Mondragón-Palomino O, Tsimring L, Hasty J	doi	10.1038/nature08753	OK	pubmed_20090747	A synchronized quorum of genetic clocks.	1.0	True
synthetic_synchronized_qs_oscillator	A synchronized quorum of genetic clocks	Danino T, Mondragón-Palomino O, Tsimring L, Hasty J	pmid	20090747	OK	pubmed_20090747	A synchronized quorum of genetic clocks.	1.0	True
synthetic_theophylline_riboswitch	Genetic screens and selections for small molecules based on a synthetic riboswitch that activates protein translation	Desai SK, Gallivan JP	doi	10.1021/ja048634j	NOT_FOUND				
synthetic_theophylline_riboswitch	Genetic screens and selections for small molecules based on a synthetic riboswitch that activates protein translation	Desai SK, Gallivan JP	pmid	15479073	TITLE_MISMATCH	pubmed_15479073	Multiple areas of magnetic bistability in the topological ferrimagnet [Co3(NC5H3(CO2)2-2,5)2(mu3-OH)2(OH2)2].	0.206	True
synthetic_three_input_and	Genetic programs constructed from layered logic gates in single cells	Moon TS, Lou C, Tamsir A, Stanton BC, Voigt CA	doi	10.1038/nature11516	OK	pubmed_23041931	Genetic programs constructed from layered logic gates in single cells.	1.0	True
synthetic_three_input_and	Genetic programs constructed from layered logic gates in single cells	Moon TS, Lou C, Tamsir A, Stanton BC, Voigt CA	pmid	23041931	OK	pubmed_23041931	Genetic programs constructed from layered logic gates in single cells.	1.0	True
synthetic_toehold_riboregulator	Toehold switches: de-novo-designed regulators of gene expression	Green AA, Silver PA, Collins JJ, Yin P	doi	10.1016/j.cell.2014.10.002	OK	pubmed_25417166	Toehold switches: de-novo-designed regulators of gene expression.	1.0	True
synthetic_toehold_riboregulator	Toehold switches: de-novo-designed regulators of gene expression	Green AA, Silver PA, Collins JJ, Yin P	pmid	25417166	OK	pubmed_25417166	Toehold switches: de-novo-designed regulators of gene expression.	1.0	True
synthetic_toggle_switch	Construction of a genetic toggle switch in Escherichia coli	Gardner TS, Cantor CR, Collins JJ	doi	10.1038/35002131	OK	pubmed_10659857	Construction of a genetic toggle switch in Escherichia coli.	1.0	True
synthetic_toggle_switch	Construction of a genetic toggle switch in Escherichia coli	Gardner TS, Cantor CR, Collins JJ	pmid	10659857	OK	pubmed_10659857	Construction of a genetic toggle switch in Escherichia coli.	1.0	True
synthetic_xor_gate	Amplifying genetic logic gates	Bonnet J, Yin P, Ortiz ME, Subsoontorn P, Endy D	doi	10.1126/science.1232758	OK	pubmed_23539178	Amplifying genetic logic gates.	1.0	True
synthetic_xor_gate	Amplifying genetic logic gates	Bonnet J, Yin P, Ortiz ME, Subsoontorn P, Endy D	pmid	23539178	OK	pubmed_23539178	Amplifying genetic logic gates.	1.0	True
yeast_autophagy	Autophagy genes in biology and disease	Levine B			NO_IDENTIFIERS				
yeast_autophagy	The role of Atg proteins in autophagosome formation	Mizushima N, Yoshimori T, Ohsumi Y	doi	10.1146/annurev-cellbio-092910-154005	OK	pubmed_21801009	The role of Atg proteins in autophagosome formation.	1.0	True
yeast_autophagy	The role of Atg proteins in autophagosome formation	Mizushima N, Yoshimori T, Ohsumi Y	pmid	21801009	OK	pubmed_21801009	The role of Atg proteins in autophagosome formation.	1.0	True
yeast_autophagy	The molecular machinery of autophagy: unanswered questions	Xie Z			NO_IDENTIFIERS				
yeast_autophagy	Autophagy in yeast demonstrated with proteinase-deficient mutants and conditions for its induction	Takeshige K, Baba M, Tsuboi S, Noda T, Ohsumi Y	doi	10.1083/jcb.119.2.301	OK	pubmed_1400575	Autophagy in yeast demonstrated with proteinase-deficient mutants and conditions for its induction.	1.0	True
yeast_autophagy	Autophagy in yeast demonstrated with proteinase-deficient mutants and conditions for its induction	Takeshige K, Baba M, Tsuboi S, Noda T, Ohsumi Y	pmid	1400575	OK	pubmed_1400575	Autophagy in yeast demonstrated with proteinase-deficient mutants and conditions for its induction.	1.0	True
yeast_cell_cycle_control	Cyclins and cell cycle checkpoints	Nurse P			NO_IDENTIFIERS				
yeast_cell_cycle_control	Control of the eukaryotic cell cycle by MAP kinase signaling pathways	Qi M, Elion EA			NO_IDENTIFIERS				
yeast_cell_cycle_control	Cyclin-dependent kinases: engines, clocks, and microprocessors	Morgan DO	doi	10.1146/annurev.cellbio.13.1.261	OK	pubmed_9442875	Cyclin-dependent kinases: engines, clocks, and microprocessors.	1.0	True
yeast_cell_cycle_control	Cyclin-dependent kinases: engines, clocks, and microprocessors	Morgan DO	pmid	9442875	OK	pubmed_9442875	Cyclin-dependent kinases: engines, clocks, and microprocessors.	1.0	True
yeast_cell_cycle_control	The anaphase promoting complex/cyclosome: a machine designed to destroy	Peters JM	doi	10.1038/nrm1988	OK	pubmed_16896351	The anaphase promoting complex/cyclosome: a machine designed to destroy.	1.0	True
yeast_cell_cycle_control	The anaphase promoting complex/cyclosome: a machine designed to destroy	Peters JM	pmid	16896351	OK	pubmed_16896351	The anaphase promoting complex/cyclosome: a machine designed to destroy.	1.0	True
yeast_cell_cycle_control	The spindle-assembly checkpoint in space and time	Musacchio A, Salmon ED	doi	10.1038/nrm2163	OK	pubmed_17426725	The spindle-assembly checkpoint in space and time.	1.0	True
yeast_cell_cycle_control	The spindle-assembly checkpoint in space and time	Musacchio A, Salmon ED	pmid	17426725	OK	pubmed_17426725	The spindle-assembly checkpoint in space and time.	1.0	True
yeast_cell_wall_integrity	Cell wall integrity signaling in Saccharomyces cerevisiae.	Levin DE	doi	10.1128/mmbr.69.2.262-291.2005	OK	pubmed_15944456	Cell wall integrity signaling in Saccharomyces cerevisiae.	1.0	True
yeast_cell_wall_integrity	Cell wall integrity signaling in Saccharomyces cerevisiae.	Levin DE	pmid	15944456	OK	pubmed_15944456	Cell wall integrity signaling in Saccharomyces cerevisiae.	1.0	True
yeast_chromatin_silencing	The establishment, inheritance, and function of silenced chromatin in Saccharomyces cerevisiae.	Rusche LN, Kirchmaier AL, Rine J	doi	10.1146/annurev.biochem.72.121801.161547	OK	pubmed_12676793	The establishment, inheritance, and function of silenced chromatin in Saccharomyces cerevisiae.	1.0	True
yeast_chromatin_silencing	The establishment, inheritance, and function of silenced chromatin in Saccharomyces cerevisiae.	Rusche LN, Kirchmaier AL, Rine J	pmid	12676793	OK	pubmed_12676793	The establishment, inheritance, and function of silenced chromatin in Saccharomyces cerevisiae.	1.0	True
yeast_er_stress_response	Signalling pathways in the unfolded protein response: development from yeast to mammals.	Mori K	doi	10.1093/jb/mvp166	OK	pubmed_19861400	Signalling pathways in the unfolded protein response: development from yeast to mammals.	1.0	True
yeast_er_stress_response	Signalling pathways in the unfolded protein response: development from yeast to mammals.	Mori K	pmid	19861400	OK	pubmed_19861400	Signalling pathways in the unfolded protein response: development from yeast to mammals.	1.0	True
yeast_gal_bistable_switch	Enhancement of cellular memory by reducing stochastic transitions	Acar M, Becskei A, van Oudenaarden A	doi	10.1038/nature03524	OK	pubmed_15889097	Enhancement of cellular memory by reducing stochastic transitions.	1.0	True
yeast_gal_bistable_switch	Enhancement of cellular memory by reducing stochastic transitions	Acar M, Becskei A, van Oudenaarden A	pmid	15889097	OK	pubmed_15889097	Enhancement of cellular memory by reducing stochastic transitions.	1.0	True
yeast_gal_regulation	Multiple mechanisms provide rapid and stringent glucose repression of GAL gene expression in Saccharomyces cerevisiae	Johnston M, Flick JS, Pexton T	doi	10.1128/mcb.14.6.3834	OK	crossref_10.1128_mcb.14.6.3834	Multiple mechanisms provide rapid and stringent glucose repression of GAL gene expression in Saccharomyces cerevisiae.	1.0	True
yeast_gal_regulation	Multiple mechanisms provide rapid and stringent glucose repression of GAL gene expression in Saccharomyces cerevisiae	Johnston M, Flick JS, Pexton T	pmid	8196626	OK	pubmed_8196626	Multiple mechanisms provide rapid and stringent glucose repression of GAL gene expression in Saccharomyces cerevisiae.	1.0	True
yeast_gal_regulation	Transcriptional regulation in the yeast GAL gene family: a complex genetic network	Lohr D, Venkov P, Zlatanova J	doi	10.1096/fasebj.9.9.7601342	OK	pubmed_7601342	Transcriptional regulation in the yeast GAL gene family: a complex genetic network.	1.0	True
yeast_gal_regulation	Transcriptional regulation in the yeast GAL gene family: a complex genetic network	Lohr D, Venkov P, Zlatanova J	pmid	7601342	OK	pubmed_7601342	Transcriptional regulation in the yeast GAL gene family: a complex genetic network.	1.0	True
yeast_gal_regulation	The yeast galactose genetic switch is mediated by the formation of a Gal4p-Gal80p-Gal3p complex	Platt A, Reece RJ	doi	10.1093/emboj/17.14.4086	OK	pubmed_9670023	The yeast galactose genetic switch is mediated by the formation of a Gal4p-Gal80p-Gal3p complex.	1.0	True
yeast_gal_regulation	The yeast galactose genetic switch is mediated by the formation of a Gal4p-Gal80p-Gal3p complex	Platt A, Reece RJ	pmid	9670023	OK	pubmed_9670023	The yeast galactose genetic switch is mediated by the formation of a Gal4p-Gal80p-Gal3p complex.	1.0	True
yeast_gal_regulation	Galactose metabolism in yeast - structure and regulation of the Leloir pathway enzymes and the genes encoding them	Sellick CA, Campbell RN, Reece RJ	doi	10.1016/S1937-6448(08)01003-4	NOT_FOUND				
yeast_gal_regulation	Galactose metabolism in yeast - structure and regulation of the Leloir pathway enzymes and the genes encoding them	Sellick CA, Campbell RN, Reece RJ	pmid	18779058	OK	pubmed_18779058	Galactose metabolism in yeast-structure and regulation of the leloir pathway enzymes and the genes encoding them.	1.0	True
yeast_gcn4_starvation	Translational control by the eIF2α kinase GCN2	Hinnebusch AG			NO_IDENTIFIERS				
yeast_glycolysis	Evolution of glycolysis	Fothergill-Gilmore LA, Michels PA	doi	10.1016/0079-6107(93)90001-z	NO_ABSTRACT	pubmed_8426905	Evolution of glycolysis.	1.0	False
yeast_glycolysis	Evolution of glycolysis	Fothergill-Gilmore LA, Michels PA	pmid	8426905	NO_ABSTRACT	pubmed_8426905	Evolution of glycolysis.	1.0	False
yeast_glycolysis	Catabolite repression mutants of yeast	Gancedo JM, Gancedo C			NO_IDENTIFIERS				
yeast_glycolysis	The molecular genetics of hexose transport in yeasts	Boles E, Hollenberg CP	doi	10.1111/j.1574-6976.1997.tb00346.x	OK	pubmed_9299703	The molecular genetics of hexose transport in yeasts.	1.0	True
yeast_glycolysis	The molecular genetics of hexose transport in yeasts	Boles E, Hollenberg CP	pmid	9299703	OK	pubmed_9299703	The molecular genetics of hexose transport in yeasts.	1.0	True
yeast_glycolysis	The Warburg and Crabtree effects: On the origin of cancer cell energy metabolism and of yeast glucose repression	Diaz-Ruiz R, Rigoulet M, Devin A	doi	10.1016/j.bbabio.2010.08.010	OK	pubmed_20804724	The Warburg and Crabtree effects: On the origin of cancer cell energy metabolism and of yeast glucose repression.	1.0	True
yeast_glycolysis	The Warburg and Crabtree effects: On the origin of cancer cell energy metabolism and of yeast glucose repression	Diaz-Ruiz R, Rigoulet M, Devin A	pmid	20804724	OK	pubmed_20804724	The Warburg and Crabtree effects: On the origin of cancer cell energy metabolism and of yeast glucose repression.	1.0	True
yeast_heat_shock_response	Cytosolic proteostasis through importing of misfolded proteins into mitochondria.	Ruan L	doi	10.1038/nature21695	OK	pubmed_28241148	Cytosolic proteostasis through importing of misfolded proteins into mitochondria.	1.0	True
yeast_heat_shock_response	Cytosolic proteostasis through importing of misfolded proteins into mitochondria.	Ruan L	pmid	28241148	OK	pubmed_28241148	Cytosolic proteostasis through importing of misfolded proteins into mitochondria.	1.0	True
yeast_heat_shock_response	Stress-Triggered Phase Separation Is an Adaptive, Evolutionarily Tuned Response.	Riback JA	doi	10.1016/j.cell.2017.02.027	OK	pubmed_28283059	Stress-Triggered Phase Separation Is an Adaptive, Evolutionarily Tuned Response.	1.0	True
yeast_heat_shock_response	Stress-Triggered Phase Separation Is an Adaptive, Evolutionarily Tuned Response.	Riback JA	pmid	28283059	OK	pubmed_28283059	Stress-Triggered Phase Separation Is an Adaptive, Evolutionarily Tuned Response.	1.0	True
yeast_heat_shock_response	Glycerol 3-phosphate dehydrogenase regulates heat shock response in Saccharomyces cerevisiae.	Pallapati AR	doi	10.1016/j.bbamcr.2022.119238	OK	pubmed_35150808	Glycerol 3-phosphate dehydrogenase regulates heat shock response in Saccharomyces cerevisiae.	1.0	True
yeast_heat_shock_response	Glycerol 3-phosphate dehydrogenase regulates heat shock response in Saccharomyces cerevisiae.	Pallapati AR	pmid	35150808	OK	pubmed_35150808	Glycerol 3-phosphate dehydrogenase regulates heat shock response in Saccharomyces cerevisiae.	1.0	True
yeast_heat_shock_response	Stress Adaptation.	Brown AJP	doi	10.1128/microbiolspec.FUNK-0048-201610.1128/microbiolspec.funk-0048-2016	NOT_FOUND				
yeast_heat_shock_response	Stress Adaptation.	Brown AJP	pmid	28721857	OK	pubmed_28721857	Stress Adaptation.	1.0	True
yeast_hog_pathway	An osmosensing signal transduction pathway in yeast.	Brewster JL, de Valoir T, Dwyer ND, Winter E, Gustin MC	doi	10.1126/science.7681220	OK	pubmed_7681220	An osmosensing signal transduction pathway in yeast.	1.0	True
yeast_hog_pathway	An osmosensing signal transduction pathway in yeast.	Brewster JL, de Valoir T, Dwyer ND, Winter E, Gustin MC	pmid	7681220	OK	pubmed_7681220	An osmosensing signal transduction pathway in yeast.	1.0	True
yeast_hog_pathway	Two redundant transmembrane mechanisms participate in yeast osmotic stress sensing	Maeda T, Wurgler-Murphy SM, Saito H	doi	10.1083/jcb.123.6.1305	TITLE_MISMATCH	crossref_10.1083_jcb.123.6.1305	The erythropoietin receptor: its role in hematopoiesis and myeloproliferative diseases.	0.263	False
yeast_hog_pathway	Two redundant transmembrane mechanisms participate in yeast osmotic stress sensing	Maeda T, Wurgler-Murphy SM, Saito H	pmid	8294554	TITLE_MISMATCH	pubmed_8294554	Cytokine-gene expression in measles-infected adult human glial cells.	0.24	True
yeast_hog_pathway	Osmotic activation of the HOG MAPK pathway via Ste11p MAPKKK: scaffold role of Pbs2p MAPKK.	Posas F, Saito H	doi	10.1126/science.276.5319.1702	OK	pubmed_9180081	Osmotic activation of the HOG MAPK pathway via Ste11p MAPKKK: scaffold role of Pbs2p MAPKK.	1.0	True
yeast_hog_pathway	Osmotic activation of the HOG MAPK pathway via Ste11p MAPKKK: scaffold role of Pbs2p MAPKK.	Posas F, Saito H	pmid	9180081	OK	pubmed_9180081	Osmotic activation of the HOG MAPK pathway via Ste11p MAPKKK: scaffold role of Pbs2p MAPKK.	1.0	True
yeast_hog_pathway	Glycerol production in response to hyperosmotic stress involves the HOG pathway	Albertyn J, Hohmann S, Thevelein JM, Prior BA			NO_IDENTIFIERS				
yeast_mapk_mating	Regulation of G protein-initiated signal transduction in yeast: paradigms and principles.	Dohlman HG, Thorner JW	doi	10.1146/annurev.biochem.70.1.703	OK	pubmed_11395421	Regulation of G protein-initiated signal transduction in yeast: paradigms and principles.	1.0	True
yeast_mapk_mating	Regulation of G protein-initiated signal transduction in yeast: paradigms and principles.	Dohlman HG, Thorner JW	pmid	11395421	OK	pubmed_11395421	Regulation of G protein-initiated signal transduction in yeast: paradigms and principles.	1.0	True
yeast_mating_response	Pheromone signaling mechanisms in yeast: a prototypical sex machine	Dohlman HG	doi	10.1126/science.1062524	NOT_FOUND				
yeast_mating_response	Pheromone signaling mechanisms in yeast: a prototypical sex machine	Dohlman HG	pmid	11452122	TITLE_MISMATCH	pubmed_11452122	Production of polyunsaturated fatty acids by polyketide synthases in both prokaryotes and eukaryotes.	0.313	True
yeast_mating_response	The yeast pheromone response pathway: a paradigm for eukaryotic signal transduction	Bardwell L	doi	10.1002/yea.1134	TITLE_MISMATCH	crossref_10.1002_yea.1134	Characterization of <i>end4</i><sup>+</sup>, a gene required for endocytosis in <i>Schizosaccharomyces pombe</i>	0.251	True
yeast_mating_response	The yeast pheromone response pathway: a paradigm for eukaryotic signal transduction	Bardwell L	pmid	15300679	TITLE_MISMATCH	pubmed_15300679	Modelling the dynamics of the yeast pheromone pathway.	0.4	True
yeast_mating_response	Cell fusion during yeast mating requires high levels of a-factor mating pheromone	Brizzio V	doi	10.1083/jcb.135.6.1727	OK	crossref_10.1083_jcb.135.6.1727	Cell fusion during yeast mating requires high levels of a-factor mating pheromone.	1.0	True
yeast_mating_response	Cell fusion during yeast mating requires high levels of a-factor mating pheromone	Brizzio V	pmid	8655580	TITLE_MISMATCH	pubmed_8655580	Sequence and transmembrane topology of MEC-4, an ion channel subunit required for mechanotransduction in Caenorhabditis elegans.	0.309	True
yeast_mating_response	Mechanisms and regulation of mating-type switching in Saccharomyces cerevisiae	Haber JE			NO_IDENTIFIERS				
yeast_mating_type_switching	Life cycle of the budding yeast Saccharomyces cerevisiae	Herskowitz I	pmid	3070323	NO_ABSTRACT	pubmed_3070323	Life cycle of the budding yeast Saccharomyces cerevisiae.	1.0	False
yeast_mating_type_switching	Molecular analysis of a cell lineage.	Nasmyth K	doi	10.1038/302670a0	NO_ABSTRACT	crossref_10.1038_302670a0	Molecular analysis of a cell lineage	1.0	False
yeast_mating_type_switching	Molecular analysis of a cell lineage.	Nasmyth K	pmid	6339953	OK	pubmed_6339953	Molecular analysis of a cell lineage.	1.0	True
yeast_mating_type_switching	Mating-type genes and MAT switching in Saccharomyces cerevisiae	Haber JE	doi	10.1534/genetics.111.134577	OK	pubmed_22555442	Mating-type genes and MAT switching in Saccharomyces cerevisiae.	1.0	True
yeast_mating_type_switching	Mating-type genes and MAT switching in Saccharomyces cerevisiae	Haber JE	pmid	22555442	OK	pubmed_22555442	Mating-type genes and MAT switching in Saccharomyces cerevisiae.	1.0	True
yeast_mating_type_switching	Ordered recruitment of transcription and chromatin remodeling factors to a cell cycle- and developmentally regulated promoter	Cosma MP, Tanaka T, Nasmyth K	doi	10.1016/s0092-8674(00)80740-0	OK	pubmed_10319811	Ordered recruitment of transcription and chromatin remodeling factors to a cell cycle- and developmentally regulated promoter.	1.0	True
yeast_mating_type_switching	Ordered recruitment of transcription and chromatin remodeling factors to a cell cycle- and developmentally regulated promoter	Cosma MP, Tanaka T, Nasmyth K	pmid	10319811	OK	pubmed_10319811	Ordered recruitment of transcription and chromatin remodeling factors to a cell cycle- and developmentally regulated promoter.	1.0	True
yeast_meiosis_regulation	Meiosis and sporulation in Saccharomyces cerevisiae	Kupiec M, Byers B, Esposito RE, Mitchell AP			NO_IDENTIFIERS				
yeast_meiosis_regulation	Transcriptional regulation of meiosis in budding yeast	Kassir Y, Adir N, Boger-Nadjar E, Raviv NG, Rubin-Bejerano I, Sagee S, Shenhar G	doi	10.1016/s0074-7696(05)24004-4	NO_ABSTRACT	crossref_10.1016_s0074-7696(05)24004-4	Transcriptional regulation of meiosis in budding yeast	1.0	False
yeast_meiosis_regulation	Transcriptional regulation of meiosis in budding yeast	Kassir Y, Adir N, Boger-Nadjar E, Raviv NG, Rubin-Bejerano I, Sagee S, Shenhar G	pmid	12722949	TITLE_MISMATCH	pubmed_12722949	The apicoplast: a plastid in Plasmodium falciparum and other Apicomplexan parasites.	0.265	True
yeast_meiosis_regulation	Signal pathway integration in the switch from the mitotic cell cycle to meiosis in yeast	Honigberg SM, Purnapatre K	doi	10.1242/jcs.00460	OK	pubmed_12730290	Signal pathway integration in the switch from the mitotic cell cycle to meiosis in yeast.	1.0	True
yeast_meiosis_regulation	Signal pathway integration in the switch from the mitotic cell cycle to meiosis in yeast	Honigberg SM, Purnapatre K	pmid	12730developer	NOT_FOUND				
yeast_meiosis_regulation	Transcriptional regulation of meiosis in yeast	Vershon AK, Pierce M	doi	10.1016/s0955-0674(00)00104-6	NO_ABSTRACT	crossref_10.1016_s0955-0674(00)00104-6	Transcriptional regulation of meiosis in yeast	1.0	False
yeast_meiosis_regulation	Transcriptional regulation of meiosis in yeast	Vershon AK, Pierce M	pmid	10801461	TITLE_MISMATCH	pubmed_10801461	Nuclear transport and transcription.	0.321	True
yeast_mitochondrial_biogenesis	RTG1 and RTG2: two yeast genes required for a novel path of communication from mitochondria to the nucleus.	Liao X, Butow RA	doi	10.1016/0092-8674(93)90050-z	OK	pubmed_8422683	RTG1 and RTG2: two yeast genes required for a novel path of communication from mitochondria to the nucleus.	1.0	True
yeast_mitochondrial_biogenesis	RTG1 and RTG2: two yeast genes required for a novel path of communication from mitochondria to the nucleus.	Liao X, Butow RA	pmid	8422683	OK	pubmed_8422683	RTG1 and RTG2: two yeast genes required for a novel path of communication from mitochondria to the nucleus.	1.0	True
yeast_mitochondrial_import	Mitochondrial protein import: from proteomics to functional mechanisms	Wiedemann N	doi	10.1038/nrm.2017.71	TITLE_MISMATCH	pubmed_28875992	Fluorescence nanoscopy in cell biology.	0.206	True
yeast_mitochondrial_import	Mitochondrial protein import: from proteomics to functional mechanisms	Wiedemann N	pmid	28979213	NOT_FOUND				
yeast_mitochondrial_import	The protein import machinery of mitochondria-a regulatory hub in metabolism, stress, and disease	Pfanner N			NO_IDENTIFIERS				
yeast_mitochondrial_import	Mechanisms of mitochondrial protein import	Neupert W			NO_IDENTIFIERS				
yeast_mitochondrial_import	The mitochondrial protein import machinery	Endo T	doi	10.3390/biom5042107	NOT_FOUND				
yeast_mitochondrial_import	The mitochondrial protein import machinery	Endo T	pmid	26437435	TITLE_MISMATCH	pubmed_26437435	4-Hydroxy-nonenal-A Bioactive Lipid Peroxidation Product.	0.245	True
yeast_nitrogen_metabolism	Nitrogen catabolite repression in yeast	Cooper TG			NO_IDENTIFIERS				
yeast_osmotic_stress_response	Genome-Wide Transcriptional Response of Saccharomyces cerevisiae to Stress-Induced Perturbations.	Taymaz-Nikerel H	doi	10.3389/fbioe.2016.00017	OK	pubmed_26925399	Genome-Wide Transcriptional Response of Saccharomyces cerevisiae to Stress-Induced Perturbations.	1.0	True
yeast_osmotic_stress_response	Genome-Wide Transcriptional Response of Saccharomyces cerevisiae to Stress-Induced Perturbations.	Taymaz-Nikerel H	pmid	26925399	OK	pubmed_26925399	Genome-Wide Transcriptional Response of Saccharomyces cerevisiae to Stress-Induced Perturbations.	1.0	True
yeast_osmotic_stress_response	Intracellular localization of the proteasome in response to stress conditions.	Enenkel C	doi	10.1016/j.jbc.2022.102083	OK	pubmed_35636514	Intracellular localization of the proteasome in response to stress conditions.	1.0	True
yeast_osmotic_stress_response	Intracellular localization of the proteasome in response to stress conditions.	Enenkel C	pmid	35636514	OK	pubmed_35636514	Intracellular localization of the proteasome in response to stress conditions.	1.0	True
yeast_osmotic_stress_response	Yeast osmoregulation.	Hohmann S	pmid	17875410	OK	pubmed_17875410	Yeast osmoregulation.	1.0	True
yeast_osmotic_stress_response	Novel insights into the osmotic stress response of yeast.	Mager WH	pmid	12702273	OK	pubmed_12702273	Novel insights into the osmotic stress response of yeast.	1.0	True
yeast_oxidative_stress_response	Free radicals, reactive oxygen species, oxidative stress and its classification.	Lushchak VI	doi	10.1016/j.cbi.2014.10.016	OK	pubmed_25452175	Free radicals, reactive oxygen species, oxidative stress and its classification.	1.0	True
yeast_oxidative_stress_response	Free radicals, reactive oxygen species, oxidative stress and its classification.	Lushchak VI	pmid	25452175	OK	pubmed_25452175	Free radicals, reactive oxygen species, oxidative stress and its classification.	1.0	True
yeast_oxidative_stress_response	Involvement of Gtr1p in the oxidative stress response in yeast Saccharomyces cerevisiae.	Sekiguchi T	doi	10.1016/j.bbrc.2022.02.016	OK	pubmed_35158208	Involvement of Gtr1p in the oxidative stress response in yeast Saccharomyces cerevisiae.	1.0	True
yeast_oxidative_stress_response	Involvement of Gtr1p in the oxidative stress response in yeast Saccharomyces cerevisiae.	Sekiguchi T	pmid	35158208	OK	pubmed_35158208	Involvement of Gtr1p in the oxidative stress response in yeast Saccharomyces cerevisiae.	1.0	True
yeast_oxidative_stress_response	The response to heat shock and oxidative stress in Saccharomyces cerevisiae.	Morano KA	doi	10.1534/genetics.111.128033	OK	pubmed_22209905	The response to heat shock and oxidative stress in Saccharomyces cerevisiae.	1.0	True
yeast_oxidative_stress_response	The response to heat shock and oxidative stress in Saccharomyces cerevisiae.	Morano KA	pmid	22209905	OK	pubmed_22209905	The response to heat shock and oxidative stress in Saccharomyces cerevisiae.	1.0	True
yeast_oxidative_stress_response	Transcriptomic analysis of formic acid stress response in Saccharomyces cerevisiae.	Zeng L	doi	10.1007/s11274-021-03222-z	OK	pubmed_34989900	Transcriptomic analysis of formic acid stress response in Saccharomyces cerevisiae.	1.0	True
yeast_oxidative_stress_response	Transcriptomic analysis of formic acid stress response in Saccharomyces cerevisiae.	Zeng L	pmid	34989900	OK	pubmed_34989900	Transcriptomic analysis of formic acid stress response in Saccharomyces cerevisiae.	1.0	True
yeast_pka_pathway	Novel sensing mechanisms and targets for the cAMP-protein kinase A pathway in the yeast Saccharomyces cerevisiae.	Thevelein JM, de Winde JH	doi	10.1046/j.1365-2958.1999.01538.x	OK	pubmed_10476026	Novel sensing mechanisms and targets for the cAMP-protein kinase A pathway in the yeast Saccharomyces cerevisiae.	1.0	True
yeast_pka_pathway	Novel sensing mechanisms and targets for the cAMP-protein kinase A pathway in the yeast Saccharomyces cerevisiae.	Thevelein JM, de Winde JH	pmid	10476026	OK	pubmed_10476026	Novel sensing mechanisms and targets for the cAMP-protein kinase A pathway in the yeast Saccharomyces cerevisiae.	1.0	True
yeast_protein_folding	Protein folding and secretion: mechanistic insights advancing recombinant protein production in S. cerevisiae.	Young CL	doi	10.1016/j.copbio.2014.06.018	OK	pubmed_25032908	Protein folding and secretion: mechanistic insights advancing recombinant protein production in S. cerevisiae.	1.0	True
yeast_protein_folding	Protein folding and secretion: mechanistic insights advancing recombinant protein production in S. cerevisiae.	Young CL	pmid	25032908	OK	pubmed_25032908	Protein folding and secretion: mechanistic insights advancing recombinant protein production in S. cerevisiae.	1.0	True
yeast_protein_folding	Mechanism and engineering of endoplasmic reticulum-localized membrane protein folding in Saccharomyces cerevisiae.	Luo Y	doi	10.1016/j.ymben.2025.03.006	OK	pubmed_40064436	Mechanism and engineering of endoplasmic reticulum-localized membrane protein folding in Saccharomyces cerevisiae.	1.0	True
yeast_protein_folding	Mechanism and engineering of endoplasmic reticulum-localized membrane protein folding in Saccharomyces cerevisiae.	Luo Y	pmid	40064436	OK	pubmed_40064436	Mechanism and engineering of endoplasmic reticulum-localized membrane protein folding in Saccharomyces cerevisiae.	1.0	True
yeast_protein_folding	Cytosolic proteostasis through importing of misfolded proteins into mitochondria.	Ruan L	doi	10.1038/nature21695	OK	pubmed_28241148	Cytosolic proteostasis through importing of misfolded proteins into mitochondria.	1.0	True
yeast_protein_folding	Cytosolic proteostasis through importing of misfolded proteins into mitochondria.	Ruan L	pmid	28241148	OK	pubmed_28241148	Cytosolic proteostasis through importing of misfolded proteins into mitochondria.	1.0	True
yeast_protein_folding	Different Routes of Protein Folding Contribute to Improved Protein Production in Saccharomyces cerevisiae.	Qi Q	doi	10.1128/mBio.02743-20	NOT_FOUND				
yeast_protein_folding	Different Routes of Protein Folding Contribute to Improved Protein Production in Saccharomyces cerevisiae.	Qi Q	pmid	33173005	OK	pubmed_33173005	Different Routes of Protein Folding Contribute to Improved Protein Production in Saccharomyces cerevisiae.	1.0	True
yeast_rna_splicing	Pre-mRNA splicing in yeast	Rymond BC, Rosbash M			NO_IDENTIFIERS				
yeast_snf1_pathway	SNF1/AMPK pathways in yeast.	Hedbacker K, Carlson M	doi	10.2741/2854	OK	pubmed_17981722	SNF1/AMPK pathways in yeast.	1.0	True
yeast_snf1_pathway	SNF1/AMPK pathways in yeast.	Hedbacker K, Carlson M	pmid	17981722	OK	pubmed_17981722	SNF1/AMPK pathways in yeast.	1.0	True
yeast_sup35_prion	Prions as adaptive conduits of memory and inheritance	Shorter J, Lindquist S	doi	10.1038/nrg1616	OK	pubmed_15931169	Prions as adaptive conduits of memory and inheritance.	1.0	True
yeast_sup35_prion	Prions as adaptive conduits of memory and inheritance	Shorter J, Lindquist S	pmid	15931169	OK	pubmed_15931169	Prions as adaptive conduits of memory and inheritance.	1.0	True
yeast_sup35_prion	A yeast prion provides a mechanism for genetic variation and phenotypic diversity	True HL, Lindquist SL	doi	10.1038/35035005	OK	pubmed_11028992	A yeast prion provides a mechanism for genetic variation and phenotypic diversity.	1.0	True
yeast_sup35_prion	A yeast prion provides a mechanism for genetic variation and phenotypic diversity	True HL, Lindquist SL	pmid	11028992	OK	pubmed_11028992	A yeast prion provides a mechanism for genetic variation and phenotypic diversity.	1.0	True
yeast_tor_signaling	Target of rapamycin (TOR) in nutrient signaling and growth control.	Loewith R, Hall MN	doi	10.1534/genetics.111.133363	OK	pubmed_22174183	Target of rapamycin (TOR) in nutrient signaling and growth control.	1.0	True
yeast_tor_signaling	Target of rapamycin (TOR) in nutrient signaling and growth control.	Loewith R, Hall MN	pmid	22174183	OK	pubmed_22174183	Target of rapamycin (TOR) in nutrient signaling and growth control.	1.0	True
yeast_tor_signaling	Two TOR complexes, only one of which is rapamycin sensitive, have distinct roles in cell growth control	Loewith R, Jacinto E, Wullschleger S, Lorberg A, Crespo JL, Bonenfant D, Oppliger W, Jenoe P, Hall MN	doi	10.1016/s1097-2765(02)00636-6	NO_ABSTRACT	crossref_10.1016_s1097-2765(02)00636-6	Two TOR Complexes, Only One of which Is Rapamycin Sensitive, Have Distinct Roles in Cell Growth Control	1.0	False
yeast_tor_signaling	Two TOR complexes, only one of which is rapamycin sensitive, have distinct roles in cell growth control	Loewith R, Jacinto E, Wullschleger S, Lorberg A, Crespo JL, Bonenfant D, Oppliger W, Jenoe P, Hall MN	pmid	12150915	TITLE_MISMATCH	pubmed_12150915	Identification of the tuberous sclerosis complex-2 tumor suppressor gene product tuberin as a target of the phosphoinositide 3-kinase/akt pathway.	0.341	True
yeast_tor_signaling	Nitrogen regulation in Saccharomyces cerevisiae.	Magasanik B, Kaiser CA	doi	10.1016/s0378-1119(02)00558-9	OK	pubmed_12062797	Nitrogen regulation in Saccharomyces cerevisiae.	1.0	True
yeast_tor_signaling	Nitrogen regulation in Saccharomyces cerevisiae.	Magasanik B, Kaiser CA	pmid	12062797	OK	pubmed_12062797	Nitrogen regulation in Saccharomyces cerevisiae.	1.0	True
yeast_tor_signaling	The EGO complex orchestrates the response to amino acid availability	Binda M, Péli-Gulli MP, Bonfils G, Panchaud N, Urban J, Sturgill TW, Loewith R, De Virgilio C	doi	10.1128/EC.00014-09	NOT_FOUND				
yeast_tor_signaling	The EGO complex orchestrates the response to amino acid availability	Binda M, Péli-Gulli MP, Bonfils G, Panchaud N, Urban J, Sturgill TW, Loewith R, De Virgilio C	pmid	19286985	TITLE_MISMATCH	pubmed_19286985	Fungal functional genomics: tunable knockout-knock-in expression and tagging strategies.	0.221	True
yeast_ubiquitin_proteasome	The ubiquitin-proteasome pathway: on protein death and cell life	Hershko A, Ciechanover A	doi	10.1093/emboj/17.24.7151	NO_ABSTRACT	pubmed_9857172	The ubiquitin-proteasome pathway: on protein death and cell life.	1.0	False
yeast_ubiquitin_proteasome	The ubiquitin-proteasome pathway: on protein death and cell life	Hershko A, Ciechanover A	pmid	9857172	NO_ABSTRACT	pubmed_9857172	The ubiquitin-proteasome pathway: on protein death and cell life.	1.0	False
yeast_ubiquitin_proteasome	The ubiquitin system	Hochstrasser M	doi	10.1146/annurev.genet.30.1.405	TITLE_MISMATCH	pubmed_8982460	Ubiquitin-dependent protein degradation.	0.407	True
yeast_ubiquitin_proteasome	The ubiquitin system	Hochstrasser M	pmid	8982460	TITLE_MISMATCH	pubmed_8982460	Ubiquitin-dependent protein degradation.	0.407	True
yeast_ubiquitin_proteasome	Structure of the yeast 26S proteasome at 3.6 Angstrom resolution	Luan B, Huang X, Wu J, Mei Z, Wang Y, Xue X, Yan C, Wang J, Finley DJ, Shi Y, Wang F			NO_IDENTIFIERS				
yeast_ubiquitin_proteasome	The ubiquitin-proteasome system of Saccharomyces cerevisiae.	Finley D, Ulrich HD, Sommer T, Kaiser P	doi	10.1534/genetics.112.140467	OK	pubmed_23028185	The ubiquitin-proteasome system of Saccharomyces cerevisiae.	1.0	True
yeast_ubiquitin_proteasome	The ubiquitin-proteasome system of Saccharomyces cerevisiae.	Finley D, Ulrich HD, Sommer T, Kaiser P	pmid	23028185	OK	pubmed_23028185	The ubiquitin-proteasome system of Saccharomyces cerevisiae.	1.0	True
yeast_unfolded_protein_response	The unfolded protein response: from stress pathway to homeostatic regulation	Walter P, Ron D	doi	10.1126/science.1209038	OK	pubmed_22116877	The unfolded protein response: from stress pathway to homeostatic regulation.	1.0	True
yeast_unfolded_protein_response	The unfolded protein response: from stress pathway to homeostatic regulation	Walter P, Ron D	pmid	22116877	OK	pubmed_22116877	The unfolded protein response: from stress pathway to homeostatic regulation.	1.0	True
yeast_unfolded_protein_response	The unfolded protein response in yeast	Kimata Y			NO_IDENTIFIERS				
yeast_unfolded_protein_response	IRE1-mediated unconventional mRNA splicing and S2P-mediated ATF6 cleavage merge to regulate XBP1 in signaling the unfolded protein response	Lee K, Tirasophon W, Shen X, Michalak M, Prywes R, Okada T, Yoshida H, Mori K, Kaufman RJ	doi	10.1101/gad.964702	OK	pubmed_11850408	IRE1-mediated unconventional mRNA splicing and S2P-mediated ATF6 cleavage merge to regulate XBP1 in signaling the unfolded protein response.	1.0	True
yeast_unfolded_protein_response	IRE1-mediated unconventional mRNA splicing and S2P-mediated ATF6 cleavage merge to regulate XBP1 in signaling the unfolded protein response	Lee K, Tirasophon W, Shen X, Michalak M, Prywes R, Okada T, Yoshida H, Mori K, Kaufman RJ	pmid	11850408	OK	pubmed_11850408	IRE1-mediated unconventional mRNA splicing and S2P-mediated ATF6 cleavage merge to regulate XBP1 in signaling the unfolded protein response.	1.0	True
yeast_unfolded_protein_response	Oligomerization and phosphorylation of the Ire1p kinase during intracellular signaling from the endoplasmic reticulum to the nucleus	Shamu CE, Walter P	doi	10.1002/j.1460-2075.1996.tb00666.x	OK	pubmed_8670804	Oligomerization and phosphorylation of the Ire1p kinase during intracellular signaling from the endoplasmic reticulum to the nucleus.	1.0	True
yeast_unfolded_protein_response	Oligomerization and phosphorylation of the Ire1p kinase during intracellular signaling from the endoplasmic reticulum to the nucleus	Shamu CE, Walter P	pmid	8670804	OK	pubmed_8670804	Oligomerization and phosphorylation of the Ire1p kinase during intracellular signaling from the endoplasmic reticulum to the nucleus.	1.0	True
yeast_vesicle_trafficking	The mechanisms of vesicle budding and fusion.	Bonifacino JS, Glick BS	doi	10.1016/s0092-8674(03)01079-1	OK	pubmed_14744428	The mechanisms of vesicle budding and fusion.	1.0	True
yeast_vesicle_trafficking	The mechanisms of vesicle budding and fusion.	Bonifacino JS, Glick BS	pmid	14744428	OK	pubmed_14744428	The mechanisms of vesicle budding and fusion.	1.0	True
yeast_whi5_sbf_start	Positive feedback of G1 cyclins ensures coherent cell cycle entry	Skotheim JM, Di Talia S, Siggia ED, Cross FR	doi	10.1038/nature07118	OK	pubmed_18633409	Positive feedback of G1 cyclins ensures coherent cell cycle entry.	1.0	True
yeast_whi5_sbf_start	Positive feedback of G1 cyclins ensures coherent cell cycle entry	Skotheim JM, Di Talia S, Siggia ED, Cross FR	pmid	18633409	OK	pubmed_18633409	Positive feedback of G1 cyclins ensures coherent cell cycle entry.	1.0	True
yeast_yeast_cell_polarity	Intrinsic and Extrinsic Determinants Linking Spindle Pole Fate, Spindle Polarity, and Asymmetric Cell Division in the Budding Yeast S. cerevisiae.	Geymonat M	doi	10.1007/978-3-319-53150-2_3	OK	pubmed_28409300	Intrinsic and Extrinsic Determinants Linking Spindle Pole Fate, Spindle Polarity, and Asymmetric Cell Division in the Budding Yeast S. cerevisiae.	1.0	True
yeast_yeast_cell_polarity	Intrinsic and Extrinsic Determinants Linking Spindle Pole Fate, Spindle Polarity, and Asymmetric Cell Division in the Budding Yeast S. cerevisiae.	Geymonat M	pmid	28409300	OK	pubmed_28409300	Intrinsic and Extrinsic Determinants Linking Spindle Pole Fate, Spindle Polarity, and Asymmetric Cell Division in the Budding Yeast S. cerevisiae.	1.0	True
yeast_yeast_cell_polarity	The final cut: cell polarity meets cytokinesis at the bud neck in S. cerevisiae.	Juanes MA	doi	10.1007/s00018-016-2220-3	OK	pubmed_27085703	The final cut: cell polarity meets cytokinesis at the bud neck in S. cerevisiae.	1.0	True
yeast_yeast_cell_polarity	The final cut: cell polarity meets cytokinesis at the bud neck in S. cerevisiae.	Juanes MA	pmid	27085703	OK	pubmed_27085703	The final cut: cell polarity meets cytokinesis at the bud neck in S. cerevisiae.	1.0	True
yeast_yeast_cell_polarity	Polarization of cell growth in yeast. I. Establishment and maintenance of polarity states.	Pruyne D	pmid	10639324	OK	pubmed_10639324	Polarization of cell growth in yeast. I. Establishment and maintenance of polarity states.	1.0	True
yeast_yeast_cell_polarity	Budding and cell polarity in Saccharomyces cerevisiae.	Chant J	pmid	1840891	OK	pubmed_1840891	Budding and cell polarity in Saccharomyces cerevisiae.	1.0	True
yeast_yeast_er_associated_degradation	Structural basis of ER-associated protein degradation mediated by the Hrd1 ubiquitin ligase complex.	Wu X	doi	10.1126/science.aaz2449	OK	pubmed_32327568	Structural basis of ER-associated protein degradation mediated by the Hrd1 ubiquitin ligase complex.	1.0	True
yeast_yeast_er_associated_degradation	Structural basis of ER-associated protein degradation mediated by the Hrd1 ubiquitin ligase complex.	Wu X	pmid	32327568	OK	pubmed_32327568	Structural basis of ER-associated protein degradation mediated by the Hrd1 ubiquitin ligase complex.	1.0	True
yeast_yeast_er_associated_degradation	Mechanistic insights into ER-associated protein degradation.	Wu X	doi	10.1016/j.ceb.2018.04.004	OK	pubmed_29719269	Mechanistic insights into ER-associated protein degradation.	1.0	True
yeast_yeast_er_associated_degradation	Mechanistic insights into ER-associated protein degradation.	Wu X	pmid	29719269	OK	pubmed_29719269	Mechanistic insights into ER-associated protein degradation.	1.0	True
yeast_yeast_er_associated_degradation	Defective ER associated degradation of a model luminal substrate in yeast carrying a mutation in the 4th ER luminal loop of Sec61p.	Wheeler MC	doi	10.1016/j.bbrc.2012.09.136	OK	pubmed_23044417	Defective ER associated degradation of a model luminal substrate in yeast carrying a mutation in the 4th ER luminal loop of Sec61p.	1.0	True
yeast_yeast_er_associated_degradation	Defective ER associated degradation of a model luminal substrate in yeast carrying a mutation in the 4th ER luminal loop of Sec61p.	Wheeler MC	pmid	23044417	OK	pubmed_23044417	Defective ER associated degradation of a model luminal substrate in yeast carrying a mutation in the 4th ER luminal loop of Sec61p.	1.0	True
yeast_yeast_er_associated_degradation	Determinants of chemoselectivity in ubiquitination by the J2 family of ubiquitin-conjugating enzymes.	Swarnkar A	doi	10.1038/s44318-024-00301-3	OK	pubmed_39533056	Determinants of chemoselectivity in ubiquitination by the J2 family of ubiquitin-conjugating enzymes.	1.0	True
yeast_yeast_er_associated_degradation	Determinants of chemoselectivity in ubiquitination by the J2 family of ubiquitin-conjugating enzymes.	Swarnkar A	pmid	39533056	OK	pubmed_39533056	Determinants of chemoselectivity in ubiquitination by the J2 family of ubiquitin-conjugating enzymes.	1.0	True
yeast_yeast_glycolysis_regulation	Compartmentalization and metabolic regulation of glycolysis.	Fuller GG	doi	10.1242/jcs.258469	OK	pubmed_34668544	Compartmentalization and metabolic regulation of glycolysis.	1.0	True
yeast_yeast_glycolysis_regulation	Compartmentalization and metabolic regulation of glycolysis.	Fuller GG	pmid	34668544	OK	pubmed_34668544	Compartmentalization and metabolic regulation of glycolysis.	1.0	True
yeast_yeast_glycolysis_regulation	Flux regulation through glycolysis and respiration is balanced by inositol pyrophosphates in yeast.	Qin N	doi	10.1016/j.cell.2023.01.014	OK	pubmed_36758548	Flux regulation through glycolysis and respiration is balanced by inositol pyrophosphates in yeast.	1.0	True
yeast_yeast_glycolysis_regulation	Flux regulation through glycolysis and respiration is balanced by inositol pyrophosphates in yeast.	Qin N	pmid	36758548	OK	pubmed_36758548	Flux regulation through glycolysis and respiration is balanced by inositol pyrophosphates in yeast.	1.0	True
yeast_yeast_glycolysis_regulation	Metabolic reprogramming by the S-nitroso-CoA reductase system protects against kidney injury.	Zhou HL	doi	10.1038/s41586-018-0749-z	OK	pubmed_30487609	Metabolic reprogramming by the S-nitroso-CoA reductase system protects against kidney injury.	1.0	True
yeast_yeast_glycolysis_regulation	Metabolic reprogramming by the S-nitroso-CoA reductase system protects against kidney injury.	Zhou HL	pmid	30487609	OK	pubmed_30487609	Metabolic reprogramming by the S-nitroso-CoA reductase system protects against kidney injury.	1.0	True
yeast_yeast_glycolysis_regulation	Regulation of Vacuolar H+-ATPase (V-ATPase) Reassembly by Glycolysis Flow in 6-Phosphofructo-1-kinase (PFK-1)-deficient Yeast Cells.	Chan CY	doi	10.1074/jbc.M116.717488	NOT_FOUND				
yeast_yeast_glycolysis_regulation	Regulation of Vacuolar H+-ATPase (V-ATPase) Reassembly by Glycolysis Flow in 6-Phosphofructo-1-kinase (PFK-1)-deficient Yeast Cells.	Chan CY	pmid	27226568	OK	pubmed_27226568	Regulation of Vacuolar H+-ATPase (V-ATPase) Reassembly by Glycolysis Flow in 6-Phosphofructo-1-kinase (PFK-1)-deficient Yeast Cells.	1.0	True
yeast_yeast_peroxisome_biogenesis	Peroxisome biogenesis.	Purdue PE	pmid	11687502	OK	pubmed_11687502	Peroxisome biogenesis.	1.0	True
yeast_yeast_peroxisome_biogenesis	Characterization of Peroxisomal Regulation Networks.	Mast FD	doi	10.1007/978-981-13-2233-4_16	OK	pubmed_30378032	Characterization of Peroxisomal Regulation Networks.	1.0	True
yeast_yeast_peroxisome_biogenesis	Characterization of Peroxisomal Regulation Networks.	Mast FD	pmid	30378032	OK	pubmed_30378032	Characterization of Peroxisomal Regulation Networks.	1.0	True
yeast_yeast_peroxisome_biogenesis	Evolution of peroxisomes illustrates symbiogenesis.	Speijer D	doi	10.1002/bies.201700050	OK	pubmed_28782202	Evolution of peroxisomes illustrates symbiogenesis.	1.0	True
yeast_yeast_peroxisome_biogenesis	Evolution of peroxisomes illustrates symbiogenesis.	Speijer D	pmid	28782202	OK	pubmed_28782202	Evolution of peroxisomes illustrates symbiogenesis.	1.0	True
yeast_yeast_peroxisome_biogenesis	Post-translational modifications of proteins associated with yeast peroxisome membrane: An essential mode of regulatory mechanism.	Infant T	doi	10.1111/gtc.12892	OK	pubmed_34472666	Post-translational modifications of proteins associated with yeast peroxisome membrane: An essential mode of regulatory mechanism.	1.0	True
yeast_yeast_peroxisome_biogenesis	Post-translational modifications of proteins associated with yeast peroxisome membrane: An essential mode of regulatory mechanism.	Infant T	pmid	34472666	OK	pubmed_34472666	Post-translational modifications of proteins associated with yeast peroxisome membrane: An essential mode of regulatory mechanism.	1.0	True
yeast_yeast_vacuolar_protein_sorting	Interplay of energy metabolism and autophagy.	Feng Y	doi	10.1080/15548627.2023.2247300	OK	pubmed_37594406	Interplay of energy metabolism and autophagy.	1.0	True
yeast_yeast_vacuolar_protein_sorting	Interplay of energy metabolism and autophagy.	Feng Y	pmid	37594406	OK	pubmed_37594406	Interplay of energy metabolism and autophagy.	1.0	True
yeast_yeast_vacuolar_protein_sorting	Protein traffic in the yeast endocytic and vacuolar protein sorting pathways.	Wendland B	pmid	9719873	OK	pubmed_9719873	Protein traffic in the yeast endocytic and vacuolar protein sorting pathways.	1.0	True
yeast_yeast_vacuolar_protein_sorting	The Dsc ubiquitin ligase complex identifies transmembrane degrons to degrade orphaned proteins at the Golgi.	Weyer Y	doi	10.1038/s41467-024-53676-6	OK	pubmed_39461958	The Dsc ubiquitin ligase complex identifies transmembrane degrons to degrade orphaned proteins at the Golgi.	1.0	True
yeast_yeast_vacuolar_protein_sorting	The Dsc ubiquitin ligase complex identifies transmembrane degrons to degrade orphaned proteins at the Golgi.	Weyer Y	pmid	39461958	OK	pubmed_39461958	The Dsc ubiquitin ligase complex identifies transmembrane degrons to degrade orphaned proteins at the Golgi.	1.0	True
yeast_yeast_vacuolar_protein_sorting	Membrane protein sorting: biosynthesis, transport and processing of yeast vacuolar alkaline phosphatase.	Klionsky DJ	pmid	2676517	OK	pubmed_2676517	Membrane protein sorting: biosynthesis, transport and processing of yeast vacuolar alkaline phosphatase.	1.0	True
