chart_id	chart_title	pmid	doi	title	authors	year	url	raw_citation
arabidopsis_aba_guard_cell	ABA Guard-Cell Stomatal Homeostat	19407143	10.1126/science.1172408	Regulators of PP2C phosphatase activity function as receptors for abscisic acid	Ma Y, Szostkiewicz I, Korte A, et al.	2009		"Ma Y, Szostkiewicz I, Korte A, et al.. ""Regulators of PP2C phosphatase activity function as receptors for abscisic acid"". Science. 2009. PubMed: 19407143. doi:10.1126/science.1172408"
arabidopsis_aba_guard_cell	ABA Guard-Cell Stomatal Homeostat	20192755	10.1146/annurev-arplant-042809-112122	Abscisic acid: emergence of a core signaling network	Cutler SR, Rodriguez PL, Finkelstein RR, Abrams SR	2010		"Cutler SR, Rodriguez PL, Finkelstein RR, Abrams SR. ""Abscisic acid: emergence of a core signaling network"". Annual Review of Plant Biology. 2010. PubMed: 20192755. doi:10.1146/annurev-arplant-042809-112122"
arabidopsis_circadian_clock	Arabidopsis Circadian Clock (CCA1/LHY–TOC1)	11486091	10.1126/science.1061320	Reciprocal regulation between TOC1 and LHY/CCA1 within the Arabidopsis circadian clock	Alabadí D, Oyama T, Yanovsky MJ, Harmon FG, Más P, Kay SA	2001		"Alabadí D, Oyama T, Yanovsky MJ, Harmon FG, Más P, Kay SA. ""Reciprocal regulation between TOC1 and LHY/CCA1 within the Arabidopsis circadian clock"". Science. 2001. PubMed: 11486091. doi:10.1126/science.1061320"
arabidopsis_flc_vernalization	FLC Vernalization Epigenetic Memory	14712277	10.1038/nature02269	Vernalization requires epigenetic silencing of FLC by histone methylation	Bastow R, Mylne JS, Lister C, Lippman Z, Martienssen RA, Dean C	2004		"Bastow R, Mylne JS, Lister C, Lippman Z, Martienssen RA, Dean C. ""Vernalization requires epigenetic silencing of FLC by histone methylation"". Nature. 2004. PubMed: 14712277. doi:10.1038/nature02269"
arabidopsis_flc_vernalization	FLC Vernalization Epigenetic Memory	21785438	10.1038/nature10241	A Polycomb-based switch underlying quantitative epigenetic memory	Angel A, Song J, Dean C, Howard M	2011		"Angel A, Song J, Dean C, Howard M. ""A Polycomb-based switch underlying quantitative epigenetic memory"". Nature. 2011. PubMed: 21785438. doi:10.1038/nature10241"
bacillus_biofilm_formation	Biofilm Formation and Matrix Production	23979428	10.1038/nrmicro3103	Biofilm formation in Bacillus subtilis	Vlamakis H, Chai Y, Beauregard P, Losick R, Kolter R	2013		"Vlamakis H, Chai Y, Beauregard P, Losick R, Kolter R. ""Biofilm formation in Bacillus subtilis"". Nat Rev Microbiol. 2013. PubMed: 23979428. doi:10.1038/nrmicro3103"
bacillus_comk_competence	ComK Competence Bistable Switch	15819619	10.1111/j.1365-2958.2005.04592.x	Bistability in the Bacillus subtilis K-state (competence) system requires a positive feedback loop	Maamar H, Dubnau D	2005		"Maamar H, Dubnau D. ""Bistability in the Bacillus subtilis K-state (competence) system requires a positive feedback loop"". Molecular Microbiology. 2005. PubMed: 15819619. doi:10.1111/j.1365-2958.2005.04592.x"
bacillus_comk_competence	ComK Competence Bistable Switch	16554821	10.1038/nature04588	An excitable gene regulatory circuit induces transient cellular differentiation	Süel GM, Garcia-Ojalvo J, Liberman LM, Elowitz MB	2006		"Süel GM, Garcia-Ojalvo J, Liberman LM, Elowitz MB. ""An excitable gene regulatory circuit induces transient cellular differentiation"". Nature. 2006. PubMed: 16554821. doi:10.1038/nature04588"
bacillus_competence_development	Competence Development and DNA Uptake	16879639	10.1111/j.1365-2958.2006.05249.x	Bistability in bacteria	Dubnau D, Losick R	2006		"Dubnau D, Losick R. ""Bistability in bacteria"". Molecular Microbiology. 2006. PubMed: 16879639. doi:10.1111/j.1365-2958.2006.05249.x"
bacillus_competence_development	Competence Development and DNA Uptake	15819619	10.1111/j.1365-2958.2005.04592.x	Bistability in the Bacillus subtilis K-state (competence) system requires a positive feedback loop	Maamar H, Dubnau D	2005		"Maamar H, Dubnau D. ""Bistability in the Bacillus subtilis K-state (competence) system requires a positive feedback loop"". Molecular Microbiology. 2005. PubMed: 15819619. doi:10.1111/j.1365-2958.2005.04592.x"
bacillus_competence_development	Competence Development and DNA Uptake	12576575	10.1099/mic.0.26003-0	Controlling competence in Bacillus subtilis: shared use of regulators	Hamoen LW, Venema G, Kuipers OP	2003		"Hamoen LW, Venema G, Kuipers OP. ""Controlling competence in Bacillus subtilis: shared use of regulators"". Microbiology. 2003. PubMed: 12576575. doi:10.1099/mic.0.26003-0"
bacillus_competence_development	Competence Development and DNA Uptake	15083159	10.1038/nrmicro844	DNA uptake during bacterial transformation	Chen I, Dubnau D	2004		"Chen I, Dubnau D. ""DNA uptake during bacterial transformation"". Nature Reviews Microbiology. 2004. PubMed: 15083159. doi:10.1038/nrmicro844"
bacillus_spo0a_sporulation	Spo0A Phosphorelay Sporulation Commitment	1846779	10.1016/0092-8674(91)90238-T	Initiation of sporulation in B. subtilis is controlled by a multicomponent phosphorelay	Burbulys D, Trach KA, Hoch JA	1991		"Burbulys D, Trach KA, Hoch JA. ""Initiation of sporulation in B. subtilis is controlled by a multicomponent phosphorelay"". Cell. 1991. PubMed: 1846779. doi:10.1016/0092-8674(91)90238-T"
bacillus_spo0a_sporulation	Spo0A Phosphorelay Sporulation Commitment	15187183	10.1128/MMBR.68.2.234-262.2004	Compartmentalization of gene expression during Bacillus subtilis spore formation	Hilbert DW, Piggot PJ	2004		"Hilbert DW, Piggot PJ. ""Compartmentalization of gene expression during Bacillus subtilis spore formation"". Microbiology and Molecular Biology Reviews. 2004. PubMed: 15187183. doi:10.1128/MMBR.68.2.234-262.2004"
bacillus_sporulation_initiation	Sporulation Initiation and Spo0A Phosphorelay	8257105	10.1146/annurev.mi.47.100193.002301	Regulation of the phosphorelay and the initiation of sporulation in Bacillus subtilis	Hoch JA	1993		"Hoch JA. ""Regulation of the phosphorelay and the initiation of sporulation in Bacillus subtilis"". Annual Review of Microbiology. 1993. PubMed: 8257105. doi:10.1146/annurev.mi.47.100193.002301"
bacillus_sporulation_initiation	Sporulation Initiation and Spo0A Phosphorelay	1846779	10.1016/0092-8674(91)90238-t	Initiation of sporulation in B. subtilis is controlled by a multicomponent phosphorelay	Burbulys D, Trach KA, Hoch JA	1991		"Burbulys D, Trach KA, Hoch JA. ""Initiation of sporulation in B. subtilis is controlled by a multicomponent phosphorelay"". Cell. 1991. PubMed: 1846779. doi:10.1016/0092-8674(91)90238-t"
bacillus_sporulation_initiation	Sporulation Initiation and Spo0A Phosphorelay	16166384	10.1101/gad.1335705	Evidence that entry into sporulation in Bacillus subtilis is governed by a gradual increase in the level and activity of the master regulator Spo0A	Fujita M, Losick R	2005		"Fujita M, Losick R. ""Evidence that entry into sporulation in Bacillus subtilis is governed by a gradual increase in the level and activity of the master regulator Spo0A"". Genes & Development. 2005. PubMed: 16166384. doi:10.1101/gad.1335705"
bacillus_sporulation_initiation	Sporulation Initiation and Spo0A Phosphorelay	8825484	10.1146/annurev.ge.29.120195.002401	Genetic networks controlling the initiation of sporulation and the development of genetic competence in Bacillus subtilis	Grossman AD	1995		"Grossman AD. ""Genetic networks controlling the initiation of sporulation and the development of genetic competence in Bacillus subtilis"". Annual Review of Genetics. 1995. PubMed: 8825484. doi:10.1146/annurev.ge.29.120195.002401"
celegans_dauer_decision	C. elegans Dauer Developmental Switch	17988075	10.1895/wormbook.1.144.1	Dauer	Hu PJ	2007		"Hu PJ. ""Dauer"". WormBook. 2007. PubMed: 17988075. doi:10.1895/wormbook.1.144.1"
celegans_dauer_decision	C. elegans Dauer Developmental Switch	6896933	10.1126/science.6896933	A pheromone influences larval development in the nematode Caenorhabditis elegans	Golden JW, Riddle DL	1982		"Golden JW, Riddle DL. ""A pheromone influences larval development in the nematode Caenorhabditis elegans"". Science. 1982. PubMed: 6896933. doi:10.1126/science.6896933"
celegans_heterochronic_clock	Heterochronic microRNA Timing Cascade	8252621	10.1016/0092-8674(93)90529-Y	The C. elegans heterochronic gene lin-4 encodes small RNAs with antisense complementarity to lin-14	Lee RC, Feinbaum RL, Ambros V	1993		"Lee RC, Feinbaum RL, Ambros V. ""The C. elegans heterochronic gene lin-4 encodes small RNAs with antisense complementarity to lin-14"". Cell. 1993. PubMed: 8252621. doi:10.1016/0092-8674(93)90529-Y"
celegans_heterochronic_clock	Heterochronic microRNA Timing Cascade	10706289	10.1038/35002607	The 21-nucleotide let-7 RNA regulates developmental timing in Caenorhabditis elegans	Reinhart BJ, Slack FJ, Basson M, et al.	2000		"Reinhart BJ, Slack FJ, Basson M, et al.. ""The 21-nucleotide let-7 RNA regulates developmental timing in Caenorhabditis elegans"". Nature. 2000. PubMed: 10706289. doi:10.1038/35002607"
drosophila_gap_gene_network	Drosophila Gap-Gene Patterning Network	20927566	10.1007/s00018-010-0536-y	The gap gene network	Jaeger J	2011		"Jaeger J. ""The gap gene network"". Cellular and Molecular Life Sciences. 2011. PubMed: 20927566. doi:10.1007/s00018-010-0536-y"
drosophila_gap_gene_network	Drosophila Gap-Gene Patterning Network	14685241	10.1038/nature02189	A self-organizing system of repressor gradients establishes segmental complexity in Drosophila	Clyde DE, Corado MSG, Wu X, et al.	2003		"Clyde DE, Corado MSG, Wu X, et al.. ""A self-organizing system of repressor gradients establishes segmental complexity in Drosophila"". Nature. 2003. PubMed: 14685241. doi:10.1038/nature02189"
drosophila_segment_polarity	Segment-Polarity Network (wg/en/hh)	10910359	10.1038/35018085	The segment polarity network is a robust developmental module	von Dassow G, Meir E, Munro EM, Odell GM	2000		"von Dassow G, Meir E, Munro EM, Odell GM. ""The segment polarity network is a robust developmental module"". Nature. 2000. PubMed: 10910359. doi:10.1038/35018085"
ecoli_amino_acid_biosynthesis	Amino Acid Biosynthesis Pathways	354503	10.1146/annurev.bi.47.070178.002203	Biosynthesis of amino acids	Umbarger HE	1978		"Umbarger HE. ""Biosynthesis of amino acids"". Annu Rev Biochem. 1978. PubMed: 354503. doi:10.1146/annurev.bi.47.070178.002203"
ecoli_anaerobic_respiration	Anaerobic Respiration Regulation (ArcAB and FNR)	9381172	10.1126/science.277.5334.2099	FNR is a direct oxygen sensor having a [4Fe-4S] cluster	Khoroshilova N, Popescu C, Münck E, Beinert H, Kiley PJ	1997		"Khoroshilova N, Popescu C, Münck E, Beinert H, Kiley PJ. ""FNR is a direct oxygen sensor having a [4Fe-4S] cluster"". Science. 1997. PubMed: 9381172. doi:10.1126/science.277.5334.2099"
ecoli_anaerobic_respiration	Anaerobic Respiration Regulation (ArcAB and FNR)	8631678	10.1128/jb.178.11.3391-3393.1996	Anaerobic regulation of the adhE gene, encoding the fermentative alcohol dehydrogenase of Escherichia coli	Leonardo MR, Dailly Y, Clark DP	1996		"Leonardo MR, Dailly Y, Clark DP. ""Anaerobic regulation of the adhE gene, encoding the fermentative alcohol dehydrogenase of Escherichia coli"". J Bacteriol. 1996. PubMed: 8631678. doi:10.1128/jb.178.11.3391-3393.1996"
ecoli_anaerobic_respiration	Anaerobic Respiration Regulation (ArcAB and FNR)	3054468	10.1128/mr.52.4.452-469.1988	The ArcA two-component signal transduction system regulates Escherichia coli metabolism during anaerobic growth	Iuchi S, Lin EC	1988		"Iuchi S, Lin EC. ""The ArcA two-component signal transduction system regulates Escherichia coli metabolism during anaerobic growth"". Microbiol Rev. 1988. PubMed: 3054468. doi:10.1128/mr.52.4.452-469.1988"
ecoli_anaerobic_respiration	Anaerobic Respiration Regulation (ArcAB and FNR)	11422357	10.1046/j.1365-2958.2001.02462.x	Redox sensing by the ArcB sensor kinase of Escherichia coli: quinone as a direct redox signal	Georgellis D, Kwon O, Lin EC	2001		"Georgellis D, Kwon O, Lin EC. ""Redox sensing by the ArcB sensor kinase of Escherichia coli: quinone as a direct redox signal"". Mol Microbiol. 2001. PubMed: 11422357. doi:10.1046/j.1365-2958.2001.02462.x"
ecoli_antibiotic_efflux_pumps	Antibiotic Efflux Pumps	38638826	10.3389/fcimb.2024.1387497	A review of the mechanisms that confer antibiotic resistance in pathotypes of E. coli.	Nasrollahian S	2024		"Nasrollahian S. ""A review of the mechanisms that confer antibiotic resistance in pathotypes of E. coli."". Frontiers in cellular and infection microbiology. 2024. PubMed: 38638826. doi:10.3389/fcimb.2024.1387497"
ecoli_antibiotic_efflux_pumps	Antibiotic Efflux Pumps	31235960	10.1038/s41564-019-0496-4	Plasmid-encoded tet(X) genes that confer high-level tigecycline resistance in Escherichia coli.	Sun J	2019		"Sun J. ""Plasmid-encoded tet(X) genes that confer high-level tigecycline resistance in Escherichia coli."". Nature microbiology. 2019. PubMed: 31235960. doi:10.1038/s41564-019-0496-4"
ecoli_antibiotic_efflux_pumps	Antibiotic Efflux Pumps	32127452	10.1128/mBio.02930-19	Emergence of a Plasmid-Encoded Resistance-Nodulation-Division Efflux Pump Conferring Resistance to Multiple Drugs, Including Tigecycline, in Klebsiella pneumoniae.	Lv L	2020		"Lv L. ""Emergence of a Plasmid-Encoded Resistance-Nodulation-Division Efflux Pump Conferring Resistance to Multiple Drugs, Including Tigecycline, in Klebsiella pneumoniae."". mBio. 2020. PubMed: 32127452. doi:10.1128/mBio.02930-19"
ecoli_antibiotic_efflux_pumps	Antibiotic Efflux Pumps	35294769	10.1007/s40265-022-01688-1	Sulopenem: An Intravenous and Oral Penem for the Treatment of Urinary Tract Infections Due to Multidrug-Resistant Bacteria.	Zhanel GG	2022		"Zhanel GG. ""Sulopenem: An Intravenous and Oral Penem for the Treatment of Urinary Tract Infections Due to Multidrug-Resistant Bacteria."". Drugs. 2022. PubMed: 35294769. doi:10.1007/s40265-022-01688-1"
ecoli_ara_operon	Arabinose Operon and AraC Dual Regulation	10899998	10.1073/pnas.97.14.7643	Positive and negative control of the arabinose operon	Schleif R	2000		"Schleif R. ""Positive and negative control of the arabinose operon"". Proceedings of the National Academy of Sciences. 2000. PubMed: 10899998. doi:10.1073/pnas.97.14.7643"
ecoli_ara_operon	Arabinose Operon and AraC Dual Regulation	1497310	10.1146/annurev.bi.61.070192.001215	DNA looping	Schleif R	1992		"Schleif R. ""DNA looping"". Annual Review of Biochemistry. 1992. PubMed: 1497310. doi:10.1146/annurev.bi.61.070192.001215"
ecoli_ara_operon	Arabinose Operon and AraC Dual Regulation	8395888	10.1016/0167-4781(93)90196-9	AraC protein: a love-hate relationship with DNA	Bustos SA, Schleif RF	1993		"Bustos SA, Schleif RF. ""AraC protein: a love-hate relationship with DNA"". Biochimica et Biophysica Acta. 1993. PubMed: 8395888. doi:10.1016/0167-4781(93)90196-9"
ecoli_ara_operon	Arabinose Operon and AraC Dual Regulation	4613164	10.1146/annurev.ge.08.120174.001251	Regulation of the L-arabinose operon of Escherichia coli	Englesberg E, Wilcox G	1974		"Englesberg E, Wilcox G. ""Regulation of the L-arabinose operon of Escherichia coli"". Annual Review of Genetics. 1974. PubMed: 4613164. doi:10.1146/annurev.ge.08.120174.001251"
ecoli_arginine_biosynthesis	Arginine Biosynthesis and Regulation	3534538		Biosynthesis and metabolism of arginine in bacteria	Cunin R, Glansdorff N, Piérard A, Stalon V	1986		"Cunin R, Glansdorff N, Piérard A, Stalon V. ""Biosynthesis and metabolism of arginine in bacteria"". Microbiological Reviews. 1986. PubMed: 3534538"
ecoli_arginine_biosynthesis	Arginine Biosynthesis and Regulation	7854251	10.1128/mr.58.4.631-640.1994	The arginine repressor of Escherichia coli	Maas WK	1994		"Maas WK. ""The arginine repressor of Escherichia coli"". Microbiological Reviews. 1994. PubMed: 7854251. doi:10.1128/mr.58.4.631-640.1994"
ecoli_arginine_biosynthesis	Arginine Biosynthesis and Regulation	1640456	10.1016/0022-2836(92)90952-i	Arginine regulon of Escherichia coli K-12. A study of repressor-operator interactions and of in vitro binding affinities versus in vivo repression	Charlier D, Roovers M, Van Vliet F, Boyen A, Cunin R, Nakamura Y, Glansdorff N, Piérard A	1992		"Charlier D, Roovers M, Van Vliet F, Boyen A, Cunin R, Nakamura Y, Glansdorff N, Piérard A. ""Arginine regulon of Escherichia coli K-12. A study of repressor-operator interactions and of in vitro binding affinities versus in vivo repression"". Journal of Molecular Biology. 1992. PubMed: 1640456. doi:10.1016/0022-2836(92)90952-i"
ecoli_arginine_biosynthesis	Arginine Biosynthesis and Regulation	17074904	10.1099/mic.0.29088-0	The arginine regulon of Escherichia coli: whole-system transcriptome analysis discovers new genes and provides an integrated view of arginine regulation	Caldara M, Charlier D, Cunin R	2006		"Caldara M, Charlier D, Cunin R. ""The arginine regulon of Escherichia coli: whole-system transcriptome analysis discovers new genes and provides an integrated view of arginine regulation"". Microbiology. 2006. PubMed: 17074904. doi:10.1099/mic.0.29088-0"
ecoli_base_excision_repair	Base Excision Repair (BER)	17581577	10.1038/nature05978	Base excision repair of oxidative DNA damage	David SS, O'Shea VL, Kundu S	2007		"David SS, O'Shea VL, Kundu S. ""Base excision repair of oxidative DNA damage"". Nature. 2007. PubMed: 17581577. doi:10.1038/nature05978"
ecoli_base_excision_repair	Base Excision Repair (BER)	1411536	10.1126/science.1411536	Escherichia coli endonuclease III: location of the iron-sulfur cluster in the three-dimensional structure	Kuo CF, McRee DE, Fisher CL, et al	1992		"Kuo CF, McRee DE, Fisher CL, et al. ""Escherichia coli endonuclease III: location of the iron-sulfur cluster in the three-dimensional structure"". Science. 1992. PubMed: 1411536. doi:10.1126/science.1411536"
ecoli_base_excision_repair	Base Excision Repair (BER)	10410796	10.1146/annurev.biophys.28.1.101	Base excision repair: contributions from atomic resolution structures	Mol CD, Parikh SS, Putnam CD, Lo TP, Tainer JA	1999		"Mol CD, Parikh SS, Putnam CD, Lo TP, Tainer JA. ""Base excision repair: contributions from atomic resolution structures"". Annual Review of Biophysics and Biomolecular Structure. 1999. PubMed: 10410796. doi:10.1146/annurev.biophys.28.1.101"
ecoli_base_excision_repair	Base Excision Repair (BER)			Bacterial DNA repair	Friedberg EC, Walker GC, Siede W	2006		"Friedberg EC, Walker GC, Siede W. ""Bacterial DNA repair"". ASM Press. 2006"
ecoli_biofilm_formation	E. coli Biofilm Formation	26517598		Bacterial resistance in biofilm-associated bacteria	Jamal M	2015		"Jamal M. ""Bacterial resistance in biofilm-associated bacteria"". Journal of the Chinese Medical Association : JCMA. 2015. PubMed: 26517598"
ecoli_biofilm_formation	E. coli Biofilm Formation	15640219		Biofilm formation and cellulose expression among diverse environmental Escherichia coli isolates	Bokranz W	2005		"Bokranz W. ""Biofilm formation and cellulose expression among diverse environmental Escherichia coli isolates"". Applied and environmental microbiology. 2005. PubMed: 15640219"
ecoli_biofilm_formation	E. coli Biofilm Formation	16704339		Curli biogenesis and function	Barnhart MM	2006		"Barnhart MM. ""Curli biogenesis and function"". Annual review of microbiology. 2006. PubMed: 16704339"
ecoli_biofilm_formation	E. coli Biofilm Formation	36864250		The biofilm matrix: multitasking in a shared space	Flemming HC	2023		"Flemming HC. ""The biofilm matrix: multitasking in a shared space"". Nature reviews. Microbiology. 2023. PubMed: 36864250"
ecoli_catabolite_repression	Catabolite Repression and Global Carbon Control	4871331	10.1016/0006-291X(68)90532-6	Catabolite repression and the lac operon	Ullmann A, Monod J	1968		"Ullmann A, Monod J. ""Catabolite repression and the lac operon"". Biochemical and Biophysical Research Communications. 1968. PubMed: 4871331. doi:10.1016/0006-291X(68)90532-6"
ecoli_catabolite_repression	Catabolite Repression and Global Carbon Control	10367881	10.1016/S0092-8674(00)80764-5	DNA binding and bending are necessary but not sufficient for CRP-dependent transcription activation	Busby S, Ebright RH	1999		"Busby S, Ebright RH. ""DNA binding and bending are necessary but not sufficient for CRP-dependent transcription activation"". Cell. 1999. PubMed: 10367881. doi:10.1016/S0092-8674(00)80764-5"
ecoli_catabolite_repression	Catabolite Repression and Global Carbon Control	18626614	10.1007/s00203-008-0429-6	Regulation of bacterial metabolism by catabolite repression	Görke B, Stülke J	2008		"Görke B, Stülke J. ""Regulation of bacterial metabolism by catabolite repression"". Archives of Microbiology. 2008. PubMed: 18626614. doi:10.1007/s00203-008-0429-6"
ecoli_catabolite_repression	Catabolite Repression and Global Carbon Control	8341589	10.1093/nar/21.14.3171	The CRP/CAP regulon	Kolb A, Busby S, Buc H, Garges S, Adhya S	1993		"Kolb A, Busby S, Buc H, Garges S, Adhya S. ""The CRP/CAP regulon"". Nucleic Acids Research. 1993. PubMed: 8341589. doi:10.1093/nar/21.14.3171"
ecoli_cell_division	Cell Division and FtsZ Ring Assembly	20676094	10.1038/nsmb.1891	FtsZ filament structure reveals the structural basis for assembly dynamics and constriction force generation	Erickson HP, Anderson DE, Osawa M	2010		"Erickson HP, Anderson DE, Osawa M. ""FtsZ filament structure reveals the structural basis for assembly dynamics and constriction force generation"". Nat Struct Mol Biol. 2010. PubMed: 20676094. doi:10.1038/nsmb.1891"
ecoli_cell_division	Cell Division and FtsZ Ring Assembly	25741323	10.3389/fmicb.2015.00478	The Min system and other nucleoid-independent regulators of Z ring positioning	Rowlett VW, Margolin W	2015		"Rowlett VW, Margolin W. ""The Min system and other nucleoid-independent regulators of Z ring positioning"". Front Microbiol. 2015. PubMed: 25741323. doi:10.3389/fmicb.2015.00478"
ecoli_cell_division	Cell Division and FtsZ Ring Assembly	18322039	10.1128/MMBR.00014-07	Divisome assembly in Escherichia coli: a molecular perspective	den Blaauwen T, de Pedro MA, Nguyen-Distèche M, Ayala JA	2008		"den Blaauwen T, de Pedro MA, Nguyen-Distèche M, Ayala JA. ""Divisome assembly in Escherichia coli: a molecular perspective"". Microbiol Mol Biol Rev. 2008. PubMed: 18322039. doi:10.1128/MMBR.00014-07"
ecoli_cell_division	Cell Division and FtsZ Ring Assembly	26840489	10.1038/nature16966	SEDS proteins are a widespread family of bacterial cell wall polymerases	Meeske AJ, Riley EP, Robins WP, Uehara T, Mekalanos JJ, Kahne D, Walker S, Kruse AC, Bernhardt TG, Rudner DZ	2016		"Meeske AJ, Riley EP, Robins WP, Uehara T, Mekalanos JJ, Kahne D, Walker S, Kruse AC, Bernhardt TG, Rudner DZ. ""SEDS proteins are a widespread family of bacterial cell wall polymerases"". Nature. 2016. PubMed: 26840489. doi:10.1038/nature16966"
ecoli_chemotaxis	E. coli Chemotaxis	4628819		Chemotaxis in Escherichia coli analyzed by three-dimensional tracking	Berg HC	1972		"Berg HC. ""Chemotaxis in Escherichia coli analyzed by three-dimensional tracking"". Nature. 1972. PubMed: 4628819"
ecoli_chemotaxis	E. coli Chemotaxis	9442869		The two-component signaling pathway of bacterial chemotaxis: a molecular view of signal transduction by receptors, kinases, and adaptation enzymes	Falke JJ	1997		"Falke JJ. ""The two-component signaling pathway of bacterial chemotaxis: a molecular view of signal transduction by receptors, kinases, and adaptation enzymes"". Annual review of cell and developmental biology. 1997. PubMed: 9442869"
ecoli_chemotaxis	E. coli Chemotaxis	15242626		Chemotaxis	Sourjik V	2004		"Sourjik V. ""Chemotaxis"". Current biology : CB. 2004. PubMed: 15242626"
ecoli_chemotaxis	E. coli Chemotaxis	12379844		Receptor sensitivity in bacterial chemotaxis	Sourjik V	2002		"Sourjik V. ""Receptor sensitivity in bacterial chemotaxis"". Proceedings of the National Academy of Sciences of the United States of America. 2002. PubMed: 12379844"
ecoli_cold_shock_response	Cold Shock Response	37333716	10.1007/s13205-023-03656-2	An in-silico study to understand the effect of lineage diversity on cold shock response: unveiling protein-RNA interactions among paralogous CSPs of E. coli.	Roy A	2023		"Roy A. ""An in-silico study to understand the effect of lineage diversity on cold shock response: unveiling protein-RNA interactions among paralogous CSPs of E. coli."". 3 Biotech. 2023. PubMed: 37333716. doi:10.1007/s13205-023-03656-2"
ecoli_cold_shock_response	Cold Shock Response	34283283	10.1007/s00284-021-02613-7	C Group-Mediated Antibiotic Stress Mimics the Cold Shock Response.	Cardoza E	2021		"Cardoza E. ""C Group-Mediated Antibiotic Stress Mimics the Cold Shock Response."". Current microbiology. 2021. PubMed: 34283283. doi:10.1007/s00284-021-02613-7"
ecoli_cold_shock_response	Cold Shock Response	35920318	10.1093/nar/gkac643	Alteration of DNA supercoiling serves as a trigger of short-term cold shock repressed genes of E. coli.	Dash S	2022		"Dash S. ""Alteration of DNA supercoiling serves as a trigger of short-term cold shock repressed genes of E. coli."". Nucleic acids research. 2022. PubMed: 35920318. doi:10.1093/nar/gkac643"
ecoli_cold_shock_response	Cold Shock Response	8850997		The cold-shock response in bacteria.	Wolffe AP	1995		"Wolffe AP. ""The cold-shock response in bacteria."". Science progress. 1995. PubMed: 8850997"
ecoli_dna_damage_checkpoint	DNA Damage Checkpoint and Cell Cycle Arrest	11034250	10.1038/35039580	The SOS regulatory system of Escherichia coli	Fernández De Henestrosa AR, Ogi T, Aoyagi S, Chafin D, Hayes JJ, Ohmori H, Woodgate R	2000		"Fernández De Henestrosa AR, Ogi T, Aoyagi S, Chafin D, Hayes JJ, Ohmori H, Woodgate R. ""The SOS regulatory system of Escherichia coli"". Nat Rev Microbiol. 2000. PubMed: 11034250. doi:10.1038/35039580"
ecoli_dna_damage_checkpoint	DNA Damage Checkpoint and Cell Cycle Arrest	6449016	10.1073/pnas.77.6.3225	RecA protein binds to and promotes the degradation of LexA repressor	Little JW, Edmiston SH, Pacelli LZ, Mount DW	1980		"Little JW, Edmiston SH, Pacelli LZ, Mount DW. ""RecA protein binds to and promotes the degradation of LexA repressor"". Proc Natl Acad Sci USA. 1980. PubMed: 6449016. doi:10.1073/pnas.77.6.3225"
ecoli_dna_damage_checkpoint	DNA Damage Checkpoint and Cell Cycle Arrest	19943906	10.1111/j.1365-2958.2009.06962.x	RecN protein and transcription factor DksA combine to promote faithful recombinational repair of DNA double-strand breaks	Keyamura K, Arai K, Hishida T	2009		"Keyamura K, Arai K, Hishida T. ""RecN protein and transcription factor DksA combine to promote faithful recombinational repair of DNA double-strand breaks"". Mol Microbiol. 2009. PubMed: 19943906. doi:10.1111/j.1365-2958.2009.06962.x"
ecoli_dna_damage_checkpoint	DNA Damage Checkpoint and Cell Cycle Arrest	14596622	10.1021/bi034729a	SulA inhibits assembly of FtsZ by a simple sequestration mechanism	Cordell SC, Robinson EJ, Löwe J	2003		"Cordell SC, Robinson EJ, Löwe J. ""SulA inhibits assembly of FtsZ by a simple sequestration mechanism"". Biochemistry. 2003. PubMed: 14596622. doi:10.1021/bi034729a"
ecoli_dna_replication_elongation	DNA Replication Elongation	24267450	10.1016/j.molcel.2013.10.020	The bacterial replisome: back on track?	Robinson A, van Oijen AM	2013		"Robinson A, van Oijen AM. ""The bacterial replisome: back on track?"". Molecular Cell. 2013. PubMed: 24267450. doi:10.1016/j.molcel.2013.10.020"
ecoli_dna_replication_elongation	DNA Replication Elongation	21930698	10.1074/jbc.R111.259473	The Escherichia coli DNA polymerase III holoenzyme	McHenry CS	2011		"McHenry CS. ""The Escherichia coli DNA polymerase III holoenzyme"". Journal of Biological Chemistry. 2011. PubMed: 21930698. doi:10.1074/jbc.R111.259473"
ecoli_dna_replication_elongation	DNA Replication Elongation	15952889	10.1146/annurev.biochem.73.011303.073859	Structure and mechanism of the DNA polymerase III holoenzyme from E. coli	Johnson A, O'Donnell M	2005		"Johnson A, O'Donnell M. ""Structure and mechanism of the DNA polymerase III holoenzyme from E. coli"". Annual Review of Biochemistry. 2005. PubMed: 15952889. doi:10.1146/annurev.biochem.73.011303.073859"
ecoli_dna_replication_elongation	DNA Replication Elongation	36240765	10.1016/j.cell.2022.09.030	The replisome guides nucleosome assembly during DNA replication	Sauer PV, Corbeski I, Lu Y, et al	2022		"Sauer PV, Corbeski I, Lu Y, et al. ""The replisome guides nucleosome assembly during DNA replication"". Cell. 2022. PubMed: 36240765. doi:10.1016/j.cell.2022.09.030"
ecoli_dna_replication_initiation	DNA Replication Initiation at oriC	26350459	10.1074/jbc.R115.662783	Bacterial replication initiation: DnaA protein controls oriC	Leonard AC, Grimwade JE	2015		"Leonard AC, Grimwade JE. ""Bacterial replication initiation: DnaA protein controls oriC"". Journal of Biological Chemistry. 2015. PubMed: 26350459. doi:10.1074/jbc.R115.662783"
ecoli_dna_replication_initiation	DNA Replication Initiation at oriC	20157337	10.1038/nrmicro2314	The bacterial replication initiator DnaA. DnaA and oriC, the bacterial replication origin	Katayama T, Ozaki S, Keyamura K, Fujimitsu K	2010		"Katayama T, Ozaki S, Keyamura K, Fujimitsu K. ""The bacterial replication initiator DnaA. DnaA and oriC, the bacterial replication origin"". Nature Reviews Microbiology. 2010. PubMed: 20157337. doi:10.1038/nrmicro2314"
ecoli_dna_replication_initiation	DNA Replication Initiation at oriC	3036372	10.1016/0092-8674(87)90221-2	Timing of DnaA protein-controlled initiation of DNA replication in E. coli	Sekimizu K, Bramhill D, Kornberg A	1987		"Sekimizu K, Bramhill D, Kornberg A. ""Timing of DnaA protein-controlled initiation of DNA replication in E. coli"". Cell. 1987. PubMed: 3036372. doi:10.1016/0092-8674(87)90221-2"
ecoli_dna_replication_initiation	DNA Replication Initiation at oriC	8011018	10.1016/0092-8674(94)90156-2	SeqA: a negative modulator of replication initiation in E. coli	Lu M, Campbell JL, Boye E, Kleckner N	1994		"Lu M, Campbell JL, Boye E, Kleckner N. ""SeqA: a negative modulator of replication initiation in E. coli"". Cell. 1994. PubMed: 8011018. doi:10.1016/0092-8674(94)90156-2"
ecoli_dna_replication_initiation	DNA Replication Initiation at oriC	2536713		DnaB helicase activation: the role of DnaC and DNA	Wahle E, Lasken RS, Kornberg A	1989		"Wahle E, Lasken RS, Kornberg A. ""DnaB helicase activation: the role of DnaC and DNA"". Journal of Biological Chemistry. 1989. PubMed: 2536713"
ecoli_dna_replication_termination	DNA Replication Termination	19220742	10.1111/j.1365-2958.2008.06478.x	Termination of DNA replication in Escherichia coli	Duggin IG, Bell SD	2009		"Duggin IG, Bell SD. ""Termination of DNA replication in Escherichia coli"". Molecular Microbiology. 2009. PubMed: 19220742. doi:10.1111/j.1365-2958.2008.06478.x"
ecoli_dna_replication_termination	DNA Replication Termination	15686551	10.1111/j.1365-2958.2005.04473.x	The Tus-Ter replication fork barrier of Escherichia coli: A signpost for chromosome segregation?	Neylon C, et al	2005		"Neylon C, et al. ""The Tus-Ter replication fork barrier of Escherichia coli: A signpost for chromosome segregation?"". Molecular Microbiology. 2005. PubMed: 15686551. doi:10.1111/j.1365-2958.2005.04473.x"
ecoli_dna_replication_termination	DNA Replication Termination	7590257	10.1101/gad.9.22.2859	Topoisomerase IV, not gyrase, decatenates products of site-specific recombination in Escherichia coli	Zechiedrich EL, Cozzarelli NR	1995		"Zechiedrich EL, Cozzarelli NR. ""Topoisomerase IV, not gyrase, decatenates products of site-specific recombination in Escherichia coli"". Genes & Development. 1995. PubMed: 7590257. doi:10.1101/gad.9.22.2859"
ecoli_dna_replication_termination	DNA Replication Termination	12068798	10.1046/j.1365-2958.2002.02962.x	FtsK, a literate chromosome segregation machine	Aussel L, et al	2002		"Aussel L, et al. ""FtsK, a literate chromosome segregation machine"". Molecular Microbiology. 2002. PubMed: 12068798. doi:10.1046/j.1365-2958.2002.02962.x"
ecoli_e._coli_acid_resistance	Acid Resistance Systems (AR1, AR2, AR3)	15040261	10.1038/nrmicro884	Acid resistance in E. coli	Foster JW	2004		"Foster JW. ""Acid resistance in E. coli"". Nat Rev Microbiol. 2004. PubMed: 15040261. doi:10.1038/nrmicro884"
ecoli_e._coli_flagellar_assembly	E. coli Flagellar Assembly	38926585	10.1038/s41586-024-07598-4	TnpB homologues exapted from transposons are RNA-guided transcription factors.	Wiegand T	2024		"Wiegand T. ""TnpB homologues exapted from transposons are RNA-guided transcription factors."". Nature. 2024. PubMed: 38926585. doi:10.1038/s41586-024-07598-4"
ecoli_e._coli_flagellar_assembly	E. coli Flagellar Assembly	40486491	10.1016/j.bbrep.2025.102051	Intrinsic clustering of flagellar basal body proteins in E. coli: A self-organization mechanism for assembly and regulation.	Sung YS	2025		"Sung YS. ""Intrinsic clustering of flagellar basal body proteins in E. coli: A self-organization mechanism for assembly and regulation."". Biochemistry and biophysics reports. 2025. PubMed: 40486491. doi:10.1016/j.bbrep.2025.102051"
ecoli_e._coli_flagellar_assembly	E. coli Flagellar Assembly	32482724	pii: JB.00236-20. 10.1128/JB.00236-20	Assembly mechanism of a supramolecular MS-ring complex to initiate bacterial flagellar biogenesis in Vibrio species.	Terashima H	2020		"Terashima H. ""Assembly mechanism of a supramolecular MS-ring complex to initiate bacterial flagellar biogenesis in Vibrio species."". Journal of bacteriology. 2020. PubMed: 32482724. doi:pii: JB.00236-20. 10.1128/JB.00236-20"
ecoli_e._coli_flagellar_assembly	E. coli Flagellar Assembly	30069936	10.1111/mmi.14092	Autonomous control mechanism of stator assembly in the bacterial flagellar motor in response to changes in the environment.	Minamino T	2018		"Minamino T. ""Autonomous control mechanism of stator assembly in the bacterial flagellar motor in response to changes in the environment."". Molecular microbiology. 2018. PubMed: 30069936. doi:10.1111/mmi.14092"
ecoli_e._coli_heat_shock_response	Heat Shock Response and σ32 (RpoH) Regulation	8257110	10.1146/annurev.mi.47.100193.002223	Heat shock response in E. coli	Yura T, Nagai H, Mori H	1993		"Yura T, Nagai H, Mori H. ""Heat shock response in E. coli"". Annu Rev Microbiol. 1993. PubMed: 8257110. doi:10.1146/annurev.mi.47.100193.002223"
ecoli_e._coli_osmotic_stress_response	E. coli Osmotic Stress Response	26443764	10.1128/ecosalplus.5.4.5	Osmotic Stress.	Altendorf K	2009		"Altendorf K. ""Osmotic Stress."". EcoSal Plus. 2009. PubMed: 26443764. doi:10.1128/ecosalplus.5.4.5"
ecoli_e._coli_osmotic_stress_response	E. coli Osmotic Stress Response	36906298	10.1016/j.fm.2023.104244	The role of PhoP/PhoQ system in regulating stress adaptation response in Escherichia coli O157:H7.	Han J	2023		"Han J. ""The role of PhoP/PhoQ system in regulating stress adaptation response in Escherichia coli O157:H7."". Food microbiology. 2023. PubMed: 36906298. doi:10.1016/j.fm.2023.104244"
ecoli_e._coli_osmotic_stress_response	E. coli Osmotic Stress Response	24509820	10.1038/nchembio.1437	Ubiquinone accumulation improves osmotic-stress tolerance in Escherichia coli.	Sévin DC	2014		"Sévin DC. ""Ubiquinone accumulation improves osmotic-stress tolerance in Escherichia coli."". Nature chemical biology. 2014. PubMed: 24509820. doi:10.1038/nchembio.1437"
ecoli_e._coli_osmotic_stress_response	E. coli Osmotic Stress Response	32169942	10.1128/AEM.00120-20	CosR Is a Global Regulator of the Osmotic Stress Response with Widespread Distribution among Bacteria.	Gregory GJ	2020		"Gregory GJ. ""CosR Is a Global Regulator of the Osmotic Stress Response with Widespread Distribution among Bacteria."". Applied and environmental microbiology. 2020. PubMed: 32169942. doi:10.1128/AEM.00120-20"
ecoli_e._coli_stringent_response	E. coli Stringent Response	31266875	10.1128/mBio.01330-19	The Stringent Response Inhibits DNA Replication Initiation in E. coli by Modulating Supercoiling of oriC.	Kraemer JA	2019		"Kraemer JA. ""The Stringent Response Inhibits DNA Replication Initiation in E. coli by Modulating Supercoiling of oriC."". mBio. 2019. PubMed: 31266875. doi:10.1128/mBio.01330-19"
ecoli_e._coli_stringent_response	E. coli Stringent Response	27434674	pii: e17029. 10.7554/eLife.17029	Ribosome•RelA structures reveal the mechanism of stringent response activation.	Loveland AB	2016		"Loveland AB. ""Ribosome•RelA structures reveal the mechanism of stringent response activation."". eLife. 2016. PubMed: 27434674. doi:pii: e17029. 10.7554/eLife.17029"
ecoli_e._coli_stringent_response	E. coli Stringent Response	24947454	10.1038/ncomms5115	Nitrogen stress response and stringent response are coupled in Escherichia coli.	Brown DR	2014		"Brown DR. ""Nitrogen stress response and stringent response are coupled in Escherichia coli."". Nature communications. 2014. PubMed: 24947454. doi:10.1038/ncomms5115"
ecoli_e._coli_stringent_response	E. coli Stringent Response	28986375	10.1128/AEM.01636-17	Stringent Response Regulators Contribute to Recovery from Glucose Phosphate Stress in Escherichia coli.	Kessler JR	2017		"Kessler JR. ""Stringent Response Regulators Contribute to Recovery from Glucose Phosphate Stress in Escherichia coli."". Applied and environmental microbiology. 2017. PubMed: 28986375. doi:10.1128/AEM.01636-17"
ecoli_e._coli_two_component_signaling	Two-Component Signal Transduction (EnvZ-OmpR Paradigm)	10966467	10.1146/annurev.biochem.69.1.183	Two-component signal transduction	Stock AM, Robinson VL, Goudreau PN	2000		"Stock AM, Robinson VL, Goudreau PN. ""Two-component signal transduction"". Annu Rev Biochem. 2000. PubMed: 10966467. doi:10.1146/annurev.biochem.69.1.183"
ecoli_envelope_stress_response	E. coli Envelope Stress Response	36892778	10.1007/s12275-023-00030-y	Envelope-Stress Sensing Mechanism of Rcs and Cpx Signaling Pathways in Gram-Negative Bacteria.	Cho SH	2023		"Cho SH. ""Envelope-Stress Sensing Mechanism of Rcs and Cpx Signaling Pathways in Gram-Negative Bacteria."". Journal of microbiology (Seoul, Korea). 2023. PubMed: 36892778. doi:10.1007/s12275-023-00030-y"
ecoli_envelope_stress_response	E. coli Envelope Stress Response	40823832	10.1128/mbio.01613-25	Loss of cardiolipin and porins bypasses the essentiality of the sigma E cell envelope stress response in Escherichia coli.	Yang Z	2025		"Yang Z. ""Loss of cardiolipin and porins bypasses the essentiality of the sigma E cell envelope stress response in Escherichia coli."". mBio. 2025. PubMed: 40823832. doi:10.1128/mbio.01613-25"
ecoli_envelope_stress_response	E. coli Envelope Stress Response	28408482	10.1042/BST20160367	Small regulatory bacterial RNAs regulating the envelope stress response.	Klein G	2017		"Klein G. ""Small regulatory bacterial RNAs regulating the envelope stress response."". Biochemical Society transactions. 2017. PubMed: 28408482. doi:10.1042/BST20160367"
ecoli_envelope_stress_response	E. coli Envelope Stress Response	34954369	10.1016/j.ijantimicag.2021.106505	Polymyxin causes cell envelope remodelling and stress responses in mcr-1-harbouring Escherichia coli.	Nang SC	2022		"Nang SC. ""Polymyxin causes cell envelope remodelling and stress responses in mcr-1-harbouring Escherichia coli."". International journal of antimicrobial agents. 2022. PubMed: 34954369. doi:10.1016/j.ijantimicag.2021.106505"
ecoli_fatty_acid_degradation	Fatty Acid β-Oxidation and Regulation	15659673	10.1128/JB.187.4.1124-1133.2005	Fatty acid degradation in Escherichia coli	Clark DP, Cronan JE	2005		"Clark DP, Cronan JE. ""Fatty acid degradation in Escherichia coli"". J Bacteriol. 2005. PubMed: 15659673. doi:10.1128/JB.187.4.1124-1133.2005"
ecoli_fatty_acid_synthesis	Fatty Acid Synthesis (Type II FAS)	11969206	10.1006/bbrc.2001.2022	Forty years of bacterial fatty acid synthesis	Rock CO, Jackowski S	2002		"Rock CO, Jackowski S. ""Forty years of bacterial fatty acid synthesis"". Biochemical and Biophysical Research Communications. 2002. PubMed: 11969206. doi:10.1006/bbrc.2001.2022"
ecoli_fatty_acid_synthesis	Fatty Acid Synthesis (Type II FAS)	15952903	10.1146/annurev.biochem.74.082803.133524	The structural biology of type II fatty acid biosynthesis	White SW, Zheng J, Zhang YM, Rock CO	2005		"White SW, Zheng J, Zhang YM, Rock CO. ""The structural biology of type II fatty acid biosynthesis"". Annual Review of Biochemistry. 2005. PubMed: 15952903. doi:10.1146/annurev.biochem.74.082803.133524"
ecoli_fatty_acid_synthesis	Fatty Acid Synthesis (Type II FAS)	23500459	10.1016/j.plipres.2013.02.002	Bacterial lipids: metabolism and membrane homeostasis	Parsons JB, Rock CO	2013		"Parsons JB, Rock CO. ""Bacterial lipids: metabolism and membrane homeostasis"". Progress in Lipid Research. 2013. PubMed: 23500459. doi:10.1016/j.plipres.2013.02.002"
ecoli_fatty_acid_synthesis	Fatty Acid Synthesis (Type II FAS)	8567624	10.1074/jbc.271.4.1833	Regulation of fatty acid elongation and initiation by acyl-acyl carrier protein in Escherichia coli	Heath RJ, Rock CO	1996		"Heath RJ, Rock CO. ""Regulation of fatty acid elongation and initiation by acyl-acyl carrier protein in Escherichia coli"". Journal of Biological Chemistry. 1996. PubMed: 8567624. doi:10.1074/jbc.271.4.1833"
ecoli_flagellar_assembly	Flagellar Assembly and FlhDC Regulation	11104815	10.1128/mmbr.64.4.694-708.2000	Coupling of flagellar gene expression to flagellar assembly in Salmonella enterica serovar typhimurium and Escherichia coli	Chilcott GS, Hughes KT	2000		"Chilcott GS, Hughes KT. ""Coupling of flagellar gene expression to flagellar assembly in Salmonella enterica serovar typhimurium and Escherichia coli"". Microbiology and Molecular Biology Reviews. 2000. PubMed: 11104815. doi:10.1128/mmbr.64.4.694-708.2000"
ecoli_flagellar_assembly	Flagellar Assembly and FlhDC Regulation	12730325	10.1146/annurev.micro.57.030502.090832	How bacteria assemble flagella	Macnab RM	2003		"Macnab RM. ""How bacteria assemble flagella"". Annual Review of Microbiology. 2003. PubMed: 12730325. doi:10.1146/annurev.micro.57.030502.090832"
ecoli_flagellar_assembly	Flagellar Assembly and FlhDC Regulation	18950710	10.1016/j.sbi.2008.09.006	Molecular motors of the bacterial flagella	Minamino T, Imada K, Namba K	2008		"Minamino T, Imada K, Namba K. ""Molecular motors of the bacterial flagella"". Current Opinion in Structural Biology. 2008. PubMed: 18950710. doi:10.1016/j.sbi.2008.09.006"
ecoli_flagellar_assembly	Flagellar Assembly and FlhDC Regulation	20926516	10.1101/cshperspect.a000299	Bacterial nanomachines: the flagellum and type III injectisome	Erhardt M, Namba K, Hughes KT	2010		"Erhardt M, Namba K, Hughes KT. ""Bacterial nanomachines: the flagellum and type III injectisome"". Cold Spring Harbor Perspectives in Biology. 2010. PubMed: 20926516. doi:10.1101/cshperspect.a000299"
ecoli_flhdc_flagellar	Flagellar Gene Feed-Forward Cascade (FlhDC)	11408658	10.1126/science.1058758	Ordering genes in a flagella pathway by analysis of expression kinetics from living bacteria	Kalir S, McClure J, Pabbaraju K, et al.	2001		"Kalir S, McClure J, Pabbaraju K, et al.. ""Ordering genes in a flagella pathway by analysis of expression kinetics from living bacteria"". Science. 2001. PubMed: 11408658. doi:10.1126/science.1058758"
ecoli_flhdc_flagellar	Flagellar Gene Feed-Forward Cascade (FlhDC)	18483484	10.1038/nrmicro1887	Coordinating assembly of a bacterial macromolecular machine	Chevance FFV, Hughes KT	2008		"Chevance FFV, Hughes KT. ""Coordinating assembly of a bacterial macromolecular machine"". Nature Reviews Microbiology. 2008. PubMed: 18483484. doi:10.1038/nrmicro1887"
ecoli_glycolysis	Glycolysis (Embden-Meyerhof-Parnas Pathway)			Glycolysis	Berg JM, Tymoczko JL, Stryer L	2002		"Berg JM, Tymoczko JL, Stryer L. ""Glycolysis"". Biochemistry. 2002"
ecoli_glycolysis	Glycolysis (Embden-Meyerhof-Parnas Pathway)	8177168	10.1128/mr.57.3.543-594.1993	The phosphoenolpyruvate:sugar phosphotransferase system in Escherichia coli	Postma PW, Lengeler JW, Jacobson GR	1993		"Postma PW, Lengeler JW, Jacobson GR. ""The phosphoenolpyruvate:sugar phosphotransferase system in Escherichia coli"". Microbiol Rev. 1993. PubMed: 8177168. doi:10.1128/mr.57.3.543-594.1993"
ecoli_glycolysis	Glycolysis (Embden-Meyerhof-Parnas Pathway)	4298072	10.1016/0022-2836(68)90398-3	Allosteric regulation of phosphofructokinase from Escherichia coli	Blangy D, Buc H, Monod J	1968		"Blangy D, Buc H, Monod J. ""Allosteric regulation of phosphofructokinase from Escherichia coli"". J Mol Biol. 1968. PubMed: 4298072. doi:10.1016/0022-2836(68)90398-3"
ecoli_glycolysis	Glycolysis (Embden-Meyerhof-Parnas Pathway)	2699410	10.1111/j.1574-6968.1989.tb03709.x	Mixed-acid fermentation in Escherichia coli	Clark DP	1989		"Clark DP. ""Mixed-acid fermentation in Escherichia coli"". FEMS Microbiol Rev. 1989. PubMed: 2699410. doi:10.1111/j.1574-6968.1989.tb03709.x"
ecoli_heat_shock_response	Heat Shock Response and Protein Quality Control	7686999	10.1016/0958-1669(93)90140-9	Regulation of the heat shock response	Yura T, Nagai H, Mori H	1993		"Yura T, Nagai H, Mori H. ""Regulation of the heat shock response"". Current Opinion in Microbiology. 1993. PubMed: 7686999. doi:10.1016/0958-1669(93)90140-9"
ecoli_heat_shock_response	Heat Shock Response and Protein Quality Control	15770419	10.1007/s00018-004-4464-6	The molecular chaperone DnaK and its co-chaperones	Mayer MP, Bukau B	2005		"Mayer MP, Bukau B. ""The molecular chaperone DnaK and its co-chaperones"". Cell and Molecular Life Sciences. 2005. PubMed: 15770419. doi:10.1007/s00018-004-4464-6"
ecoli_heat_shock_response	Heat Shock Response and Protein Quality Control	19194358	10.1038/nrm2636	The GroEL-GroES chaperonin machine	Horwich AL, Fenton WA	2009		"Horwich AL, Fenton WA. ""The GroEL-GroES chaperonin machine"". Nature Reviews Molecular Cell Biology. 2009. PubMed: 19194358. doi:10.1038/nrm2636"
ecoli_heat_shock_response	Heat Shock Response and Protein Quality Control	18264115	10.1038/nrmicro1843	Multilevel regulation of the heat shock response in E. coli	Guisbert E, Yura T, Rhodius VA, Gross CA	2008		"Guisbert E, Yura T, Rhodius VA, Gross CA. ""Multilevel regulation of the heat shock response in E. coli"". Nature Reviews Microbiology. 2008. PubMed: 18264115. doi:10.1038/nrmicro1843"
ecoli_heavy_metal_resistance	Heavy Metal Resistance (Copper and Zinc Homeostasis)	12682013	10.1093/emboj/cdg239	The CusABC efflux system removes toxic ions via a methionine shuttle	Franke S, Grass G, Rensing C, Nies DH	2003		"Franke S, Grass G, Rensing C, Nies DH. ""The CusABC efflux system removes toxic ions via a methionine shuttle"". EMBO J. 2003. PubMed: 12682013. doi:10.1093/emboj/cdg239"
ecoli_heavy_metal_resistance	Heavy Metal Resistance (Copper and Zinc Homeostasis)	10383764	10.1046/j.1365-2958.1999.01459.x	ZntR-mediated transcriptional induction of zntA upon zinc excess in Escherichia coli	Brocklehurst KR, Hobman JL, Lawley B, Blank L, Marshall SJ, Brown NL, Morby AP	1999		"Brocklehurst KR, Hobman JL, Lawley B, Blank L, Marshall SJ, Brown NL, Morby AP. ""ZntR-mediated transcriptional induction of zntA upon zinc excess in Escherichia coli"". Mol Microbiol. 1999. PubMed: 10383764. doi:10.1046/j.1365-2958.1999.01459.x"
ecoli_heavy_metal_resistance	Heavy Metal Resistance (Copper and Zinc Homeostasis)	9422595	10.1128/jb.180.3.680-689.1998	The Escherichia coli Zur regulates ZnuABC zinc import	Patzer SI, Hantke K	1998		"Patzer SI, Hantke K. ""The Escherichia coli Zur regulates ZnuABC zinc import"". J Bacteriol. 1998. PubMed: 9422595. doi:10.1128/jb.180.3.680-689.1998"
ecoli_heavy_metal_resistance	Heavy Metal Resistance (Copper and Zinc Homeostasis)	10716729	10.1073/pnas.97.2.652	CopA: An Escherichia coli Cu(I)-translocating P-type ATPase	Rensing C, Fan B, Sharma R, Mitra B, Rosen BP	2000		"Rensing C, Fan B, Sharma R, Mitra B, Rosen BP. ""CopA: An Escherichia coli Cu(I)-translocating P-type ATPase"". Proc Natl Acad Sci USA. 2000. PubMed: 10716729. doi:10.1073/pnas.97.2.652"
ecoli_homologous_recombination	Homologous Recombination	18322035	10.1128/MMBR.00020-07	Recombinational DNA repair in bacteria and the RecBCD pathway	Dillingham MS, Kowalczykowski SC	2008		"Dillingham MS, Kowalczykowski SC. ""Recombinational DNA repair in bacteria and the RecBCD pathway"". Microbiol Mol Biol Rev. 2008. PubMed: 18322035. doi:10.1128/MMBR.00020-07"
ecoli_homologous_recombination	Homologous Recombination	18497818	10.1038/nature07003	RecA protein filament structure and DNA strand exchange	Chen Z, Yang H, Pavletich NP	2008		"Chen Z, Yang H, Pavletich NP. ""RecA protein filament structure and DNA strand exchange"". Nature. 2008. PubMed: 18497818. doi:10.1038/nature07003"
ecoli_homologous_recombination	Homologous Recombination	7489502	10.1016/s1097-2765(00)80218-6	The Holliday junction resolvase RuvC is a dimer that acts in trans	Saito A, Iwasaki H, Ariyoshi M, Morikawa K, Shinagawa H	1995		"Saito A, Iwasaki H, Ariyoshi M, Morikawa K, Shinagawa H. ""The Holliday junction resolvase RuvC is a dimer that acts in trans"". Mol Cell. 1995. PubMed: 7489502. doi:10.1016/s1097-2765(00)80218-6"
ecoli_homologous_recombination	Homologous Recombination	22503770	10.1016/j.tig.2012.03.002	Control of RecBCD recombination pathways by the Chi sequence	Smith GR	2012		"Smith GR. ""Control of RecBCD recombination pathways by the Chi sequence"". Trends Genet. 2012. PubMed: 22503770. doi:10.1016/j.tig.2012.03.002"
ecoli_iron_homeostasis	Iron Homeostasis	12829269		Bacterial iron homeostasis.	Andrews SC	2003		"Andrews SC. ""Bacterial iron homeostasis."". FEMS microbiology reviews. 2003. PubMed: 12829269"
ecoli_iron_homeostasis	Iron Homeostasis	27620723		Iron Homeostasis Regulates the Genotoxicity of Escherichia coli That Produces Colibactin.	Tronnet S	2016		"Tronnet S. ""Iron Homeostasis Regulates the Genotoxicity of Escherichia coli That Produces Colibactin."". Infection and immunity. 2016. PubMed: 27620723"
ecoli_iron_homeostasis	Iron Homeostasis	27757702	10.1007/s10482-016-0781-7	Increasing dissolved-oxygen disrupts iron homeostasis in production cultures of Escherichia coli.	Baez A	2017		"Baez A. ""Increasing dissolved-oxygen disrupts iron homeostasis in production cultures of Escherichia coli."". Antonie van Leeuwenhoek. 2017. PubMed: 27757702. doi:10.1007/s10482-016-0781-7"
ecoli_iron_homeostasis	Iron Homeostasis	12746439		Global iron-dependent gene regulation in Escherichia coli. A new mechanism for iron homeostasis.	McHugh JP	2003		"McHugh JP. ""Global iron-dependent gene regulation in Escherichia coli. A new mechanism for iron homeostasis."". The Journal of biological chemistry. 2003. PubMed: 12746439"
ecoli_lac_operon	Lac Operon Regulation	13718526	10.1016/S0022-2836(61)80072-7	Genetic regulatory mechanisms in the synthesis of proteins	Jacob F, Monod J	1961		"Jacob F, Monod J. ""Genetic regulatory mechanisms in the synthesis of proteins"". Journal of Molecular Biology. 1961. PubMed: 13718526. doi:10.1016/S0022-2836(61)80072-7"
ecoli_lac_operon	Lac Operon Regulation			The lactose operon	Müller-Hill B	1996		"Müller-Hill B. ""The lactose operon"". Walter de Gruyter. 1996"
ecoli_lac_operon	Lac Operon Regulation	16531234	10.1016/j.str.2005.11.021	Revisiting the lac operon: Functional analysis of the cAMP receptor protein	Napoli AA, Lawson CL, Ebright RH, Berman HM	2006		"Napoli AA, Lawson CL, Ebright RH, Berman HM. ""Revisiting the lac operon: Functional analysis of the cAMP receptor protein"". Structure. 2006. PubMed: 16531234. doi:10.1016/j.str.2005.11.021"
ecoli_lac_operon	Lac Operon Regulation	19245934	10.1016/S0065-2164(08)01001-8	Mechanism of the allosteric regulation of the lac repressor	Swint-Kruse L, Matthews KS	2009		"Swint-Kruse L, Matthews KS. ""Mechanism of the allosteric regulation of the lac repressor"". Advances in Applied Microbiology. 2009. PubMed: 19245934. doi:10.1016/S0065-2164(08)01001-8"
ecoli_lambda_switch	Bacteriophage λ CI/Cro Lysis–Lysogeny Switch			A Genetic Switch: Phage Lambda Revisited (3rd ed.)	Ptashne M	2004		"Ptashne M. ""A Genetic Switch: Phage Lambda Revisited (3rd ed.)"". Cold Spring Harbor Laboratory Press. 2004"
ecoli_lambda_switch	Bacteriophage λ CI/Cro Lysis–Lysogeny Switch	9691025	10.1093/genetics/149.4.1633	Stochastic kinetic analysis of developmental pathway bifurcation in phage lambda-infected Escherichia coli cells	Arkin A, Ross J, McAdams HH	1998		"Arkin A, Ross J, McAdams HH. ""Stochastic kinetic analysis of developmental pathway bifurcation in phage lambda-infected Escherichia coli cells"". Genetics. 1998. PubMed: 9691025. doi:10.1093/genetics/149.4.1633"
ecoli_mal_regulon	Maltose Regulon and Multi-Operon Coordination			The maltose system	Boos W, Shuman H	1998		"Boos W, Shuman H. ""The maltose system"". Escherichia coli and Salmonella: Cellular and Molecular Biology. 1998"
ecoli_mal_regulon	Maltose Regulon and Multi-Operon Coordination	6387427		Regulation of the maltose regulon in Escherichia coli	Raibaud O, Schwartz M	1984		"Raibaud O, Schwartz M. ""Regulation of the maltose regulon in Escherichia coli"". Microbiological Reviews. 1984. PubMed: 6387427"
ecoli_mal_regulon	Maltose Regulon and Multi-Operon Coordination	1956296	10.1111/j.1365-2958.1991.tb01893.x	The MalT-dependent transcriptional activation of the maltose regulon	Richet E, Vidal-Ingigliardi D, Raibaud O	1991		"Richet E, Vidal-Ingigliardi D, Raibaud O. ""The MalT-dependent transcriptional activation of the maltose regulon"". Molecular Microbiology. 1991. PubMed: 1956296. doi:10.1111/j.1365-2958.1991.tb01893.x"
ecoli_mal_regulon	Maltose Regulon and Multi-Operon Coordination	15978076	10.1111/j.1365-2958.2005.04703.x	ATP-dependent regulation of maltose transport in Escherichia coli	Dippel R, Boos W	2005		"Dippel R, Boos W. ""ATP-dependent regulation of maltose transport in Escherichia coli"". Molecular Microbiology. 2005. PubMed: 15978076. doi:10.1111/j.1365-2958.2005.04703.x"
ecoli_mismatch_repair	DNA Mismatch Repair (MMR)	15952900	10.1146/annurev.biochem.74.082803.133243	Mismatch repair in replication fidelity, genetic recombination, and cancer biology	Kunkel TA, Erie DA	2005		"Kunkel TA, Erie DA. ""Mismatch repair in replication fidelity, genetic recombination, and cancer biology"". Annual Review of Biochemistry. 2005. PubMed: 15952900. doi:10.1146/annurev.biochem.74.082803.133243"
ecoli_mismatch_repair	DNA Mismatch Repair (MMR)	17531815	10.1016/j.molcel.2007.04.018	Mechanism of mismatch recognition revealed by human MutSβ bound to unpaired DNA loops	Warren JJ, et al	2007		"Warren JJ, et al. ""Mechanism of mismatch recognition revealed by human MutSβ bound to unpaired DNA loops"". Molecular Cell. 2007. PubMed: 17531815. doi:10.1016/j.molcel.2007.04.018"
ecoli_mismatch_repair	DNA Mismatch Repair (MMR)	16376539	10.1016/j.sbi.2006.01.015	Mismatch repair proteins MutS and MutL: jack of all trades?	Jiricny J	2006		"Jiricny J. ""Mismatch repair proteins MutS and MutL: jack of all trades?"". Current Opinion in Structural Biology. 2006. PubMed: 16376539. doi:10.1016/j.sbi.2006.01.015"
ecoli_mismatch_repair	DNA Mismatch Repair (MMR)	8811176	10.1146/annurev.bi.65.070196.000533	Bacterial methyl-directed DNA mismatch repair	Modrich P, Lahue R	1996		"Modrich P, Lahue R. ""Bacterial methyl-directed DNA mismatch repair"". Annual Review of Biochemistry. 1996. PubMed: 8811176. doi:10.1146/annurev.bi.65.070196.000533"
ecoli_nitrogen_assimilation	Nitrogen Assimilation and Ntr Regulation	17506685	10.1146/annurev.micro.61.080706.093409	Nitrogen regulation in bacteria and archaea	Leigh JA, Dodsworth JA	2007		"Leigh JA, Dodsworth JA. ""Nitrogen regulation in bacteria and archaea"". Annual Review of Microbiology. 2007. PubMed: 17506685. doi:10.1146/annurev.micro.61.080706.093409"
ecoli_nitrogen_assimilation	Nitrogen Assimilation and Ntr Regulation	15802258	10.1016/j.mib.2005.02.011	The Ntr signal transduction system	Ninfa AJ, Jiang P	2005		"Ninfa AJ, Jiang P. ""The Ntr signal transduction system"". Current Opinion in Microbiology. 2005. PubMed: 15802258. doi:10.1016/j.mib.2005.02.011"
ecoli_nitrogen_assimilation	Nitrogen Assimilation and Ntr Regulation	10754576	10.1016/S0966-842X(00)01709-1	Signal transduction by the PII protein	Ninfa AJ, Atkinson MR	2000		"Ninfa AJ, Atkinson MR. ""Signal transduction by the PII protein"". Trends in Microbiology. 2000. PubMed: 10754576. doi:10.1016/S0966-842X(00)01709-1"
ecoli_nitrogen_assimilation	Nitrogen Assimilation and Ntr Regulation	10894718	10.1128/JB.182.15.4129-4136.2000	σ54-dependent transcription	Buck M, Gallegos MT, Studholme DJ, Guo Y, Gralla JD	2000		"Buck M, Gallegos MT, Studholme DJ, Guo Y, Gralla JD. ""σ54-dependent transcription"". Journal of Bacteriology. 2000. PubMed: 10894718. doi:10.1128/JB.182.15.4129-4136.2000"
ecoli_nucleotide_biosynthesis	Nucleotide Biosynthesis (Purine and Pyrimidine Synthesis)	1410045	10.1016/s0079-6603(08)60364-4	Nucleotide metabolism	Zalkin H, Dixon JE	1992		"Zalkin H, Dixon JE. ""Nucleotide metabolism"". Prog Nucleic Acid Res Mol Biol. 1992. PubMed: 1410045. doi:10.1016/s0079-6603(08)60364-4"
ecoli_nucleotide_excision_repair	Nucleotide Excision Repair (NER)	16464004	10.1021/cr040471u	Nucleotide excision repair in E. coli	Truglio JJ, Croteau DL, Van Houten B, Kisker C	2006		"Truglio JJ, Croteau DL, Van Houten B, Kisker C. ""Nucleotide excision repair in E. coli"". Chemical Reviews. 2006. PubMed: 16464004. doi:10.1021/cr040471u"
ecoli_nucleotide_excision_repair	Nucleotide Excision Repair (NER)	16532007	10.1038/nsmb1072	Structure of the UvrB-DNA complex	Truglio JJ, Karakas E, Rhau B, et al	2006		"Truglio JJ, Karakas E, Rhau B, et al. ""Structure of the UvrB-DNA complex"". Nature Structural & Molecular Biology. 2006. PubMed: 16532007. doi:10.1038/nsmb1072"
ecoli_nucleotide_excision_repair	Nucleotide Excision Repair (NER)	6380755	10.1016/0092-8674(83)90354-9	The mechanism of Escherichia coli UvrABC endonuclease	Sancar A, Rupp WD	1983		"Sancar A, Rupp WD. ""The mechanism of Escherichia coli UvrABC endonuclease"". Cell. 1983. PubMed: 6380755. doi:10.1016/0092-8674(83)90354-9"
ecoli_nucleotide_excision_repair	Nucleotide Excision Repair (NER)	7968919		Transcription-repair coupling and mutation frequency decline	Selby CP, Sancar A	1994		"Selby CP, Sancar A. ""Transcription-repair coupling and mutation frequency decline"". Microbiology and Molecular Biology Reviews. 1994. PubMed: 7968919"
ecoli_outer_membrane_assembly	Outer Membrane Protein Assembly via BAM Complex	22889723	10.1016/j.bbamcr.2012.04.007	The BAM complex in outer membrane protein biogenesis	Ricci DP, Silhavy TJ	2012		"Ricci DP, Silhavy TJ. ""The BAM complex in outer membrane protein biogenesis"". Biochim Biophys Acta. 2012. PubMed: 22889723. doi:10.1016/j.bbamcr.2012.04.007"
ecoli_oxidative_stress_response	Oxidative Stress Response (OxyR and SoxRS)	2246066	10.1093/jn/120.suppl_1.23	OxyR: a regulator of antioxidant genes	Storz G, Tartaglia LA, Ames BN	1990		"Storz G, Tartaglia LA, Ames BN. ""OxyR: a regulator of antioxidant genes"". J Nutr. 1990. PubMed: 2246066. doi:10.1093/jn/120.suppl_1.23"
ecoli_oxidative_stress_response	Oxidative Stress Response (OxyR and SoxRS)	2164424	10.1073/pnas.87.16.6181	Activation of the Escherichia coli SoxRS regulon by superoxide stress	Greenberg JT, Monach P, Chou JH, Josephy PD, Demple B	1990		"Greenberg JT, Monach P, Chou JH, Josephy PD, Demple B. ""Activation of the Escherichia coli SoxRS regulon by superoxide stress"". Proc Natl Acad Sci USA. 1990. PubMed: 2164424. doi:10.1073/pnas.87.16.6181"
ecoli_oxidative_stress_response	Oxidative Stress Response (OxyR and SoxRS)	11323133	10.1016/s0092-8674(01)00531-2	Hydrogen peroxide sensor and redox regulator OxyR: activation mechanism and sensing of H2O2	Choi H, Kim S, Mukhopadhyay P, Cho S, Woo J, Storz G, Ryu SE	2001		"Choi H, Kim S, Mukhopadhyay P, Cho S, Woo J, Storz G, Ryu SE. ""Hydrogen peroxide sensor and redox regulator OxyR: activation mechanism and sensing of H2O2"". Cell. 2001. PubMed: 11323133. doi:10.1016/s0092-8674(01)00531-2"
ecoli_oxidative_stress_response	Oxidative Stress Response (OxyR and SoxRS)	9223282	10.1073/pnas.94.1.173	SoxR, a [2Fe-2S] transcription factor, is active only in its oxidized form	Hidalgo E, Ding H, Demple B	1997		"Hidalgo E, Ding H, Demple B. ""SoxR, a [2Fe-2S] transcription factor, is active only in its oxidized form"". Proc Natl Acad Sci USA. 1997. PubMed: 9223282. doi:10.1073/pnas.94.1.173"
ecoli_pentose_phosphate_pathway	Pentose Phosphate Pathway (Oxidative and Non-oxidative)	25585159	10.1038/nrm3934	The pentose phosphate pathway	Stincone A, Prigione A, Cramer T, et al.	2015		"Stincone A, Prigione A, Cramer T, et al.. ""The pentose phosphate pathway"". Nat Rev Mol Cell Biol. 2015. PubMed: 25585159. doi:10.1038/nrm3934"
ecoli_periplasmic_stress	Periplasmic and Membrane Stress (Cpx Response)	11741871	10.1128/JB.183.3.1003-1012.2001	The periplasmic folding factor CpxP modulates the Cpx response	Raivio TL, Silhavy TJ	2001		"Raivio TL, Silhavy TJ. ""The periplasmic folding factor CpxP modulates the Cpx response"". J Bacteriol. 2001. PubMed: 11741871. doi:10.1128/JB.183.3.1003-1012.2001"
ecoli_periplasmic_stress	Periplasmic and Membrane Stress (Cpx Response)	22685280	10.1128/JB.00817-12	The Cpx envelope stress response is controlled by amplification and feedback inhibition	Vogt SL, Raivio TL	2012		"Vogt SL, Raivio TL. ""The Cpx envelope stress response is controlled by amplification and feedback inhibition"". J Bacteriol. 2012. PubMed: 22685280. doi:10.1128/JB.00817-12"
ecoli_periplasmic_stress	Periplasmic and Membrane Stress (Cpx Response)	21827746	10.1016/j.febslet.2011.07.044	DegP: a protease of protein quality control in the bacterial periplasm	Clausen T, Kaiser M, Huber R, Ehrmann M	2011		"Clausen T, Kaiser M, Huber R, Ehrmann M. ""DegP: a protease of protein quality control in the bacterial periplasm"". FEBS Lett. 2011. PubMed: 21827746. doi:10.1016/j.febslet.2011.07.044"
ecoli_periplasmic_stress	Periplasmic and Membrane Stress (Cpx Response)	16406775	10.1016/j.mib.2005.12.008	Envelope stress responses in Gram-negative bacteria	Rowley G, Spector M, Kormanec J, Roberts M	2006		"Rowley G, Spector M, Kormanec J, Roberts M. ""Envelope stress responses in Gram-negative bacteria"". Curr Opin Microbiol. 2006. PubMed: 16406775. doi:10.1016/j.mib.2005.12.008"
ecoli_phage_defense	Bacteriophage Defense Systems (R-M and CRISPR)	20548291	10.1038/nrg2749	CRISPR-Cas systems in bacteria and archaea	Marraffini LA, Sontheimer EJ	2010		"Marraffini LA, Sontheimer EJ. ""CRISPR-Cas systems in bacteria and archaea"". Nat Rev Genet. 2010. PubMed: 20548291. doi:10.1038/nrg2749"
ecoli_pho_regulon	Phosphate Starvation Response (Pho Regulon)	8752318	10.1128/jb.178.17.5024-5032.1996	Phosphate assimilation and control of alkaline phosphatase synthesis in Escherichia coli	Wanner BL	1996		"Wanner BL. ""Phosphate assimilation and control of alkaline phosphatase synthesis in Escherichia coli"". Journal of Bacteriology. 1996. PubMed: 8752318. doi:10.1128/jb.178.17.5024-5032.1996"
ecoli_pho_regulon	Phosphate Starvation Response (Pho Regulon)	25983732	10.3389/fmicb.2015.00402	The Pho regulon: a huge regulatory network in bacteria	Santos-Beneit F	2015		"Santos-Beneit F. ""The Pho regulon: a huge regulatory network in bacteria"". Frontiers in Microbiology. 2015. PubMed: 25983732. doi:10.3389/fmicb.2015.00402"
ecoli_pho_regulon	Phosphate Starvation Response (Pho Regulon)	12191620	10.1016/S0163-7258(02)00198-5	Two-component signal transduction as a target for microbial anti-infective therapy	Stephenson K, Hoch JA	2002		"Stephenson K, Hoch JA. ""Two-component signal transduction as a target for microbial anti-infective therapy"". Pharmacology & Therapeutics. 2002. PubMed: 12191620. doi:10.1016/S0163-7258(02)00198-5"
ecoli_pho_regulon	Phosphate Starvation Response (Pho Regulon)	2981804		Phosphate-specific transport system of Escherichia coli: nucleotide sequence and gene-polypeptide relationships	Surin BP, Rosenberg H, Cox GB	1985		"Surin BP, Rosenberg H, Cox GB. ""Phosphate-specific transport system of Escherichia coli: nucleotide sequence and gene-polypeptide relationships"". Journal of Bacteriology. 1985. PubMed: 2981804"
ecoli_phosphate_regulation	Phosphate Regulation	36972330	10.1099/mic.0.001312	Regulation of phosphate starvation-specific responses in Escherichia coli.	Moreau PL	2023		"Moreau PL. ""Regulation of phosphate starvation-specific responses in Escherichia coli."". Microbiology (Reading, England). 2023. PubMed: 36972330. doi:10.1099/mic.0.001312"
ecoli_phosphate_regulation	Phosphate Regulation	35648826	10.1073/pnas.2118566119	A broadly applicable, stress-mediated bacterial death pathway regulated by the phosphotransferase system (PTS) and the cAMP-Crp cascade.	Zeng J	2022		"Zeng J. ""A broadly applicable, stress-mediated bacterial death pathway regulated by the phosphotransferase system (PTS) and the cAMP-Crp cascade."". Proceedings of the National Academy of Sciences of the United States of America. 2022. PubMed: 35648826. doi:10.1073/pnas.2118566119"
ecoli_phosphate_regulation	Phosphate Regulation	25655354	10.1016/j.bbapap.2015.01.013	On the mechanism of Escherichia coli pyridoxal kinase inhibition by pyridoxal and pyridoxal 5'-phosphate.	di Salvo ML	2015		"di Salvo ML. ""On the mechanism of Escherichia coli pyridoxal kinase inhibition by pyridoxal and pyridoxal 5'-phosphate."". Biochimica et biophysica acta. 2015. PubMed: 25655354. doi:10.1016/j.bbapap.2015.01.013"
ecoli_phosphate_regulation	Phosphate Regulation	2844115		Redistribution of phosphate pools and the regulation of Escherichia coli adenylate cyclase activity.	Peterkofsky A	1988		"Peterkofsky A. ""Redistribution of phosphate pools and the regulation of Escherichia coli adenylate cyclase activity."". Archives of biochemistry and biophysics. 1988. PubMed: 2844115"
ecoli_phosphate_transport	Phosphate Transport via Pst and Pit Systems	8631707	10.1128/jb.178.8.2077-2082.1996	Phosphate assimilation in E. coli	Wanner BL	1996		"Wanner BL. ""Phosphate assimilation in E. coli"". J Bacteriol. 1996. PubMed: 8631707. doi:10.1128/jb.178.8.2077-2082.1996"
ecoli_protein_folding_chaperones	Protein Folding Chaperones	25737124	10.4014/jmb.1412.12079	Production of Biopharmaceuticals in E. coli: Current Scenario and Future Perspectives.	Baeshen MN	2015		"Baeshen MN. ""Production of Biopharmaceuticals in E. coli: Current Scenario and Future Perspectives."". Journal of microbiology and biotechnology. 2015. PubMed: 25737124. doi:10.4014/jmb.1412.12079"
ecoli_protein_folding_chaperones	Protein Folding Chaperones	39978345	10.1016/j.cell.2025.01.037	SecY translocon chaperones protein folding during membrane protein insertion.	Ou X	2025		"Ou X. ""SecY translocon chaperones protein folding during membrane protein insertion."". Cell. 2025. PubMed: 39978345. doi:10.1016/j.cell.2025.01.037"
ecoli_protein_folding_chaperones	Protein Folding Chaperones	38908370	10.1016/j.molcel.2024.06.002	Mechanism of chaperone coordination during cotranslational protein folding in bacteria.	Roeselová A	2024		"Roeselová A. ""Mechanism of chaperone coordination during cotranslational protein folding in bacteria."". Molecular cell. 2024. PubMed: 38908370. doi:10.1016/j.molcel.2024.06.002"
ecoli_protein_folding_chaperones	Protein Folding Chaperones	25487021	10.1007/978-3-319-11731-7_8	Chaperonin-co-chaperonin interactions.	Boshoff A	2015		"Boshoff A. ""Chaperonin-co-chaperonin interactions."". Sub-cellular biochemistry. 2015. PubMed: 25487021. doi:10.1007/978-3-319-11731-7_8"
ecoli_quorum_sensing	E. coli Quorum Sensing	37312272		Quorum sensing architecture network in Escherichia coli virulence and pathogenesis	Lamas A	2023		"Lamas A. ""Quorum sensing architecture network in Escherichia coli virulence and pathogenesis"". AIMS microbiology. 2023. PubMed: 37312272"
ecoli_quorum_sensing	E. coli Quorum Sensing	26517598		Bacterial resistance in biofilm-associated bacteria	Jamal M	2015		"Jamal M. ""Bacterial resistance in biofilm-associated bacteria"". Journal of the Chinese Medical Association : JCMA. 2015. PubMed: 26517598"
ecoli_quorum_sensing	E. coli Quorum Sensing	35630329		Mechanisms of Inhibition of Quorum Sensing as an Alternative for the Control of E. coli and Salmonella	Castillo-Juárez I	2022		"Castillo-Juárez I. ""Mechanisms of Inhibition of Quorum Sensing as an Alternative for the Control of E. coli and Salmonella"". Frontiers in microbiology. 2022. PubMed: 35630329"
ecoli_quorum_sensing	E. coli Quorum Sensing	34720078		Plant Based Natural Products as Quorum Sensing Inhibitors in Food Spoilage Bacteria	Raorane CJ	2021		"Raorane CJ. ""Plant Based Natural Products as Quorum Sensing Inhibitors in Food Spoilage Bacteria"". Frontiers in microbiology. 2021. PubMed: 34720078"
ecoli_ribosome_assembly	Ribosome Assembly and Maturation	11014182	10.1038/35030006	Structure of the 30S ribosomal subunit	Wimberly BT, Brodersen DE, Clemons WM Jr, Morgan-Warren RJ, Carter AP, Vonrhein C, Hartsch T, Ramakrishnan V	2000		"Wimberly BT, Brodersen DE, Clemons WM Jr, Morgan-Warren RJ, Carter AP, Vonrhein C, Hartsch T, Ramakrishnan V. ""Structure of the 30S ribosomal subunit"". Nature. 2000. PubMed: 11014182. doi:10.1038/35030006"
ecoli_ribosome_assembly	Ribosome Assembly and Maturation	17804668	10.1128/MMBR.00013-07	The path from nucleotides to ribosome assembly	Kaczanowska M, Rydén-Aulin M	2007		"Kaczanowska M, Rydén-Aulin M. ""The path from nucleotides to ribosome assembly"". Microbiology and Molecular Biology Reviews. 2007. PubMed: 17804668. doi:10.1128/MMBR.00013-07"
ecoli_ribosome_assembly	Ribosome Assembly and Maturation	14505815	10.1016/s0300-9084(03)00143-4	Assembly of the 30S ribosomal subunit	Culver GM	2003		"Culver GM. ""Assembly of the 30S ribosomal subunit"". Biochimie. 2003. PubMed: 14505815. doi:10.1016/s0300-9084(03)00143-4"
ecoli_ribosome_assembly	Ribosome Assembly and Maturation	21858987	10.1038/nrm3173	Ribosome assembly coming into focus	Shajani Z, Sykes MT, Williamson JR	2011		"Shajani Z, Sykes MT, Williamson JR. ""Ribosome assembly coming into focus"". Nature Reviews Molecular Cell Biology. 2011. PubMed: 21858987. doi:10.1038/nrm3173"
ecoli_rna_polymerase_recycling	RNA Polymerase Recycling and Reinitiation	30971490	10.1073/pnas.1903846116	Mechanism of transcription termination by E. coli RNA polymerase	Roberts JW	2019		"Roberts JW. ""Mechanism of transcription termination by E. coli RNA polymerase"". Proceedings of the National Academy of Sciences. 2019. PubMed: 30971490. doi:10.1073/pnas.1903846116"
ecoli_rna_polymerase_recycling	RNA Polymerase Recycling and Reinitiation	25081213	10.1093/nar/gku635	Sigma factor selectivity of Escherichia coli RNA polymerase	Mauri M, Klumpp S	2014		"Mauri M, Klumpp S. ""Sigma factor selectivity of Escherichia coli RNA polymerase"". Nucleic Acids Research. 2014. PubMed: 25081213. doi:10.1093/nar/gku635"
ecoli_rna_polymerase_recycling	RNA Polymerase Recycling and Reinitiation	28301741	10.1146/annurev-biochem-061516-044716	The mechanism of Rho-dependent transcription termination	Mitra P, Ghosh G, Hafeezunnisa M, Sen R	2017		"Mitra P, Ghosh G, Hafeezunnisa M, Sen R. ""The mechanism of Rho-dependent transcription termination"". Annual Review of Biochemistry. 2017. PubMed: 28301741. doi:10.1146/annurev-biochem-061516-044716"
ecoli_rna_polymerase_recycling	RNA Polymerase Recycling and Reinitiation	27074666	10.7554/eLife.13684	Recycling of the RNA polymerase in Escherichia coli	Harden TT, Wells CD, Friedman LJ, Landick R, Hochschild A, Kondev J, Gelles J	2016		"Harden TT, Wells CD, Friedman LJ, Landick R, Hochschild A, Kondev J, Gelles J. ""Recycling of the RNA polymerase in Escherichia coli"". eLife. 2016. PubMed: 27074666. doi:10.7554/eLife.13684"
ecoli_sigma_factor_competition	Sigma Factor Competition and Global Transcriptional Control	12169625	10.1093/emboj/cdf389	Sigma factor selectivity in Escherichia coli: role for CRP, IHF and Lrp transcription factors	Jishage M, Kvint K, Shingler V, Nyström T	2002		"Jishage M, Kvint K, Shingler V, Nyström T. ""Sigma factor selectivity in Escherichia coli: role for CRP, IHF and Lrp transcription factors"". EMBO Journal. 2002. PubMed: 12169625. doi:10.1093/emboj/cdf389"
ecoli_sigma_factor_competition	Sigma Factor Competition and Global Transcriptional Control	12787347	10.1046/j.1365-2958.2003.03512.x	The alternative sigma factor network in Escherichia coli	Gruber TM, Gross CA	2003		"Gruber TM, Gross CA. ""The alternative sigma factor network in Escherichia coli"". Molecular Microbiology. 2003. PubMed: 12787347. doi:10.1046/j.1365-2958.2003.03512.x"
ecoli_sigma_factor_competition	Sigma Factor Competition and Global Transcriptional Control	25313164	10.1088/1478-3975/11/5/056007	Sigma factor competition: a mechanism for bacterial adaptation	Mauri M, Klumpp S	2014		"Mauri M, Klumpp S. ""Sigma factor competition: a mechanism for bacterial adaptation"". Physical Biology. 2014. PubMed: 25313164. doi:10.1088/1478-3975/11/5/056007"
ecoli_sigma_factor_competition	Sigma Factor Competition and Global Transcriptional Control	18535149	10.1128/MMBR.00034-07	Regulation of RNA polymerase sigma subunit synthesis and activity	Wade JT, Struhl K	2008		"Wade JT, Struhl K. ""Regulation of RNA polymerase sigma subunit synthesis and activity"". Microbiology and Molecular Biology Reviews. 2008. PubMed: 18535149. doi:10.1128/MMBR.00034-07"
ecoli_sos_lexa	SOS DNA-Damage Response (LexA/RecA)	7053433	10.1016/0092-8674(82)90085-X	The SOS regulatory system of Escherichia coli	Little JW, Mount DW	1982		"Little JW, Mount DW. ""The SOS regulatory system of Escherichia coli"". Cell. 1982. PubMed: 7053433. doi:10.1016/0092-8674(82)90085-X"
ecoli_sos_response	E. coli SOS Response	16285859		The SOS response: recent insights into umuDC-dependent mutagenesis and DNA damage tolerance	Friedberg EC	2005		"Friedberg EC. ""The SOS response: recent insights into umuDC-dependent mutagenesis and DNA damage tolerance"". Annual review of genetics. 2005. PubMed: 16285859"
ecoli_sos_response	E. coli SOS Response	10978131		Regulation of the Escherichia coli SOS response	Fernández De Henestrosa AR	2000		"Fernández De Henestrosa AR. ""Regulation of the Escherichia coli SOS response"". FEMS microbiology reviews. 2000. PubMed: 10978131"
ecoli_sos_response	E. coli SOS Response	10494826		RecA protein: structure, function, and role in recombinational DNA repair	Cox MM	1999		"Cox MM. ""RecA protein: structure, function, and role in recombinational DNA repair"". Progress in nucleic acid research and molecular biology. 1999. PubMed: 10494826"
ecoli_sos_response	E. coli SOS Response	12700015		The LexA transcriptional repressor	Little JW	2003		"Little JW. ""The LexA transcriptional repressor"". Frontiers in bioscience : a journal and virtual library. 2003. PubMed: 12700015"
ecoli_starvation_response	General Starvation Response (RpoS/σS)	12065764	10.1046/j.1365-2958.2002.03031.x	The RpoS sigma factor of Escherichia coli: synthesis and degradation	Hengge-Aronis R	2002		"Hengge-Aronis R. ""The RpoS sigma factor of Escherichia coli: synthesis and degradation"". Mol Microbiol. 2002. PubMed: 12065764. doi:10.1046/j.1365-2958.2002.03031.x"
ecoli_starvation_response	General Starvation Response (RpoS/σS)	9826730	10.1073/pnas.95.21.12462	Small RNAs, DsrA and RprA, control the synthesis of the stationary phase sigma factor in Escherichia coli	Majdalani N, Cunning C, Sledjeski D, Elliott T, Gottesman S	1998		"Majdalani N, Cunning C, Sledjeski D, Elliott T, Gottesman S. ""Small RNAs, DsrA and RprA, control the synthesis of the stationary phase sigma factor in Escherichia coli"". Proc Natl Acad Sci USA. 1998. PubMed: 9826730. doi:10.1073/pnas.95.21.12462"
ecoli_starvation_response	General Starvation Response (RpoS/σS)	10485858	10.1073/pnas.96.11.6439	The adaptor protein RssB regulates proteolysis of the stationary-phase sigma factor RpoS	Becker G, Klauck E, Hengge-Aronis R	1999		"Becker G, Klauck E, Hengge-Aronis R. ""The adaptor protein RssB regulates proteolysis of the stationary-phase sigma factor RpoS"". Proc Natl Acad Sci USA. 1999. PubMed: 10485858. doi:10.1073/pnas.96.11.6439"
ecoli_starvation_response	General Starvation Response (RpoS/σS)	12581362	10.1046/j.1365-2958.2003.03255.x	ppGpp-dependent stationary phase induction of genes on Escherichia coli	Kvint K, Nachin L, Diez A, Nyström T	2003		"Kvint K, Nachin L, Diez A, Nyström T. ""ppGpp-dependent stationary phase induction of genes on Escherichia coli"". Mol Microbiol. 2003. PubMed: 12581362. doi:10.1046/j.1365-2958.2003.03255.x"
ecoli_stringent_response	Stringent Response and ppGpp-Mediated Growth Control	18454629	10.1146/annurev.micro.62.081307.162903	ppGpp: still magical?	Potrykus K, Cashel M	2008		"Potrykus K, Cashel M. ""ppGpp: still magical?"". Annual Review of Microbiology. 2008. PubMed: 18454629. doi:10.1146/annurev.micro.62.081307.162903"
ecoli_stringent_response	Stringent Response and ppGpp-Mediated Growth Control			The stringent response	Cashel M, Gentry D, Hernandez VJ, Vinella D	1996		"Cashel M, Gentry D, Hernandez VJ, Vinella D. ""The stringent response"". Escherichia coli and Salmonella: Cellular and Molecular Biology. 1996"
ecoli_stringent_response	Stringent Response and ppGpp-Mediated Growth Control	25853779	10.1038/nrmicro3449	Structural basis of ppGpp riboswitch function	Hauryliuk V, Atkinson GC, Murakami KS, Tenson T, Gerdes K	2015		"Hauryliuk V, Atkinson GC, Murakami KS, Tenson T, Gerdes K. ""Structural basis of ppGpp riboswitch function"". Nature Reviews Microbiology. 2015. PubMed: 25853779. doi:10.1038/nrmicro3449"
ecoli_stringent_response	Stringent Response and ppGpp-Mediated Growth Control	23590490	10.1146/annurev-micro-092412-155607	Regulation of RNA polymerase by ppGpp and DksA	Ross W, Vrentas CE, Sanchez-Vazquez P, Gaal T, Gourse RL	2013		"Ross W, Vrentas CE, Sanchez-Vazquez P, Gaal T, Gourse RL. ""Regulation of RNA polymerase by ppGpp and DksA"". Annual Review of Microbiology. 2013. PubMed: 23590490. doi:10.1146/annurev-micro-092412-155607"
ecoli_sulfur_metabolism	Sulfur Assimilation and Cysteine Biosynthesis	26443778	10.1128/ecosalplus.3.6.2.1	Sulfur metabolism in Escherichia coli	Kredich NM	2008		"Kredich NM. ""Sulfur metabolism in Escherichia coli"". EcoSal Plus. 2008. PubMed: 26443778. doi:10.1128/ecosalplus.3.6.2.1"
ecoli_tca_cycle	Tricarboxylic Acid Cycle (TCA/Krebs Cycle)	16003780	10.1002/bit.20632	The tricarboxylic acid cycle in Escherichia coli	Sauer U, Eikmanns BJ	2005		"Sauer U, Eikmanns BJ. ""The tricarboxylic acid cycle in Escherichia coli"". Biotechnol Bioeng. 2005. PubMed: 16003780. doi:10.1002/bit.20632"
ecoli_tca_cycle	Tricarboxylic Acid Cycle (TCA/Krebs Cycle)	9335278	10.1099/00221287-143-10-3301	Escherichia coli contains two aconitases: aconitase A and aconitase B	Gruer MJ, Artymiuk PJ, Guest JR	1997		"Gruer MJ, Artymiuk PJ, Guest JR. ""Escherichia coli contains two aconitases: aconitase A and aconitase B"". Microbiology. 1997. PubMed: 9335278. doi:10.1099/00221287-143-10-3301"
ecoli_tca_cycle	Tricarboxylic Acid Cycle (TCA/Krebs Cycle)	6750117	10.1038/300458a0	Isocitrate dehydrogenase of Escherichia coli	LaPorte DC, Koshland DE Jr	1982		"LaPorte DC, Koshland DE Jr. ""Isocitrate dehydrogenase of Escherichia coli"". Nature. 1982. PubMed: 6750117. doi:10.1038/300458a0"
ecoli_tca_cycle	Tricarboxylic Acid Cycle (TCA/Krebs Cycle)	8672543	10.1016/0005-2728(96)00041-7	Succinate dehydrogenase of Escherichia coli: cellular and molecular biology	Hägerhäll C, Hederstedt L	1996		"Hägerhäll C, Hederstedt L. ""Succinate dehydrogenase of Escherichia coli: cellular and molecular biology"". Biochim Biophys Acta. 1996. PubMed: 8672543. doi:10.1016/0005-2728(96)00041-7"
ecoli_transcription_elongation	Transcription Elongation	11313498	10.1126/science.1059495	Structural basis of transcription: RNA polymerase II elongation complex at 3.3 Å resolution	Gnatt AL, Cramer P, Fu J, Bushnell DA, Kornberg RD	2001		"Gnatt AL, Cramer P, Fu J, Bushnell DA, Kornberg RD. ""Structural basis of transcription: RNA polymerase II elongation complex at 3.3 Å resolution"". Science. 2001. PubMed: 11313498. doi:10.1126/science.1059495"
ecoli_transcription_elongation	Transcription Elongation	16630813	10.1016/j.cell.2006.03.034	Structural basis of transcription: role of the trigger loop in substrate specificity and catalysis	Wang D, Bushnell DA, Westover KD, Kaplan CD, Kornberg RD	2006		"Wang D, Bushnell DA, Westover KD, Kaplan CD, Kornberg RD. ""Structural basis of transcription: role of the trigger loop in substrate specificity and catalysis"". Cell. 2006. PubMed: 16630813. doi:10.1016/j.cell.2006.03.034"
ecoli_transcription_elongation	Transcription Elongation	1339300	10.1016/0092-8674(92)90590-4	Transcript cleavage factors from E. coli	Borukhov S, Polyakov A, Nikiforov V, Goldfarb A	1992		"Borukhov S, Polyakov A, Nikiforov V, Goldfarb A. ""Transcript cleavage factors from E. coli"". Cell. 1992. PubMed: 1339300. doi:10.1016/0092-8674(92)90590-4"
ecoli_transcription_elongation	Transcription Elongation	11089985	10.1038/35040582	NusG is a sequence-specific RNA polymerase pause factor that stimulates transcription elongation	Artsimovitch I, Landick R	2000		"Artsimovitch I, Landick R. ""NusG is a sequence-specific RNA polymerase pause factor that stimulates transcription elongation"". Nature. 2000. PubMed: 11089985. doi:10.1038/35040582"
ecoli_transcription_regulation	Transcription Initiation and Regulation	12511870	10.1038/nrm1012	Bacterial transcription regulation and sigma factor competition	Gruber TM, Gross CA	2003		"Gruber TM, Gross CA. ""Bacterial transcription regulation and sigma factor competition"". Nature Reviews Molecular Cell Biology. 2003. PubMed: 12511870. doi:10.1038/nrm1012"
ecoli_transcription_regulation	Transcription Initiation and Regulation	21371479	10.1016/j.jmb.2011.01.018	The bacterial transcription cycle: promoter melting and open complex formation	Saecker RM, Record MT Jr, Dehaseth PL	2011		"Saecker RM, Record MT Jr, Dehaseth PL. ""The bacterial transcription cycle: promoter melting and open complex formation"". Journal of Molecular Biology. 2011. PubMed: 21371479. doi:10.1016/j.jmb.2011.01.018"
ecoli_transcription_regulation	Transcription Initiation and Regulation	12540296	10.1186/gb-2003-4-1-203	Sigma factors in bacterial transcription	Paget MS, Helmann JD	2003		"Paget MS, Helmann JD. ""Sigma factors in bacterial transcription"". Genome Biology. 2003. PubMed: 12540296. doi:10.1186/gb-2003-4-1-203"
ecoli_transcription_regulation	Transcription Initiation and Regulation	15035009	10.1038/nrmicro787	Mechanism of transcription initiation from an activator-dependent promoter	Browning DF, Busby SJ	2004		"Browning DF, Busby SJ. ""Mechanism of transcription initiation from an activator-dependent promoter"". Nature Reviews Microbiology. 2004. PubMed: 15035009. doi:10.1038/nrmicro787"
ecoli_transcription_termination	Transcription Termination	12177300	10.1073/pnas.152433099	Transcription termination factor Rho is an RNA-DNA helicase associated with Rho-dependent terminators	Richardson JP	2002		"Richardson JP. ""Transcription termination factor Rho is an RNA-DNA helicase associated with Rho-dependent terminators"". Proc Natl Acad Sci USA. 2002. PubMed: 12177300. doi:10.1073/pnas.152433099"
ecoli_transcription_termination	Transcription Termination	14608371	10.1038/nature02129	Structure of Escherichia coli transcription termination factor rho bound to an RNA substrate	Skordalakes E, Berger JM	2003		"Skordalakes E, Berger JM. ""Structure of Escherichia coli transcription termination factor rho bound to an RNA substrate"". Nature. 2003. PubMed: 14608371. doi:10.1038/nature02129"
ecoli_transcription_termination	Transcription Termination	10617163	10.1016/s1097-2765(00)80159-4	The mechanism of intrinsic transcription termination	Gusarov I, Nudler E	1999		"Gusarov I, Nudler E. ""The mechanism of intrinsic transcription termination"". Mol Cell. 1999. PubMed: 10617163. doi:10.1016/s1097-2765(00)80159-4"
ecoli_transcription_termination	Transcription Termination	7537109	10.1021/bi00016a025	Control of Rho-dependent transcription termination by NusG is specific to the Escherichia coli elongation complex	Burns CM, Richardson JP	1995		"Burns CM, Richardson JP. ""Control of Rho-dependent transcription termination by NusG is specific to the Escherichia coli elongation complex"". Biochemistry. 1995. PubMed: 7537109. doi:10.1021/bi00016a025"
ecoli_translation_elongation	Translation Elongation	18408881	10.1038/nature06700	Structural basis for translation termination on the 70S ribosome	Weixlbaumer A, Jin H, Neubauer C, Voorhees RM, Petry S, Kelley AC, Ramakrishnan V	2008		"Weixlbaumer A, Jin H, Neubauer C, Voorhees RM, Petry S, Kelley AC, Ramakrishnan V. ""Structural basis for translation termination on the 70S ribosome"". Nature. 2008. PubMed: 18408881. doi:10.1038/nature06700"
ecoli_translation_elongation	Translation Elongation	11423924	10.1126/science.1060612	Initial selection of aminoacyl-tRNA by the ribosome	Ogle JM, Brodersen DE, Clemons WM Jr, Tarry MJ, Carter AP, Ramakrishnan V	2001		"Ogle JM, Brodersen DE, Clemons WM Jr, Tarry MJ, Carter AP, Ramakrishnan V. ""Initial selection of aminoacyl-tRNA by the ribosome"". Science. 2001. PubMed: 11423924. doi:10.1126/science.1060612"
ecoli_translation_elongation	Translation Elongation	10926528	10.1126/science.289.5481.920	The structural basis of ribosome activity in peptide bond synthesis	Nissen P, Hansen J, Ban N, Moore PB, Steitz TA	2000		"Nissen P, Hansen J, Ban N, Moore PB, Steitz TA. ""The structural basis of ribosome activity in peptide bond synthesis"". Science. 2000. PubMed: 10926528. doi:10.1126/science.289.5481.920"
ecoli_translation_elongation	Translation Elongation	9096309	10.1073/pnas.94.9.4389	EF-G-catalyzed translocation of anticodon stem-loop analogs of transfer RNA in the ribosome	Rodnina MV, Savelsbergh A, Katunin VI, Wintermeyer W	1997		"Rodnina MV, Savelsbergh A, Katunin VI, Wintermeyer W. ""EF-G-catalyzed translocation of anticodon stem-loop analogs of transfer RNA in the ribosome"". PNAS. 1997. PubMed: 9096309. doi:10.1073/pnas.94.9.4389"
ecoli_translation_initiation	Translation Initiation	18647627	10.1042/BSR20090031	Mechanism and regulation of protein synthesis in Escherichia coli	Rodnina MV, Wintermeyer W	2009		"Rodnina MV, Wintermeyer W. ""Mechanism and regulation of protein synthesis in Escherichia coli"". Molecular and Cellular Biology. 2009. PubMed: 18647627. doi:10.1042/BSR20090031"
ecoli_translation_initiation	Translation Initiation	11014182	10.1038/35030006	Structure of the 30S ribosomal subunit	Wimberly BT, Brodersen DE, Clemons WM Jr, et al	2000		"Wimberly BT, Brodersen DE, Clemons WM Jr, et al. ""Structure of the 30S ribosomal subunit"". Nature. 2000. PubMed: 11014182. doi:10.1038/35030006"
ecoli_translation_initiation	Translation Initiation	15755955	10.1128/MMBR.69.1.101-123.2005	Initiation of translation in bacteria	Laursen BS, Sørensen HP, Mortensen KK, Sperling-Petersen HU	2005		"Laursen BS, Sørensen HP, Mortensen KK, Sperling-Petersen HU. ""Initiation of translation in bacteria"". Microbiology and Molecular Biology Reviews. 2005. PubMed: 15755955. doi:10.1128/MMBR.69.1.101-123.2005"
ecoli_translation_initiation	Translation Initiation	22841294	10.1016/j.str.2012.08.001	Structural dynamics of ribosome subunit association studied by mixing-spraying time-resolved cryogenic electron microscopy	Chen J, Tsai A, O'Leary SE, Petrov A, Puglisi JD	2012		"Chen J, Tsai A, O'Leary SE, Petrov A, Puglisi JD. ""Structural dynamics of ribosome subunit association studied by mixing-spraying time-resolved cryogenic electron microscopy"". Structure. 2012. PubMed: 22841294. doi:10.1016/j.str.2012.08.001"
ecoli_translation_termination	Translation Termination and Ribosome Recycling	18408881	10.1038/nature06700	Structural basis for translation termination on the 70S ribosome	Weixlbaumer A, Jin H, Neubauer C, Voorhees RM, Petry S, Kelley AC, Ramakrishnan V	2008		"Weixlbaumer A, Jin H, Neubauer C, Voorhees RM, Petry S, Kelley AC, Ramakrishnan V. ""Structural basis for translation termination on the 70S ribosome"". Nature. 2008. PubMed: 18408881. doi:10.1038/nature06700"
ecoli_translation_termination	Translation Termination and Ribosome Recycling	19359587	10.1126/science.1172896	The structure of the ribosome with elongation factor G trapped in the posttranslocational state	Gao YG, Selmer M, Dunham CM, Weixlbaumer A, Kelley AC, Ramakrishnan V	2009		"Gao YG, Selmer M, Dunham CM, Weixlbaumer A, Kelley AC, Ramakrishnan V. ""The structure of the ribosome with elongation factor G trapped in the posttranslocational state"". Science. 2009. PubMed: 19359587. doi:10.1126/science.1172896"
ecoli_translation_termination	Translation Termination and Ribosome Recycling	12127453	10.1016/S0959-440X(02)00344-X	Structural insights into the role of rRNA modifications in protein synthesis and ribosome assembly	Decatur WA, Fournier MJ	2002		"Decatur WA, Fournier MJ. ""Structural insights into the role of rRNA modifications in protein synthesis and ribosome assembly"". Curr Opin Struct Biol. 2002. PubMed: 12127453. doi:10.1016/S0959-440X(02)00344-X"
ecoli_translation_termination	Translation Termination and Ribosome Recycling	9312005	10.1093/emboj/16.13.4126	Release factor RF3 in E.coli accelerates the dissociation of release factors RF1 and RF2 from the ribosome in a GTP-dependent manner	Freistroffer DV, Pavlov MY, MacDougall J, Buckingham RH, Ehrenberg M	1997		"Freistroffer DV, Pavlov MY, MacDougall J, Buckingham RH, Ehrenberg M. ""Release factor RF3 in E.coli accelerates the dissociation of release factors RF1 and RF2 from the ribosome in a GTP-dependent manner"". EMBO J. 1997. PubMed: 9312005. doi:10.1093/emboj/16.13.4126"
ecoli_trp_operon	Tryptophan Operon with Attenuation	7007895	10.1038/289751a0	Attenuation in the control of expression of bacterial operons	Yanofsky C	1981		"Yanofsky C. ""Attenuation in the control of expression of bacterial operons"". Nature. 1981. PubMed: 7007895. doi:10.1038/289751a0"
ecoli_trp_operon	Tryptophan Operon with Attenuation	3275651		Transcription attenuation	Yanofsky C	1988		"Yanofsky C. ""Transcription attenuation"". Journal of Biological Chemistry. 1988. PubMed: 3275651"
ecoli_trp_operon	Tryptophan Operon with Attenuation	15802245	10.1016/j.mib.2005.02.010	Regulation of the trp operon	Merino E, Yanofsky C	2005		"Merino E, Yanofsky C. ""Regulation of the trp operon"". Current Opinion in Microbiology. 2005. PubMed: 15802245. doi:10.1016/j.mib.2005.02.010"
ecoli_trp_operon	Tryptophan Operon with Attenuation	388431	10.1073/pnas.76.11.5524	The tryptophan operon: a coordinated mechanism for the regulation of biosynthesis	Oxender DL, Zurawski G, Yanofsky C	1979		"Oxender DL, Zurawski G, Yanofsky C. ""The tryptophan operon: a coordinated mechanism for the regulation of biosynthesis"". Proceedings of the National Academy of Sciences. 1979. PubMed: 388431. doi:10.1073/pnas.76.11.5524"
ecoli_tryptophan_biosynthesis	Tryptophan Biosynthesis via Anthranilate	11700594	10.1002/9780470123028.ch2	Tryptophan biosynthesis	Yanofsky C	2001		"Yanofsky C. ""Tryptophan biosynthesis"". Adv Enzymol Relat Areas Mol Biol. 2001. PubMed: 11700594. doi:10.1002/9780470123028.ch2"
ecoli_two_component_signaling	Two-Component Signal Transduction (EnvZ-OmpR)	9402015	10.1046/j.1365-2958.1997.5861945.x	Signal transduction by the EnvZ-OmpR phosphorelay system in bacteria	Mizuno T	1997		"Mizuno T. ""Signal transduction by the EnvZ-OmpR phosphorelay system in bacteria"". Molecular Microbiology. 1997. PubMed: 9402015. doi:10.1046/j.1365-2958.1997.5861945.x"
ecoli_two_component_signaling	Two-Component Signal Transduction (EnvZ-OmpR)	8682777	10.1128/jb.178.13.3779-3787.1996	Modulation of porin gene expression by the two-component regulatory system EnvZ-OmpR	Pratt LA, Hsing W, Gibson KE, Silhavy TJ	1996		"Pratt LA, Hsing W, Gibson KE, Silhavy TJ. ""Modulation of porin gene expression by the two-component regulatory system EnvZ-OmpR"". Journal of Bacteriology. 1996. PubMed: 8682777. doi:10.1128/jb.178.13.3779-3787.1996"
ecoli_two_component_signaling	Two-Component Signal Transduction (EnvZ-OmpR)	22580561	10.1038/nsmb.2269	Structure of the EnvZ osmosensor and molecular basis of signal transduction	Wang LC, Morgan LK, Godakumbura P, Kenney LJ, Anand GS	2012		"Wang LC, Morgan LK, Godakumbura P, Kenney LJ, Anand GS. ""Structure of the EnvZ osmosensor and molecular basis of signal transduction"". Nature Structural & Molecular Biology. 2012. PubMed: 22580561. doi:10.1038/nsmb.2269"
ecoli_two_component_signaling	Two-Component Signal Transduction (EnvZ-OmpR)	12453205	10.1046/j.1365-2958.2002.03267.x	DNA binding and phosphorylation-dependent dimerization of the response regulator OmpR	Kenney LJ	2002		"Kenney LJ. ""DNA binding and phosphorylation-dependent dimerization of the response regulator OmpR"". Molecular Microbiology. 2002. PubMed: 12453205. doi:10.1046/j.1365-2958.2002.03267.x"
ecoli_type_iii_secretion	E. coli Type III Secretion System	25002086		Type III secretion systems: bacterial nanomachines for protein delivery into target cells	Galán JE	2014		"Galán JE. ""Type III secretion systems: bacterial nanomachines for protein delivery into target cells"". Annual review of microbiology. 2014. PubMed: 25002086"
ecoli_type_iii_secretion	E. coli Type III Secretion System	21517912		The LEE-encoded type III secretion system of enteropathogenic Escherichia coli: a model for understanding EPEC pathogenesis	Dean P	2011		"Dean P. ""The LEE-encoded type III secretion system of enteropathogenic Escherichia coli: a model for understanding EPEC pathogenesis"". FEMS microbiology reviews. 2011. PubMed: 21517912"
ecoli_type_iii_secretion	E. coli Type III Secretion System	25793961		Structure and assembly of the bacterial type III secretion machine	Diepold A	2015		"Diepold A. ""Structure and assembly of the bacterial type III secretion machine"". FEMS microbiology reviews. 2015. PubMed: 25793961"
ecoli_type_iii_secretion	E. coli Type III Secretion System	9363945		Enteropathogenic E. coli (EPEC) transfers its receptor for intimate adherence into mammalian cells	Kenny B	1997		"Kenny B. ""Enteropathogenic E. coli (EPEC) transfers its receptor for intimate adherence into mammalian cells"". Cell. 1997. PubMed: 9363945"
human_akt_foxo_insulin	Insulin–AKT–FOXO Metabolic Homeostat	10102273	10.1016/S0092-8674(00)80595-4	Akt promotes cell survival by phosphorylating and inhibiting a Forkhead transcription factor	Brunet A, Bonni A, Zigmond MJ, et al.	1999		"Brunet A, Bonni A, Zigmond MJ, et al.. ""Akt promotes cell survival by phosphorylating and inhibiting a Forkhead transcription factor"". Cell. 1999. PubMed: 10102273. doi:10.1016/S0092-8674(00)80595-4"
human_akt_foxo_insulin	Insulin–AKT–FOXO Metabolic Homeostat	28431241	10.1016/j.cell.2017.04.001	AKT/PKB signaling: navigating the network	Manning BD, Toker A	2017		"Manning BD, Toker A. ""AKT/PKB signaling: navigating the network"". Cell. 2017. PubMed: 28431241. doi:10.1016/j.cell.2017.04.001"
human_ampk_energy_homeostat	AMPK Energy-Charge Homeostat	22436748	10.1038/nrm3311	AMPK: a nutrient and energy sensor that maintains energy homeostasis	Hardie DG, Ross FA, Hawley SA	2012		"Hardie DG, Ross FA, Hawley SA. ""AMPK: a nutrient and energy sensor that maintains energy homeostasis"". Nature Reviews Molecular Cell Biology. 2012. PubMed: 22436748. doi:10.1038/nrm3311"
human_apoptosis_caspase_switch	Caspase Apoptosis Commitment Switch	16978046	10.1371/journal.pcbi.0020120	Mathematical modeling identifies inhibitors of apoptosis as mediators of positive feedback and bistability	Legewie S, Blüthgen N, Herzel H	2006		"Legewie S, Blüthgen N, Herzel H. ""Mathematical modeling identifies inhibitors of apoptosis as mediators of positive feedback and bistability"". PLoS Computational Biology. 2006. PubMed: 16978046. doi:10.1371/journal.pcbi.0020120"
human_bcl2_bax_momp	BCL-2/BAX Mitochondrial Apoptosis Switch	18505631	10.1016/j.jaci.2007.10.026	How cells die: apoptosis pathways	Chipuk JE, Green DR	2008		"Chipuk JE, Green DR. ""How cells die: apoptosis pathways"". Journal of Allergy and Clinical Immunology. 2008. PubMed: 18505631. doi:10.1016/j.jaci.2007.10.026"
human_bcl2_bax_momp	BCL-2/BAX Mitochondrial Apoptosis Switch	20683470	10.1038/nrm2952	Mitochondria and cell death: outer membrane permeabilization and beyond	Tait SW, Green DR	2010		"Tait SW, Green DR. ""Mitochondria and cell death: outer membrane permeabilization and beyond"". Nature Reviews Molecular Cell Biology. 2010. PubMed: 20683470. doi:10.1038/nrm2952"
human_bcl6_gc_fate_switch	BCL6 Germinal-Center Fate Switch	10947831	10.1016/S1074-7613(00)00020-4	BCL-6 represses genes required for plasma cell differentiation	Shaffer AL, Yu X, He Y, et al.	2000		"Shaffer AL, Yu X, He Y, et al.. ""BCL-6 represses genes required for plasma cell differentiation"". Immunity. 2000. PubMed: 10947831. doi:10.1016/S1074-7613(00)00020-4"
human_bcl6_gc_fate_switch	BCL6 Germinal-Center Fate Switch	18434124	10.1016/j.coi.2008.03.016	Transcription factors that regulate memory in humoral responses	Calame KL	2008		"Calame KL. ""Transcription factors that regulate memory in humoral responses"". Current Opinion in Immunology. 2008. PubMed: 18434124. doi:10.1016/j.coi.2008.03.016"
human_beta_cell_insulin_oscillator	Pancreatic β-Cell Glucose–Insulin Oscillator	17666486	10.1152/ajpendo.00359.2007	Metabolic and electrical oscillations: partners in controlling pulsatile insulin secretion	Bertram R, Sherman A, Satin LS	2007		"Bertram R, Sherman A, Satin LS. ""Metabolic and electrical oscillations: partners in controlling pulsatile insulin secretion"". American Journal of Physiology - Endocrinology and Metabolism. 2007. PubMed: 17666486. doi:10.1152/ajpendo.00359.2007"
human_calcium_oscillator	IP3/Ca²⁺ Oscillator (CICR)	11413485	10.1038/35036035	The versatility and universality of calcium signalling	Berridge MJ, Lipp P, Bootman MD	2000		"Berridge MJ, Lipp P, Bootman MD. ""The versatility and universality of calcium signalling"". Nature Reviews Molecular Cell Biology. 2000. PubMed: 11413485. doi:10.1038/35036035"
human_camp_pka_desensitization	cAMP/PKA GPCR Desensitization	15276710	10.1016/j.tips.2004.06.006	Historical review: a brief history and personal retrospective of seven-transmembrane receptors	Lefkowitz RJ	2004		"Lefkowitz RJ. ""Historical review: a brief history and personal retrospective of seven-transmembrane receptors"". Trends in Pharmacological Sciences. 2004. PubMed: 15276710. doi:10.1016/j.tips.2004.06.006"
human_cdk1_mitotic_switch	Cdk1–Cdc25–Wee1 Mitotic Trigger	12509509	10.1073/pnas.0235349100	Hysteresis drives cell-cycle transitions in Xenopus laevis egg extracts	Sha W, Moore J, Chen K, Lassaletta AD, Yi CS, Tyson JJ, Sible JC	2003		"Sha W, Moore J, Chen K, Lassaletta AD, Yi CS, Tyson JJ, Sible JC. ""Hysteresis drives cell-cycle transitions in Xenopus laevis egg extracts"". PNAS. 2003. PubMed: 12509509. doi:10.1073/pnas.0235349100"
human_cdk1_mitotic_switch	Cdk1–Cdc25–Wee1 Mitotic Trigger	12629549	10.1038/ncb954	Building a cell cycle oscillator: hysteresis and bistability in the activation of Cdc2	Pomerening JR, Sontag ED, Ferrell JE	2003		"Pomerening JR, Sontag ED, Ferrell JE. ""Building a cell cycle oscillator: hysteresis and bistability in the activation of Cdc2"". Nature Cell Biology. 2003. PubMed: 12629549. doi:10.1038/ncb954"
human_cebpa_myeloid_commitment	C/EBPα Myeloid Commitment Switch	9317128		Granulocyte colony-stimulating factor induces C/EBPα and C/EBPβ expression in myeloid progenitors	Ye M, Zhang H, Yang H, et al.	1997		"Ye M, Zhang H, Yang H, et al.. ""Granulocyte colony-stimulating factor induces C/EBPα and C/EBPβ expression in myeloid progenitors"". Journal of Immunology. 1997. PubMed: 9317128"
human_cebpa_myeloid_commitment	C/EBPα Myeloid Commitment Switch	14729975	10.1128/MCB.24.3.1234-1247.2004	C/EBPα is required for the development of granulocytes and macrophages	Zhang DE, Hetherington CJ, Chen HM, Tenen DG	2004		"Zhang DE, Hetherington CJ, Chen HM, Tenen DG. ""C/EBPα is required for the development of granulocytes and macrophages"". Molecular and Cellular Biology. 2004. PubMed: 14729975. doi:10.1128/MCB.24.3.1234-1247.2004"
human_cgas_sting_dna_sensing	cGAS–STING Cytosolic DNA Sensing	23258413	10.1126/science.1232458	Cyclic GMP-AMP synthase is a cytosolic DNA sensor that activates the type I interferon pathway	Sun L, Wu J, Du F, Chen X, Chen ZJ	2013		"Sun L, Wu J, Du F, Chen X, Chen ZJ. ""Cyclic GMP-AMP synthase is a cytosolic DNA sensor that activates the type I interferon pathway"". Science. 2013. PubMed: 23258413. doi:10.1126/science.1232458"
human_cgas_sting_dna_sensing	cGAS–STING Cytosolic DNA Sensing	18724357	10.1038/nature07317	STING is an endoplasmic reticulum adaptor that facilitates innate immune signalling	Ishikawa H, Barber GN	2008		"Ishikawa H, Barber GN. ""STING is an endoplasmic reticulum adaptor that facilitates innate immune signalling"". Nature. 2008. PubMed: 18724357. doi:10.1038/nature07317"
human_circadian_clock	Circadian Clock (BMAL1/CLOCK–PER/CRY)	12198538	10.1038/nature00965	Coordination of circadian timing in mammals	Reppert SM, Weaver DR	2002		"Reppert SM, Weaver DR. ""Coordination of circadian timing in mammals"". Nature. 2002. PubMed: 12198538. doi:10.1038/nature00965"
human_emt_zeb_mir200	EMT ZEB/miR-200 Bistable Switch	24154725	10.1073/pnas.1318192110	MicroRNA-based regulation of epithelial-hybrid-mesenchymal fate determination	Lu M, Jolly MK, Levine H, Onuchic JN, Ben-Jacob E	2013		"Lu M, Jolly MK, Levine H, Onuchic JN, Ben-Jacob E. ""MicroRNA-based regulation of epithelial-hybrid-mesenchymal fate determination"". PNAS. 2013. PubMed: 24154725. doi:10.1073/pnas.1318192110"
human_emt_zeb_mir200	EMT ZEB/miR-200 Bistable Switch	23972859	10.1016/j.bpj.2013.07.011	Coupled reversible and irreversible bistable switches underlying TGF-β-induced EMT	Tian XJ, Zhang H, Xing J	2013		"Tian XJ, Zhang H, Xing J. ""Coupled reversible and irreversible bistable switches underlying TGF-β-induced EMT"". Biophysical Journal. 2013. PubMed: 23972859. doi:10.1016/j.bpj.2013.07.011"
human_erk_bistable_switch	ERK/MAPK Ultrasensitive Bistable Switch	9572732	10.1126/science.280.5365.895	The biochemical basis of an all-or-none cell fate switch in Xenopus oocytes	Ferrell JE, Machleder EM	1998		"Ferrell JE, Machleder EM. ""The biochemical basis of an all-or-none cell fate switch in Xenopus oocytes"". Science. 1998. PubMed: 9572732. doi:10.1126/science.280.5365.895"
human_estrogen_receptor_switch	Estrogen-Receptor Positive-Autoregulation Switch	17013392	10.1038/ng1901	Genome-wide analysis of estrogen receptor binding sites	Carroll JS, Meyer CA, Song J, et al.	2006		"Carroll JS, Meyer CA, Song J, et al.. ""Genome-wide analysis of estrogen receptor binding sites"". Nature Genetics. 2006. PubMed: 17013392. doi:10.1038/ng1901"
human_foxp3_treg_switch	Foxp3 Regulatory T-Cell Switch	20072126	10.1038/nature08750	Role of conserved non-coding DNA elements in the Foxp3 gene in regulatory T-cell commitment	Zheng Y, Josefowicz S, Chaudhry A, Peng XP, Forbush K, Rudensky AY	2010		"Zheng Y, Josefowicz S, Chaudhry A, Peng XP, Forbush K, Rudensky AY. ""Role of conserved non-coding DNA elements in the Foxp3 gene in regulatory T-cell commitment"". Nature. 2010. PubMed: 20072126. doi:10.1038/nature08750"
human_foxp3_treg_switch	Foxp3 Regulatory T-Cell Switch	22278057	10.1038/nature10772	Extrathymically generated regulatory T cells control mucosal TH2 inflammation	Josefowicz SZ, Niec RE, Kim HY, et al.	2012		"Josefowicz SZ, Niec RE, Kim HY, et al.. ""Extrathymically generated regulatory T cells control mucosal TH2 inflammation"". Nature. 2012. PubMed: 22278057. doi:10.1038/nature10772"
human_gata1_pu1_switch	GATA1–PU.1 Hematopoietic Lineage Switch	17412320	10.1016/j.ydbio.2007.02.036	Bifurcation dynamics in lineage-commitment in bipotent progenitor cells	Huang S, Guo YP, May G, Enver T	2007		"Huang S, Guo YP, May G, Enver T. ""Bifurcation dynamics in lineage-commitment in bipotent progenitor cells"". Developmental Biology. 2007. PubMed: 17412320. doi:10.1016/j.ydbio.2007.02.036"
human_gata1_pu1_switch	GATA1–PU.1 Hematopoietic Lineage Switch	19956253	10.1038/nature08533	Forcing cells to change lineages	Graf T, Enver T	2009		"Graf T, Enver T. ""Forcing cells to change lineages"". Nature. 2009. PubMed: 19956253. doi:10.1038/nature08533"
human_glucocorticoid_hpa_axis	Glucocorticoid HPA-Axis Feedback	27065163	10.1002/cphy.c150015	Regulation of the hypothalamic-pituitary-adrenocortical stress response	Herman JP, McKlveen JM, Ghosal S, et al.	2016		"Herman JP, McKlveen JM, Ghosal S, et al.. ""Regulation of the hypothalamic-pituitary-adrenocortical stress response"". Comprehensive Physiology. 2016. PubMed: 27065163. doi:10.1002/cphy.c150015"
human_hes1_oscillator	HES1 Ultradian Oscillator	12399594	10.1126/science.1074560	Oscillatory expression of the bHLH factor Hes1 regulated by a negative feedback loop	Hirata H, Yoshiura S, Ohtsuka T, et al.	2002		"Hirata H, Yoshiura S, Ohtsuka T, et al.. ""Oscillatory expression of the bHLH factor Hes1 regulated by a negative feedback loop"". Science. 2002. PubMed: 12399594. doi:10.1126/science.1074560"
human_hippo_yap	Hippo–YAP/TAZ Growth-Control Pathway	17974916	10.1101/gad.1602907	Inactivation of YAP oncoprotein by the Hippo pathway is involved in cell contact inhibition	Zhao B, Wei X, Li W, et al.	2007		"Zhao B, Wei X, Li W, et al.. ""Inactivation of YAP oncoprotein by the Hippo pathway is involved in cell contact inhibition"". Genes & Development. 2007. PubMed: 17974916. doi:10.1101/gad.1602907"
human_hippo_yap	Hippo–YAP/TAZ Growth-Control Pathway	26544935	10.1016/j.cell.2015.10.044	The Hippo pathway: regulators and regulations	Yu FX, Zhao B, Guan KL	2015		"Yu FX, Zhao B, Guan KL. ""The Hippo pathway: regulators and regulations"". Cell. 2015. PubMed: 26544935. doi:10.1016/j.cell.2015.10.044"
human_hsf1_heat_shock	HSF1 Heat-Shock Response with HSP70 Feedback	21417720	10.1146/annurev-biochem-060809-095203	Regulation of the heat shock response in eukaryotes	Anckar J, Sistonen L	2011		"Anckar J, Sistonen L. ""Regulation of the heat shock response in eukaryotes"". Annual Review of Biochemistry. 2011. PubMed: 21417720. doi:10.1146/annurev-biochem-060809-095203"
human_il6_stat3_inflammation	IL-6/STAT3 Inflammatory Positive-Feedback Switch	19878981	10.1016/j.cell.2009.10.014	An epigenetic switch involving NF-κB, Lin28, let-7 and IL6 links inflammation to transformation	Iliopoulos D, Hirsch HA, Struhl K	2009		"Iliopoulos D, Hirsch HA, Struhl K. ""An epigenetic switch involving NF-κB, Lin28, let-7 and IL6 links inflammation to transformation"". Cell. 2009. PubMed: 19878981. doi:10.1016/j.cell.2009.10.014"
human_il6_stat3_inflammation	IL-6/STAT3 Inflammatory Positive-Feedback Switch	20018552	10.1016/j.cytogfr.2009.11.005	Dangerous liaisons: STAT3 and NF-κB collaboration and crosstalk in cancer	Grivennikov SI, Karin M	2010		"Grivennikov SI, Karin M. ""Dangerous liaisons: STAT3 and NF-κB collaboration and crosstalk in cancer"". Cytokine & Growth Factor Reviews. 2010. PubMed: 20018552. doi:10.1016/j.cytogfr.2009.11.005"
human_ire1_xbp1_upr	IRE1–XBP1 Unfolded Protein Response	22116877	10.1126/science.1209038	The unfolded protein response: from stress pathway to homeostatic regulation	Walter P, Ron D	2011		"Walter P, Ron D. ""The unfolded protein response: from stress pathway to homeostatic regulation"". Science. 2011. PubMed: 22116877. doi:10.1126/science.1209038"
human_irf7_interferon_amplifier	IRF7 Type-I Interferon Amplification Switch	15800576	10.1038/nature03464	IRF-7 is the master regulator of type-I interferon-dependent immune responses	Honda K, Yanai H, Negishi H, et al.	2005		"Honda K, Yanai H, Negishi H, et al.. ""IRF-7 is the master regulator of type-I interferon-dependent immune responses"". Nature. 2005. PubMed: 15800576. doi:10.1038/nature03464"
human_irf7_interferon_amplifier	IRF7 Type-I Interferon Amplification Switch	24362405	10.1038/nri3581	Regulation of type I interferon responses	Ivashkiv LB, Donlin LT	2014		"Ivashkiv LB, Donlin LT. ""Regulation of type I interferon responses"". Nature Reviews Immunology. 2014. PubMed: 24362405. doi:10.1038/nri3581"
human_iron_irp_ire	IRP/IRE Iron Homeostat	20603012	10.1016/j.cell.2010.06.028	Two to tango: regulation of mammalian iron metabolism	Hentze MW, Muckenthaler MU, Galy B, Camaschella C	2010		"Hentze MW, Muckenthaler MU, Galy B, Camaschella C. ""Two to tango: regulation of mammalian iron metabolism"". Cell. 2010. PubMed: 20603012. doi:10.1016/j.cell.2010.06.028"
human_jak_stat_socs	JAK–STAT Signaling with SOCS Feedback	15032587	10.1146/annurev.immunol.22.091003.090312	The role of suppressors of cytokine signalling (SOCS) proteins in regulation of the immune response	Alexander WS, Hilton DJ	2004		"Alexander WS, Hilton DJ. ""The role of suppressors of cytokine signalling (SOCS) proteins in regulation of the immune response"". Annual Review of Immunology. 2004. PubMed: 15032587. doi:10.1146/annurev.immunol.22.091003.090312"
human_mtor_ulk1_autophagy	mTOR–ULK1 Autophagy Homeostat	21258367	10.1038/ncb2152	AMPK and mTOR regulate autophagy through direct phosphorylation of Ulk1	Kim J, Kundu M, Viollet B, Guan KL	2011		"Kim J, Kundu M, Viollet B, Guan KL. ""AMPK and mTOR regulate autophagy through direct phosphorylation of Ulk1"". Nature Cell Biology. 2011. PubMed: 21258367. doi:10.1038/ncb2152"
human_mtorc1_nutrient	mTORC1 Nutrient Homeostat with S6K Feedback	15249583	10.1083/jcb.200403069	The TSC1-2 tumor suppressor controls insulin-PI3K signaling via regulation of IRS proteins	Harrington LS, Findlay GM, Gray A, et al.	2004		"Harrington LS, Findlay GM, Gray A, et al.. ""The TSC1-2 tumor suppressor controls insulin-PI3K signaling via regulation of IRS proteins"". Journal of Cell Biology. 2004. PubMed: 15249583. doi:10.1083/jcb.200403069"
human_mtorc1_nutrient	mTORC1 Nutrient Homeostat with S6K Feedback	28283069	10.1016/j.cell.2017.02.004	mTOR signaling in growth, metabolism, and disease	Saxton RA, Sabatini DM	2017		"Saxton RA, Sabatini DM. ""mTOR signaling in growth, metabolism, and disease"". Cell. 2017. PubMed: 28283069. doi:10.1016/j.cell.2017.02.004"
human_myc_autoregulation	MYC Proliferation Hub with Autosuppression	2182320	10.1002/j.1460-2075.1990.tb08217.x	Negative autoregulation of c-myc transcription	Penn LJ, Brooks MW, Laufer EM, Land H	1990		"Penn LJ, Brooks MW, Laufer EM, Land H. ""Negative autoregulation of c-myc transcription"". EMBO Journal. 1990. PubMed: 2182320. doi:10.1002/j.1460-2075.1990.tb08217.x"
human_myc_autoregulation	MYC Proliferation Hub with Autosuppression	11031250	10.1146/annurev.cellbio.16.1.653	The Myc/Max/Mad network and the transcriptional control of cell behavior	Grandori C, Cowley SM, James LP, Eisenman RN	2000		"Grandori C, Cowley SM, James LP, Eisenman RN. ""The Myc/Max/Mad network and the transcriptional control of cell behavior"". Annual Review of Cell and Developmental Biology. 2000. PubMed: 11031250. doi:10.1146/annurev.cellbio.16.1.653"
human_myod_myogenesis	MyoD Myogenic Determination Switch	2546677	10.1016/0092-8674(89)90838-6	Positive autoregulation of the myogenic determination gene MyoD1	Thayer MJ, Tapscott SJ, Davis RL, Wright WE, Lassar AB, Weintraub H	1989		"Thayer MJ, Tapscott SJ, Davis RL, Wright WE, Lassar AB, Weintraub H. ""Positive autoregulation of the myogenic determination gene MyoD1"". Cell. 1989. PubMed: 2546677. doi:10.1016/0092-8674(89)90838-6"
human_nfkb_ikb_oscillator	NF-κB–IκB Inflammatory Oscillator	12424381	10.1126/science.1071914	The IκB-NF-κB signaling module: temporal control and selective gene activation	Hoffmann A, Levchenko A, Scott ML, Baltimore D	2002		"Hoffmann A, Levchenko A, Scott ML, Baltimore D. ""The IκB-NF-κB signaling module: temporal control and selective gene activation"". Science. 2002. PubMed: 12424381. doi:10.1126/science.1071914"
human_nfkb_ikb_oscillator	NF-κB–IκB Inflammatory Oscillator	15499023	10.1126/science.1099962	Oscillations in NF-κB signaling control the dynamics of gene expression	Nelson DE, Ihekwaba AE, Elliott M, et al.	2004		"Nelson DE, Ihekwaba AE, Elliott M, et al.. ""Oscillations in NF-κB signaling control the dynamics of gene expression"". Science. 2004. PubMed: 15499023. doi:10.1126/science.1099962"
human_nlrp3_inflammasome	NLRP3 Inflammasome All-or-None Switch	24630723	10.1016/j.cell.2014.01.063	Prion-like polymerization underlies signal transduction in antiviral immune defense and inflammasome activation	Cai X, Chen J, Xu H, et al.	2014		"Cai X, Chen J, Xu H, et al.. ""Prion-like polymerization underlies signal transduction in antiviral immune defense and inflammasome activation"". Cell. 2014. PubMed: 24630723. doi:10.1016/j.cell.2014.01.063"
human_nlrp3_inflammasome	NLRP3 Inflammasome All-or-None Switch	24630722	10.1016/j.cell.2014.02.008	Unified polymerization mechanism for the assembly of ASC-dependent inflammasomes	Lu A, Magupalli VG, Ruan J, et al.	2014		"Lu A, Magupalli VG, Ruan J, et al.. ""Unified polymerization mechanism for the assembly of ASC-dependent inflammasomes"". Cell. 2014. PubMed: 24630722. doi:10.1016/j.cell.2014.02.008"
human_notch_delta_lateral_inhibition	Notch–Delta Lateral Inhibition Switch	9015458	10.1006/jtbi.1996.0233	Pattern formation by lateral inhibition with feedback: a mathematical model of Delta-Notch intercellular signalling	Collier JR, Monk NA, Maini PK, Lewis JH	1996		"Collier JR, Monk NA, Maini PK, Lewis JH. ""Pattern formation by lateral inhibition with feedback: a mathematical model of Delta-Notch intercellular signalling"". Journal of Theoretical Biology. 1996. PubMed: 9015458. doi:10.1006/jtbi.1996.0233"
human_nrf2_keap1	NRF2–KEAP1 Oxidative-Stress Homeostat	9887101	10.1101/gad.13.1.76	Keap1 represses nuclear activation of antioxidant responsive elements by Nrf2 through binding to the amino-terminal Neh2 domain	Itoh K, Wakabayashi N, Katoh Y, et al.	1999		"Itoh K, Wakabayashi N, Katoh Y, et al.. ""Keap1 represses nuclear activation of antioxidant responsive elements by Nrf2 through binding to the amino-terminal Neh2 domain"". Genes & Development. 1999. PubMed: 9887101. doi:10.1101/gad.13.1.76"
human_oct4_sox2_nanog_pluripotency	OCT4–SOX2–NANOG Pluripotency Core	16153702	10.1016/j.cell.2005.08.020	Core transcriptional regulatory circuitry in human embryonic stem cells	Boyer LA, Lee TI, Cole MF, et al.	2005		"Boyer LA, Lee TI, Cole MF, et al.. ""Core transcriptional regulatory circuitry in human embryonic stem cells"". Cell. 2005. PubMed: 16153702. doi:10.1016/j.cell.2005.08.020"
human_oct4_sox2_nanog_pluripotency	OCT4–SOX2–NANOG Pluripotency Core	16978048	10.1371/journal.pcbi.0020123	Transcriptional dynamics of the embryonic stem cell switch	Chickarmane V, Troein C, Nuber UA, Sauro HM, Peterson C	2006		"Chickarmane V, Troein C, Nuber UA, Sauro HM, Peterson C. ""Transcriptional dynamics of the embryonic stem cell switch"". PLoS Computational Biology. 2006. PubMed: 16978048. doi:10.1371/journal.pcbi.0020123"
human_p16_rb_senescence	p16–Rb Senescence Commitment Switch	9054499	10.1016/S0092-8674(00)81902-9	Oncogenic ras provokes premature cell senescence associated with accumulation of p53 and p16INK4a	Serrano M, Lin AW, McCurrach ME, Beach D, Lowe SW	1997		"Serrano M, Lin AW, McCurrach ME, Beach D, Lowe SW. ""Oncogenic ras provokes premature cell senescence associated with accumulation of p53 and p16INK4a"". Cell. 1997. PubMed: 9054499. doi:10.1016/S0092-8674(00)81902-9"
human_p53_apoptosis_decision	p53 Arrest-vs-Apoptosis Decision Switch	22700930	10.1126/science.1218351	p53 dynamics control cell fate	Purvis JE, Karhohs KW, Mock C, et al.	2012		"Purvis JE, Karhohs KW, Mock C, et al.. ""p53 dynamics control cell fate"". Science. 2012. PubMed: 22700930. doi:10.1126/science.1218351"
human_p53_apoptosis_decision	p53 Arrest-vs-Apoptosis Decision Switch	23306555	10.1038/cdd.2012.155	A threshold mechanism mediates p53 cell fate decision between growth arrest and apoptosis	Kracikova M, Akiri G, George A, Sachidanandam R, Aaronson SA	2013		"Kracikova M, Akiri G, George A, Sachidanandam R, Aaronson SA. ""A threshold mechanism mediates p53 cell fate decision between growth arrest and apoptosis"". Cell Death & Differentiation. 2013. PubMed: 23306555. doi:10.1038/cdd.2012.155"
human_p53_mdm2	p53–MDM2 DNA-Damage Response Oscillator	14730303	10.1038/ng1293	Dynamics of the p53-Mdm2 feedback loop in individual cells	Lahav G, Rosenfeld N, Sigal A, Geva-Zatorsky N, Levine AJ, Elowitz MB, Alon U	2004		"Lahav G, Rosenfeld N, Sigal A, Geva-Zatorsky N, Levine AJ, Elowitz MB, Alon U. ""Dynamics of the p53-Mdm2 feedback loop in individual cells"". Nature Genetics. 2004. PubMed: 14730303. doi:10.1038/ng1293"
human_p53_mdm2	p53–MDM2 DNA-Damage Response Oscillator	21556066	10.1038/msb.2011.20	Stimulus-dependent dynamics of p53 in single cells	Batchelor E, Loewer A, Mock C, Lahav G	2011		"Batchelor E, Loewer A, Mock C, Lahav G. ""Stimulus-dependent dynamics of p53 in single cells"". Molecular Systems Biology. 2011. PubMed: 21556066. doi:10.1038/msb.2011.20"
human_pd1_pdl1_checkpoint	PD-1/PD-L1 Immune Checkpoint	28990585	10.1038/nri.2017.108	The diverse functions of the PD1 inhibitory pathway	Sharpe AH, Pauken KE	2018		"Sharpe AH, Pauken KE. ""The diverse functions of the PD1 inhibitory pathway"". Nature Reviews Immunology. 2018. PubMed: 28990585. doi:10.1038/nri.2017.108"
human_perk_atf4_isr	PERK–ATF4 Integrated Stress Response	12667446	10.1016/S1097-2765(03)00105-9	An integrated stress response regulates amino acid metabolism and resistance to oxidative stress	Harding HP, Zhang Y, Zeng H, et al.	2003		"Harding HP, Zhang Y, Zeng H, et al.. ""An integrated stress response regulates amino acid metabolism and resistance to oxidative stress"". Molecular Cell. 2003. PubMed: 12667446. doi:10.1016/S1097-2765(03)00105-9"
human_pten_pi3k_akt	PTEN–PI3K–AKT Tumor-Suppressor Homeostat	22473468	10.1038/nrm3330	The functions and regulation of the PTEN tumour suppressor	Song MS, Salmena L, Pandolfi PP	2012		"Song MS, Salmena L, Pandolfi PP. ""The functions and regulation of the PTEN tumour suppressor"". Nature Reviews Molecular Cell Biology. 2012. PubMed: 22473468. doi:10.1038/nrm3330"
human_rb_e2f_restriction_point	Rb–E2F Restriction-Point Switch	18364697	10.1038/ncb1711	A bistable Rb-E2F switch underlies the restriction point	Yao G, Lee TJ, Mori S, Nevins JR, You L	2008		"Yao G, Lee TJ, Mori S, Nevins JR, You L. ""A bistable Rb-E2F switch underlies the restriction point"". Nature Cell Biology. 2008. PubMed: 18364697. doi:10.1038/ncb1711"
human_rig_i_mavs_antiviral	RIG-I/MAVS Antiviral Switch	21782231	10.1016/j.cell.2011.06.041	MAVS forms functional prion-like aggregates to activate and propagate antiviral innate immune response	Hou F, Sun L, Zheng H, Skaug B, Jiang QX, Chen ZJ	2011		"Hou F, Sun L, Zheng H, Skaug B, Jiang QX, Chen ZJ. ""MAVS forms functional prion-like aggregates to activate and propagate antiviral innate immune response"". Cell. 2011. PubMed: 21782231. doi:10.1016/j.cell.2011.06.041"
human_rig_i_mavs_antiviral	RIG-I/MAVS Antiviral Switch	16125763	10.1016/j.cell.2005.08.012	Identification and characterization of MAVS, a mitochondrial antiviral signaling protein that activates NF-κB and IRF3	Seth RB, Sun L, Ea CK, Chen ZJ	2005		"Seth RB, Sun L, Ea CK, Chen ZJ. ""Identification and characterization of MAVS, a mitochondrial antiviral signaling protein that activates NF-κB and IRF3"". Cell. 2005. PubMed: 16125763. doi:10.1016/j.cell.2005.08.012"
human_scl_tal1_hematopoietic_switch	SCL/TAL1 Hematopoietic Master Switch	8689686	10.1016/S0092-8674(00)80077-7	The T cell leukemia gene SCL/tal-1 is essential for generation of hematopoietic lineages	Porcher C, Swat W, Rockwell K, Fujiwara Y, Alt FW, Orkin SH	1996		"Porcher C, Swat W, Rockwell K, Fujiwara Y, Alt FW, Orkin SH. ""The T cell leukemia gene SCL/tal-1 is essential for generation of hematopoietic lineages"". Cell. 1996. PubMed: 8689686. doi:10.1016/S0092-8674(00)80077-7"
human_scl_tal1_hematopoietic_switch	SCL/TAL1 Hematopoietic Master Switch	21152004	10.1371/journal.pone.0015123	SCL/TAL1 is a major nuclear effector of the Notch/RBPJ pathway in thymocyte development	Lacombe MJ, Del Blanco B, Anguita E, et al.	2010		"Lacombe MJ, Del Blanco B, Anguita E, et al.. ""SCL/TAL1 is a major nuclear effector of the Notch/RBPJ pathway in thymocyte development"". PLoS ONE. 2010. PubMed: 21152004. doi:10.1371/journal.pone.0015123"
human_shh_gli	Sonic Hedgehog–GLI Morphogen Pathway	23719536	10.1038/nrm3598	The mechanisms of Hedgehog signalling and its roles in development and disease	Briscoe J, Thérond PP	2013		"Briscoe J, Thérond PP. ""The mechanisms of Hedgehog signalling and its roles in development and disease"". Nature Reviews Molecular Cell Biology. 2013. PubMed: 23719536. doi:10.1038/nrm3598"
human_snail_mir34_emt	SNAIL/miR-34 EMT Switch	22134354	10.4161/cc.10.24.18552	miR-34 and SNAIL form a double-negative feedback loop to regulate epithelial-mesenchymal transition	Siemens H, Jackstadt R, Hünten S, et al.	2011		"Siemens H, Jackstadt R, Hünten S, et al.. ""miR-34 and SNAIL form a double-negative feedback loop to regulate epithelial-mesenchymal transition"". Cell Cycle. 2011. PubMed: 22134354. doi:10.4161/cc.10.24.18552"
human_tbet_gata3_th1_th2	T-bet–GATA3 Th1/Th2 Lineage Switch	10761931	10.1016/S0092-8674(00)80702-3	A novel transcription factor, T-bet, directs Th1 lineage commitment	Szabo SJ, Kim ST, Costa GL, Zhang X, Fathman CG, Glimcher LH	2000		"Szabo SJ, Kim ST, Costa GL, Zhang X, Fathman CG, Glimcher LH. ""A novel transcription factor, T-bet, directs Th1 lineage commitment"". Cell. 2000. PubMed: 10761931. doi:10.1016/S0092-8674(00)80702-3"
human_tgfbeta_smad	TGF-β–SMAD Signaling with SMAD7 Feedback	22992590	10.1038/nrm3434	TGFβ signalling in context	Massagué J	2012		"Massagué J. ""TGFβ signalling in context"". Nature Reviews Molecular Cell Biology. 2012. PubMed: 22992590. doi:10.1038/nrm3434"
human_tlr4_lps_amplification	TLR4/LPS Inflammatory Amplifier	16166565	10.1126/science.1112304	Achieving stability of lipopolysaccharide-induced NF-κB activation	Covert MW, Leung TH, Gaston JE, Baltimore D	2005		"Covert MW, Leung TH, Gaston JE, Baltimore D. ""Achieving stability of lipopolysaccharide-induced NF-κB activation"". Science. 2005. PubMed: 16166565. doi:10.1126/science.1112304"
human_tlr4_lps_amplification	TLR4/LPS Inflammatory Amplifier	16269512	10.1126/stke.2872005pe14	NF-κB survival pathways and the inflammatory response	Werner SL, Barken D, Hoffmann A	2005		"Werner SL, Barken D, Hoffmann A. ""NF-κB survival pathways and the inflammatory response"". Science Signaling. 2005. PubMed: 16269512. doi:10.1126/stke.2872005pe14"
human_tnf_survival_death_decision	TNF Survival-vs-Death Decision Switch	12887920	10.1016/S0092-8674(03)00521-X	Induction of TNF receptor I-mediated apoptosis via two sequential signaling complexes	Micheau O, Tschopp J	2003		"Micheau O, Tschopp J. ""Induction of TNF receptor I-mediated apoptosis via two sequential signaling complexes"". Cell. 2003. PubMed: 12887920. doi:10.1016/S0092-8674(03)00521-X"
human_vhl_hif_oxygen_sensing	VHL–HIF Oxygen-Sensing Homeostat	18498744	10.1016/j.molcel.2008.04.009	Oxygen sensing by metazoans: the central role of the HIF hydroxylase pathway	Kaelin WG Jr, Ratcliffe PJ	2008		"Kaelin WG Jr, Ratcliffe PJ. ""Oxygen sensing by metazoans: the central role of the HIF hydroxylase pathway"". Molecular Cell. 2008. PubMed: 18498744. doi:10.1016/j.molcel.2008.04.009"
human_wnt_beta_catenin	Wnt–β-catenin Destruction-Complex Switch	22682243	10.1016/j.cell.2012.05.012	Wnt/β-catenin signaling and disease	Clevers H, Nusse R	2012		"Clevers H, Nusse R. ""Wnt/β-catenin signaling and disease"". Cell. 2012. PubMed: 22682243. doi:10.1016/j.cell.2012.05.012"
mouse_gata1_spi1_switch	Mouse GATA1–SPI1 Hematopoietic Switch	17510284	10.1101/gad.1522707	PU.1 induces the commitment of multipotent progenitors to the myeloid lineage	Nerlov C, Graf T	2007		"Nerlov C, Graf T. ""PU.1 induces the commitment of multipotent progenitors to the myeloid lineage"". Genes & Development. 2007. PubMed: 17510284. doi:10.1101/gad.1522707"
mouse_gata1_spi1_switch	Mouse GATA1–SPI1 Hematopoietic Switch	17412320	10.1016/j.ydbio.2007.02.036	Bifurcation dynamics in lineage-commitment in bipotent progenitor cells	Huang S, Guo YP, May G, Enver T	2007		"Huang S, Guo YP, May G, Enver T. ""Bifurcation dynamics in lineage-commitment in bipotent progenitor cells"". Developmental Biology. 2007. PubMed: 17412320. doi:10.1016/j.ydbio.2007.02.036"
mouse_p53_mdm2_oscillator	Mouse p53–Mdm2 Oscillator	14730303	10.1038/ng1293	Dynamics of the p53-Mdm2 feedback loop in individual cells	Lahav G, Rosenfeld N, Sigal A, et al.	2004		"Lahav G, Rosenfeld N, Sigal A, et al.. ""Dynamics of the p53-Mdm2 feedback loop in individual cells"". Nature Genetics. 2004. PubMed: 14730303. doi:10.1038/ng1293"
mouse_p53_mdm2_oscillator	Mouse p53–Mdm2 Oscillator	16773083	10.1038/msb4100068	Oscillations and variability in the p53 system	Geva-Zatorsky N, Rosenfeld N, Itzkovitz S, et al.	2006		"Geva-Zatorsky N, Rosenfeld N, Itzkovitz S, et al.. ""Oscillations and variability in the p53 system"". Molecular Systems Biology. 2006. PubMed: 16773083. doi:10.1038/msb4100068"
mouse_sox2_oct4_pluripotency	Mouse Sox2–Oct4 Pluripotency Switch	17908933	10.1101/gad.1583407	Pluripotency governed by Sox2 via regulation of Oct3/4 expression in mouse embryonic stem cells	Masui S, Nakatake Y, Toyooka Y, et al.	2007		"Masui S, Nakatake Y, Toyooka Y, et al.. ""Pluripotency governed by Sox2 via regulation of Oct3/4 expression in mouse embryonic stem cells"". Genes & Development. 2007. PubMed: 17908933. doi:10.1101/gad.1583407"
mouse_sox2_oct4_pluripotency	Mouse Sox2–Oct4 Pluripotency Switch	10742100	10.1038/74199	Quantitative expression of Oct-3/4 defines differentiation, dedifferentiation or self-renewal of ES cells	Niwa H, Miyazaki J, Smith AG	2000		"Niwa H, Miyazaki J, Smith AG. ""Quantitative expression of Oct-3/4 defines differentiation, dedifferentiation or self-renewal of ES cells"". Nature Genetics. 2000. PubMed: 10742100. doi:10.1038/74199"
synthetic_5node_repressilator	Five-Repressor Ring Oscillator	10659856	10.1038/35002125	A synthetic oscillatory network of transcriptional regulators	Elowitz MB, Leibler S	2000		"Elowitz MB, Leibler S. ""A synthetic oscillatory network of transcriptional regulators"". Nature. 2000. PubMed: 10659856. doi:10.1038/35002125"
synthetic_5node_repressilator	Five-Repressor Ring Oscillator	27732583	10.1038/nature19841	Synchronous long-term oscillations in a synthetic gene circuit	Potvin-Trottier L, Lord ND, Vinnicombe G, Paulsson J	2016		"Potvin-Trottier L, Lord ND, Vinnicombe G, Paulsson J. ""Synchronous long-term oscillations in a synthetic gene circuit"". Nature. 2016. PubMed: 27732583. doi:10.1038/nature19841"
synthetic_and_gate	Transcriptional AND Gate (hrpR/hrpS)	22009040	10.1038/ncomms1516	Engineering modular and orthogonal genetic logic gates for robust digital-like synthetic biology	Wang B, Kitney RI, Joly N, Buck M	2011		"Wang B, Kitney RI, Joly N, Buck M. ""Engineering modular and orthogonal genetic logic gates for robust digital-like synthetic biology"". Nature Communications. 2011. PubMed: 22009040. doi:10.1038/ncomms1516"
synthetic_antithetic_integral_feedback	Antithetic Integral-Feedback Controller	27136686	10.1016/j.cels.2016.01.004	Antithetic integral feedback ensures robust perfect adaptation in noisy biomolecular networks	Briat C, Gupta A, Khammash M	2016		"Briat C, Gupta A, Khammash M. ""Antithetic integral feedback ensures robust perfect adaptation in noisy biomolecular networks"". Cell Systems. 2016. PubMed: 27136686. doi:10.1016/j.cels.2016.01.004"
synthetic_antithetic_integral_feedback	Antithetic Integral-Feedback Controller	31217585	10.1038/s41586-019-1321-1	A universal biomolecular integral feedback controller for robust perfect adaptation	Aoki SK, Lillacci G, Gupta A, Baumschlager A, Schweingruber D, Khammash M	2019		"Aoki SK, Lillacci G, Gupta A, Baumschlager A, Schweingruber D, Khammash M. ""A universal biomolecular integral feedback controller for robust perfect adaptation"". Nature. 2019. PubMed: 31217585. doi:10.1038/s41586-019-1321-1"
synthetic_atkinson_oscillator	Atkinson Relaxation Oscillator	12787501	10.1016/S0092-8674(03)00346-5	Development of genetic circuitry exhibiting toggle switch or oscillatory behavior in Escherichia coli	Atkinson MR, Savageau MA, Myers JT, Ninfa AJ	2003		"Atkinson MR, Savageau MA, Myers JT, Ninfa AJ. ""Development of genetic circuitry exhibiting toggle switch or oscillatory behavior in Escherichia coli"". Cell. 2003. PubMed: 12787501. doi:10.1016/S0092-8674(03)00346-5"
synthetic_band_detector	Band-Pass / Edge Detector (Basu 2005)	15858574	10.1038/nature03461	A synthetic multicellular system for programmed pattern formation	Basu S, Gerchman Y, Collins CH, Arnold FH, Weiss R	2005		"Basu S, Gerchman Y, Collins CH, Arnold FH, Weiss R. ""A synthetic multicellular system for programmed pattern formation"". Nature. 2005. PubMed: 15858574. doi:10.1038/nature03461"
synthetic_burden_feedback_controller	Capacity/Burden Feedback Controller	29578536	10.1038/nmeth.4635	Burden-driven feedback control of gene expression	Ceroni F, Boo A, Furini S, et al.	2018		"Ceroni F, Boo A, Furini S, et al.. ""Burden-driven feedback control of gene expression"". Nature Methods. 2018. PubMed: 29578536. doi:10.1038/nmeth.4635"
synthetic_coherent_ffl	Coherent Feed-Forward Loop (type-1, AND)	14530388	10.1073/pnas.2133841100	Structure and function of the feed-forward loop network motif	Mangan S, Alon U	2003		"Mangan S, Alon U. ""Structure and function of the feed-forward loop network motif"". PNAS. 2003. PubMed: 14530388. doi:10.1073/pnas.2133841100"
synthetic_coherent_ffl	Coherent Feed-Forward Loop (type-1, AND)	14607112	10.1016/j.jmb.2003.09.049	The coherent feedforward loop serves as a sign-sensitive delay element in transcription networks	Mangan S, Zaslaver A, Alon U	2003		"Mangan S, Zaslaver A, Alon U. ""The coherent feedforward loop serves as a sign-sensitive delay element in transcription networks"". Journal of Molecular Biology. 2003. PubMed: 14607112. doi:10.1016/j.jmb.2003.09.049"
synthetic_consortium_logic	Distributed Multicellular Consortium Logic	21150903	10.1038/nature09565	Robust multicellular computing using genetically encoded NOR gates and chemical wires	Tamsir A, Tabor JJ, Voigt CA	2011		"Tamsir A, Tabor JJ, Voigt CA. ""Robust multicellular computing using genetically encoded NOR gates and chemical wires"". Nature. 2011. PubMed: 21150903. doi:10.1038/nature09565"
synthetic_crispr_recorder	CRISPR DNA Event Recorder	25395541	10.1126/science.1256272	Genomically encoded analog memory with precise in vivo DNA writing in living cell populations	Farzadfard F, Lu TK	2014		"Farzadfard F, Lu TK. ""Genomically encoded analog memory with precise in vivo DNA writing in living cell populations"". Science. 2014. PubMed: 25395541. doi:10.1126/science.1256272"
synthetic_crispr_recorder	CRISPR DNA Event Recorder	31302002	10.1016/j.molcel.2019.07.011	Single-nucleotide-resolution computing and memory in living cells (DOMINO)	Farzadfard F, Gharaei N, Higashikuni Y, et al.	2019		"Farzadfard F, Gharaei N, Higashikuni Y, et al.. ""Single-nucleotide-resolution computing and memory in living cells (DOMINO)"". Molecular Cell. 2019. PubMed: 31302002. doi:10.1016/j.molcel.2019.07.011"
synthetic_crispra_layered_logic	CRISPRa Layered Activation Logic	25730490	10.1038/nmeth.3312	Highly efficient Cas9-mediated transcriptional programming	Chavez A, Scheiman J, Vora S, Pruitt BW, Tuttle M, E PRI E, Lin S, Kiani S, Guzman CD, Wiegand DJ, Ter-Ovanesyan D, Braff JL, Davidsohn N, Housden BE, Perrimon N, Weiss R, Aach J, Collins JJ, Church GM	2015		"Chavez A, Scheiman J, Vora S, Pruitt BW, Tuttle M, E PRI E, Lin S, Kiani S, Guzman CD, Wiegand DJ, Ter-Ovanesyan D, Braff JL, Davidsohn N, Housden BE, Perrimon N, Weiss R, Aach J, Collins JJ, Church GM. ""Highly efficient Cas9-mediated transcriptional programming"". Nature Methods. 2015. PubMed: 25730490. doi:10.1038/nmeth.3312"
synthetic_crispra_layered_logic	CRISPRa Layered Activation Logic	23890179	10.1016/j.cell.2013.06.044	CRISPR-mediated modular RNA-guided regulation of transcription in eukaryotes	Gilbert LA, Larson MH, Morsut L, Liu Z, Brar GA, Torres SE, Stern-Ginossar N, Brandman O, Whitehead EH, Doudna JA, Lim WA, Weissman JS, Qi LS	2013		"Gilbert LA, Larson MH, Morsut L, Liu Z, Brar GA, Torres SE, Stern-Ginossar N, Brandman O, Whitehead EH, Doudna JA, Lim WA, Weissman JS, Qi LS. ""CRISPR-mediated modular RNA-guided regulation of transcription in eukaryotes"". Cell. 2013. PubMed: 23890179. doi:10.1016/j.cell.2013.06.044"
synthetic_crispri_toggle	CRISPRi Mutual-Repression Toggle	32488086	10.1038/s41467-020-16574-1	Multistable and dynamic CRISPRi-based synthetic circuits	Santos-Moreno J, Tasiudi E, Stelling J, Schaerli Y	2020		"Santos-Moreno J, Tasiudi E, Stelling J, Schaerli Y. ""Multistable and dynamic CRISPRi-based synthetic circuits"". Nature Communications. 2020. PubMed: 32488086. doi:10.1038/s41467-020-16574-1"
synthetic_dcas9_logic	CRISPR-dCas9 Programmable Logic	28526819	10.1038/ncomms15459	Digital logic circuits in yeast with CRISPR-dCas9 NOR gates	Gander MW, Vrana JD, Voje WE, Carothers JM, Klavins E	2017		"Gander MW, Vrana JD, Voje WE, Carothers JM, Klavins E. ""Digital logic circuits in yeast with CRISPR-dCas9 NOR gates"". Nature Communications. 2017. PubMed: 28526819. doi:10.1038/ncomms15459"
synthetic_edge_detector	Multicellular Edge Detector	19563759	10.1016/j.cell.2009.04.048	A synthetic genetic edge detection program	Tabor JJ, Salis HM, Simpson ZB, et al.	2009		"Tabor JJ, Salis HM, Simpson ZB, et al.. ""A synthetic genetic edge detection program"". Cell. 2009. PubMed: 19563759. doi:10.1016/j.cell.2009.04.048"
synthetic_fold_change_detector	Incoherent-FFL Fold-Change Detector	20005851	10.1016/j.molcel.2009.11.018	The incoherent feedforward loop can provide fold-change detection in gene regulation	Goentoro L, Shoval O, Kirschner MW, Alon U	2009		"Goentoro L, Shoval O, Kirschner MW, Alon U. ""The incoherent feedforward loop can provide fold-change detection in gene regulation"". Molecular Cell. 2009. PubMed: 20005851. doi:10.1016/j.molcel.2009.11.018"
synthetic_incoherent_ffl	Incoherent Feed-Forward Loop (type-1, pulse)	14530388	10.1073/pnas.2133841100	Structure and function of the feed-forward loop network motif	Mangan S, Alon U	2003		"Mangan S, Alon U. ""Structure and function of the feed-forward loop network motif"". PNAS. 2003. PubMed: 14530388. doi:10.1073/pnas.2133841100"
synthetic_incoherent_ffl	Incoherent Feed-Forward Loop (type-1, pulse)	15096621	10.1073/pnas.0307571101	Spatiotemporal control of gene expression with pulse-generating networks	Basu S, Mehreja R, Thiberge S, Chen MT, Weiss R	2004		"Basu S, Mehreja R, Thiberge S, Chen MT, Weiss R. ""Spatiotemporal control of gene expression with pulse-generating networks"". PNAS. 2004. PubMed: 15096621. doi:10.1073/pnas.0307571101"
synthetic_integrase_memory	Integrase Recombinase Permanent Memory	22615351	10.1073/pnas.1202344109	Rewritable digital data storage in live cells via engineered control of recombination directionality	Bonnet J, Subsoontorn P, Endy D	2012		"Bonnet J, Subsoontorn P, Endy D. ""Rewritable digital data storage in live cells via engineered control of recombination directionality"". PNAS. 2012. PubMed: 22615351. doi:10.1073/pnas.1202344109"
synthetic_integrase_memory	Integrase Recombinase Permanent Memory	23396014	10.1038/nbt.2510	Synthetic circuits integrating logic and memory in living cells	Siuti P, Yazbek J, Lu TK	2013		"Siuti P, Yazbek J, Lu TK. ""Synthetic circuits integrating logic and memory in living cells"". Nature Biotechnology. 2013. PubMed: 23396014. doi:10.1038/nbt.2510"
synthetic_layered_nor_cascade	Layered NOR Logic Cascade (Cello)	27034378	10.1126/science.aac7341	Genetic circuit design automation	Nielsen AAK, Der BS, Shin J, et al.	2016		"Nielsen AAK, Der BS, Shin J, et al.. ""Genetic circuit design automation"". Science. 2016. PubMed: 27034378. doi:10.1126/science.aac7341"
synthetic_light_sensor	Light Sensor (Bacterial Photography)	16306980	10.1038/nature04405	Synthetic biology: engineering Escherichia coli to see light	Levskaya A, Chevalier AA, Tabor JJ, et al.	2005		"Levskaya A, Chevalier AA, Tabor JJ, et al.. ""Synthetic biology: engineering Escherichia coli to see light"". Nature. 2005. PubMed: 16306980. doi:10.1038/nature04405"
synthetic_metabolator	Metabolator (synthetic metabolic oscillator)	15875027	10.1038/nature03508	A synthetic gene-metabolic oscillator	Fung E, Wong WW, Suen JK, Bulter T, Lee SG, Liao JC	2005		"Fung E, Wong WW, Suen JK, Bulter T, Lee SG, Liao JC. ""A synthetic gene-metabolic oscillator"". Nature. 2005. PubMed: 15875027. doi:10.1038/nature03508"
synthetic_mutual_activation_bistable	Double-Positive Mutual-Activation Switch	10659857	10.1038/35002131	Construction of a genetic toggle switch in Escherichia coli	Gardner TS, Cantor CR, Collins JJ	2000		"Gardner TS, Cantor CR, Collins JJ. ""Construction of a genetic toggle switch in Escherichia coli"". Nature. 2000. PubMed: 10659857. doi:10.1038/35002131"
synthetic_negative_autoregulation	Negative Autoregulation (NAR motif)	12417193	10.1016/S0022-2836(02)00994-4	Negative autoregulation speeds the response times of transcription networks	Rosenfeld N, Elowitz MB, Alon U	2002		"Rosenfeld N, Elowitz MB, Alon U. ""Negative autoregulation speeds the response times of transcription networks"". Journal of Molecular Biology. 2002. PubMed: 12417193. doi:10.1016/S0022-2836(02)00994-4"
synthetic_negative_autoregulation	Negative Autoregulation (NAR motif)	10850721	10.1038/35014651	Engineering stability in gene networks by autoregulation	Becskei A, Serrano L	2000		"Becskei A, Serrano L. ""Engineering stability in gene networks by autoregulation"". Nature. 2000. PubMed: 10850721. doi:10.1038/35014651"
synthetic_nor_gate	Transcriptional NOR Gate	21150903	10.1038/nature09565	Robust multicellular computing using genetically encoded NOR gates and chemical 'wires'	Tamsir A, Tabor JJ, Voigt CA	2011		"Tamsir A, Tabor JJ, Voigt CA. ""Robust multicellular computing using genetically encoded NOR gates and chemical 'wires'"". Nature. 2011. PubMed: 21150903. doi:10.1038/nature09565"
synthetic_optogenetic_toggle	Optogenetic Bistable Toggle (Light Memory)	10659857	10.1038/35002131	Construction of a genetic toggle switch in Escherichia coli	Gardner TS, Cantor CR, Collins JJ	2000		"Gardner TS, Cantor CR, Collins JJ. ""Construction of a genetic toggle switch in Escherichia coli"". Nature. 2000. PubMed: 10659857. doi:10.1038/35002131"
synthetic_optogenetic_toggle	Optogenetic Bistable Toggle (Light Memory)	19801976	10.1038/nbt.1569	Induction of protein-protein interactions in live cells using light	Yazawa M, Sadaghiani AM, Hsueh B, Dolmetsch RE	2009		"Yazawa M, Sadaghiani AM, Hsueh B, Dolmetsch RE. ""Induction of protein-protein interactions in live cells using light"". Nature Biotechnology. 2009. PubMed: 19801976. doi:10.1038/nbt.1569"
synthetic_or_gate	Transcriptional OR Gate (tandem promoters)	21150903	10.1038/nature09565	Robust multicellular computing using genetically encoded NOR gates and chemical 'wires'	Tamsir A, Tabor JJ, Voigt CA	2011		"Tamsir A, Tabor JJ, Voigt CA. ""Robust multicellular computing using genetically encoded NOR gates and chemical 'wires'"". Nature. 2011. PubMed: 21150903. doi:10.1038/nature09565"
synthetic_phosphorelay_and	Phosphorelay AND Gate	16330045	10.1016/j.jmb.2005.10.076	Environmentally controlled invasion of cancer cells by engineered bacteria	Anderson JC, Clarke EJ, Arkin AP, Voigt CA	2006		"Anderson JC, Clarke EJ, Arkin AP, Voigt CA. ""Environmentally controlled invasion of cancer cells by engineered bacteria"". Journal of Molecular Biology. 2006. PubMed: 16330045. doi:10.1016/j.jmb.2005.10.076"
synthetic_population_control	Quorum-Sensing Population Control (You 2004)	15064770	10.1038/nature02491	Programmed population control by cell-cell communication and regulated killing	You L, Cox RS 3rd, Weiss R, Arnold FH	2004		"You L, Cox RS 3rd, Weiss R, Arnold FH. ""Programmed population control by cell-cell communication and regulated killing"". Nature. 2004. PubMed: 15064770. doi:10.1038/nature02491"
synthetic_positive_autoregulation	Positive Autoregulation (PAR motif)	11350942	10.1093/emboj/20.10.2528	Positive feedback in eukaryotic gene networks: cell differentiation by graded to binary response conversion	Becskei A, Séraphin B, Serrano L	2001		"Becskei A, Séraphin B, Serrano L. ""Positive feedback in eukaryotic gene networks: cell differentiation by graded to binary response conversion"". EMBO Journal. 2001. PubMed: 11350942. doi:10.1093/emboj/20.10.2528"
synthetic_positive_autoregulation	Positive Autoregulation (PAR motif)	16701695	10.1016/j.jmb.2006.03.064	Regulatory dynamics of synthetic gene networks with positive feedback	Maeda YT, Sano M	2006		"Maeda YT, Sano M. ""Regulatory dynamics of synthetic gene networks with positive feedback"". Journal of Molecular Biology. 2006. PubMed: 16701695. doi:10.1016/j.jmb.2006.03.064"
synthetic_protease_and_gate	Protease-Based Post-Translational AND Gate	17715057	10.1073/pnas.0703961104	A modular and extensible RNA-based gene-regulatory platform for engineering cellular function	Win MN, Smolke CD	2007		"Win MN, Smolke CD. ""A modular and extensible RNA-based gene-regulatory platform for engineering cellular function"". PNAS. 2007. PubMed: 17715057. doi:10.1073/pnas.0703961104"
synthetic_recombinase_counter	Recombinase DNA Counter / State Machine	19478183	10.1126/science.1172005	Synthetic gene networks that count	Friedland AE, Lu TK, Wang X, Shi D, Church G, Collins JJ	2009		"Friedland AE, Lu TK, Wang X, Shi D, Church G, Collins JJ. ""Synthetic gene networks that count"". Science. 2009. PubMed: 19478183. doi:10.1126/science.1172005"
synthetic_recombinase_counter	Recombinase DNA Counter / State Machine	27463678	10.1126/science.aad8559	Synthetic recombinase-based state machines in living cells	Roquet N, Soleimany AP, Ferris AC, Aaronson S, Lu TK	2016		"Roquet N, Soleimany AP, Ferris AC, Aaronson S, Lu TK. ""Synthetic recombinase-based state machines in living cells"". Science. 2016. PubMed: 27463678. doi:10.1126/science.aad8559"
synthetic_repressilator	Repressilator (3-repressor ring oscillator)	10659856	10.1038/35002125	A synthetic oscillatory network of transcriptional regulators	Elowitz MB, Leibler S	2000		"Elowitz MB, Leibler S. ""A synthetic oscillatory network of transcriptional regulators"". Nature. 2000. PubMed: 10659856. doi:10.1038/35002125"
synthetic_rna_attenuator	RNA Transcriptional Attenuator Logic	21555549	10.1073/pnas.1015741108	Versatile RNA-sensing transcriptional regulators for engineering genetic networks	Lucks JB, Qi L, Mutalik VK, Wang D, Arkin AP	2011		"Lucks JB, Qi L, Mutalik VK, Wang D, Arkin AP. ""Versatile RNA-sensing transcriptional regulators for engineering genetic networks"". PNAS. 2011. PubMed: 21555549. doi:10.1073/pnas.1015741108"
synthetic_sender_receiver_qs	Sender–Receiver Quorum-Sensing Relay	15858574	10.1038/nature03461	A synthetic multicellular system for programmed pattern formation	Basu S, Gerchman Y, Collins CH, Arnold FH, Weiss R	2005		"Basu S, Gerchman Y, Collins CH, Arnold FH, Weiss R. ""A synthetic multicellular system for programmed pattern formation"". Nature. 2005. PubMed: 15858574. doi:10.1038/nature03461"
synthetic_stricker_oscillator	Stricker Fast Dual-Feedback Oscillator	18971928	10.1038/nature07389	A fast, robust and tunable synthetic gene oscillator	Stricker J, Cookson S, Bennett MR, Mather WH, Tsimring LS, Hasty J	2008		"Stricker J, Cookson S, Bennett MR, Mather WH, Tsimring LS, Hasty J. ""A fast, robust and tunable synthetic gene oscillator"". Nature. 2008. PubMed: 18971928. doi:10.1038/nature07389"
synthetic_synchronized_qs_oscillator	Synchronized Quorum-of-Clocks Oscillator	20090747	10.1038/nature08753	A synchronized quorum of genetic clocks	Danino T, Mondragón-Palomino O, Tsimring L, Hasty J	2010		"Danino T, Mondragón-Palomino O, Tsimring L, Hasty J. ""A synchronized quorum of genetic clocks"". Nature. 2010. PubMed: 20090747. doi:10.1038/nature08753"
synthetic_theophylline_riboswitch	Theophylline Riboswitch (ligand-gated translation)	15479073	10.1021/ja048634j	Genetic screens and selections for small molecules based on a synthetic riboswitch that activates protein translation	Desai SK, Gallivan JP	2004		"Desai SK, Gallivan JP. ""Genetic screens and selections for small molecules based on a synthetic riboswitch that activates protein translation"". Journal of the American Chemical Society. 2004. PubMed: 15479073. doi:10.1021/ja048634j"
synthetic_three_input_and	Three-Input Transcriptional AND Gate	23041931	10.1038/nature11516	Genetic programs constructed from layered logic gates in single cells	Moon TS, Lou C, Tamsir A, Stanton BC, Voigt CA	2012		"Moon TS, Lou C, Tamsir A, Stanton BC, Voigt CA. ""Genetic programs constructed from layered logic gates in single cells"". Nature. 2012. PubMed: 23041931. doi:10.1038/nature11516"
synthetic_toehold_riboregulator	Toehold Switch Riboregulator	25417166	10.1016/j.cell.2014.10.002	Toehold switches: de-novo-designed regulators of gene expression	Green AA, Silver PA, Collins JJ, Yin P	2014		"Green AA, Silver PA, Collins JJ, Yin P. ""Toehold switches: de-novo-designed regulators of gene expression"". Cell. 2014. PubMed: 25417166. doi:10.1016/j.cell.2014.10.002"
synthetic_toggle_switch	Genetic Toggle Switch (Gardner-Collins)	10659857	10.1038/35002131	Construction of a genetic toggle switch in Escherichia coli	Gardner TS, Cantor CR, Collins JJ	2000		"Gardner TS, Cantor CR, Collins JJ. ""Construction of a genetic toggle switch in Escherichia coli"". Nature. 2000. PubMed: 10659857. doi:10.1038/35002131"
synthetic_xor_gate	Recombinase Boolean XOR Gate	23539178	10.1126/science.1232758	Amplifying genetic logic gates	Bonnet J, Yin P, Ortiz ME, Subsoontorn P, Endy D	2013		"Bonnet J, Yin P, Ortiz ME, Subsoontorn P, Endy D. ""Amplifying genetic logic gates"". Science. 2013. PubMed: 23539178. doi:10.1126/science.1232758"
yeast_autophagy	Yeast Autophagy	33197221		Autophagy genes in biology and disease	Levine B	2021		"Levine B. ""Autophagy genes in biology and disease"". Annual review of pathology. 2021. PubMed: 33197221"
yeast_autophagy	Yeast Autophagy	21157483		Molecular mechanism and physiological functions of autophagy	Mizushima N	2011		"Mizushima N. ""Molecular mechanism and physiological functions of autophagy"". Nature reviews. Molecular cell biology. 2011. PubMed: 21157483"
yeast_autophagy	Yeast Autophagy	18957687		The molecular machinery of autophagy: unanswered questions	Xie Z	2008		"Xie Z. ""The molecular machinery of autophagy: unanswered questions"". Journal of cell science. 2008. PubMed: 18957687"
yeast_autophagy	Yeast Autophagy	1730745		Autophagy in yeast demonstrated with proteinase-deficient mutants and conditions for its induction	Takeshige K	1992		"Takeshige K. ""Autophagy in yeast demonstrated with proteinase-deficient mutants and conditions for its induction"". The Journal of cell biology. 1992. PubMed: 1730745"
yeast_cell_cycle_control	Cell Cycle Control and CDK Regulation	9220155	10.1126/science.276.5315.1886	Cyclins and cell cycle checkpoints	Nurse P	1997		"Nurse P. ""Cyclins and cell cycle checkpoints"". Science. 1997. PubMed: 9220155. doi:10.1126/science.276.5315.1886"
yeast_cell_cycle_control	Cell Cycle Control and CDK Regulation	15653074	10.1016/j.tcb.2004.11.007	Control of the eukaryotic cell cycle by MAP kinase signaling pathways	Qi M, Elion EA	2005		"Qi M, Elion EA. ""Control of the eukaryotic cell cycle by MAP kinase signaling pathways"". Trends in Cell Biology. 2005. PubMed: 15653074. doi:10.1016/j.tcb.2004.11.007"
yeast_cell_cycle_control	Cell Cycle Control and CDK Regulation	9442875	10.1146/annurev.cellbio.13.1.261	The regulation of CDK activity in budding yeast	Morgan DO	1997		"Morgan DO. ""The regulation of CDK activity in budding yeast"". Annual Review of Cell and Developmental Biology. 1997. PubMed: 9442875. doi:10.1146/annurev.cellbio.13.1.261"
yeast_cell_cycle_control	Cell Cycle Control and CDK Regulation	16896351	10.1038/nrm1973	Mechanisms and functions of the anaphase promoting complex/cyclosome	Peters JM	2006		"Peters JM. ""Mechanisms and functions of the anaphase promoting complex/cyclosome"". Nature Reviews Molecular Cell Biology. 2006. PubMed: 16896351. doi:10.1038/nrm1973"
yeast_cell_cycle_control	Cell Cycle Control and CDK Regulation	17426725	10.1038/nrm2163	The spindle assembly checkpoint	Musacchio A, Salmon ED	2007		"Musacchio A, Salmon ED. ""The spindle assembly checkpoint"". Nature Reviews Molecular Cell Biology. 2007. PubMed: 17426725. doi:10.1038/nrm2163"
yeast_cell_wall_integrity	Cell Wall Integrity (CWI) Pathway and Pkc1 Signaling	16339739	10.1128/MMBR.69.4.262-291.2005	The cell wall integrity pathway in yeast	Levin DE	2005		"Levin DE. ""The cell wall integrity pathway in yeast"". Microbiol Mol Biol Rev. 2005. PubMed: 16339739. doi:10.1128/MMBR.69.4.262-291.2005"
yeast_chromatin_silencing	Chromatin Silencing at Telomeres and HM Loci	12676795	10.1146/annurev.biochem.72.121801.161547	Silencing in yeast	Rusche LN, Kirchmaier AL, Rine J	2003		"Rusche LN, Kirchmaier AL, Rine J. ""Silencing in yeast"". Annu Rev Biochem. 2003. PubMed: 12676795. doi:10.1146/annurev.biochem.72.121801.161547"
yeast_er_stress_response	ER Stress Response and Unfolded Protein Response	19762341	10.1093/jb/mvp166	The unfolded protein response in yeast	Mori K	2009		"Mori K. ""The unfolded protein response in yeast"". J Biochem. 2009. PubMed: 19762341. doi:10.1093/jb/mvp166"
yeast_gal_bistable_switch	Galactose Network Bistable Switch (GAL)	15889097	10.1038/nature03524	Enhancement of cellular memory by reducing stochastic transitions	Acar M, Becskei A, van Oudenaarden A	2005		"Acar M, Becskei A, van Oudenaarden A. ""Enhancement of cellular memory by reducing stochastic transitions"". Nature. 2005. PubMed: 15889097. doi:10.1038/nature03524"
yeast_gal_regulation	GAL Gene Regulation	8196626	10.1128/mcb.14.6.3834	Multiple mechanisms provide rapid and stringent glucose repression of GAL gene expression in Saccharomyces cerevisiae	Johnston M, Flick JS, Pexton T	1994		"Johnston M, Flick JS, Pexton T. ""Multiple mechanisms provide rapid and stringent glucose repression of GAL gene expression in Saccharomyces cerevisiae"". Molecular and Cellular Biology. 1994. PubMed: 8196626. doi:10.1128/mcb.14.6.3834"
yeast_gal_regulation	GAL Gene Regulation	7601342	10.1096/fasebj.9.9.7601342	Transcriptional regulation in the yeast GAL gene family: a complex genetic network	Lohr D, Venkov P, Zlatanova J	1995		"Lohr D, Venkov P, Zlatanova J. ""Transcriptional regulation in the yeast GAL gene family: a complex genetic network"". FASEB Journal. 1995. PubMed: 7601342. doi:10.1096/fasebj.9.9.7601342"
yeast_gal_regulation	GAL Gene Regulation	9670023	10.1093/emboj/17.14.4086	The yeast galactose genetic switch is mediated by the formation of a Gal4p-Gal80p-Gal3p complex	Platt A, Reece RJ	1998		"Platt A, Reece RJ. ""The yeast galactose genetic switch is mediated by the formation of a Gal4p-Gal80p-Gal3p complex"". EMBO Journal. 1998. PubMed: 9670023. doi:10.1093/emboj/17.14.4086"
yeast_gal_regulation	GAL Gene Regulation	18779058	10.1016/S1937-6448(08)01003-4	Galactose metabolism in yeast - structure and regulation of the Leloir pathway enzymes and the genes encoding them	Sellick CA, Campbell RN, Reece RJ	2008		"Sellick CA, Campbell RN, Reece RJ. ""Galactose metabolism in yeast - structure and regulation of the Leloir pathway enzymes and the genes encoding them"". International Review of Cell and Molecular Biology. 2008. PubMed: 18779058. doi:10.1016/S1937-6448(08)01003-4"
yeast_gcn4_starvation	Gcn4 Amino Acid Starvation Response (GAAC)	15677467	10.1074/jbc.R400025200	Translational control by the eIF2α kinase GCN2	Hinnebusch AG	2005		"Hinnebusch AG. ""Translational control by the eIF2α kinase GCN2"". J Biol Chem. 2005. PubMed: 15677467. doi:10.1074/jbc.R400025200"
yeast_glycolysis	Glycolysis and Glucose Metabolism	8426905	10.1016/0079-6107(93)90001-z	Evolution of glycolysis	Fothergill-Gilmore LA, Michels PA	1993		"Fothergill-Gilmore LA, Michels PA. ""Evolution of glycolysis"". Progress in Biophysics and Molecular Biology. 1993. PubMed: 8426905. doi:10.1016/0079-6107(93)90001-z"
yeast_glycolysis	Glycolysis and Glucose Metabolism			Catabolite repression mutants of yeast	Gancedo JM, Gancedo C	1986		"Gancedo JM, Gancedo C. ""Catabolite repression mutants of yeast"". FEMS Microbiology Reviews. 1986"
yeast_glycolysis	Glycolysis and Glucose Metabolism	9299703	10.1111/j.1574-6976.1997.tb00346.x	The molecular genetics of hexose transport in yeasts	Boles E, Hollenberg CP	1997		"Boles E, Hollenberg CP. ""The molecular genetics of hexose transport in yeasts"". FEMS Microbiology Reviews. 1997. PubMed: 9299703. doi:10.1111/j.1574-6976.1997.tb00346.x"
yeast_glycolysis	Glycolysis and Glucose Metabolism	20804724	10.1016/j.bbabio.2010.08.010	The Warburg and Crabtree effects: On the origin of cancer cell energy metabolism and of yeast glucose repression	Diaz-Ruiz R, Rigoulet M, Devin A	2011		"Diaz-Ruiz R, Rigoulet M, Devin A. ""The Warburg and Crabtree effects: On the origin of cancer cell energy metabolism and of yeast glucose repression"". Biochimica et Biophysica Acta. 2011. PubMed: 20804724. doi:10.1016/j.bbabio.2010.08.010"
yeast_heat_shock_response	Heat Shock Response	28241148	10.1038/nature21695	Cytosolic proteostasis through importing of misfolded proteins into mitochondria.	Ruan L	2017		"Ruan L. ""Cytosolic proteostasis through importing of misfolded proteins into mitochondria."". Nature. 2017. PubMed: 28241148. doi:10.1038/nature21695"
yeast_heat_shock_response	Heat Shock Response	28283059	10.1016/j.cell.2017.02.027	Stress-Triggered Phase Separation Is an Adaptive, Evolutionarily Tuned Response.	Riback JA	2017		"Riback JA. ""Stress-Triggered Phase Separation Is an Adaptive, Evolutionarily Tuned Response."". Cell. 2017. PubMed: 28283059. doi:10.1016/j.cell.2017.02.027"
yeast_heat_shock_response	Heat Shock Response	35150808	10.1016/j.bbamcr.2022.119238	Glycerol 3-phosphate dehydrogenase regulates heat shock response in Saccharomyces cerevisiae.	Pallapati AR	2022		"Pallapati AR. ""Glycerol 3-phosphate dehydrogenase regulates heat shock response in Saccharomyces cerevisiae."". Biochimica et biophysica acta. Molecular cell research. 2022. PubMed: 35150808. doi:10.1016/j.bbamcr.2022.119238"
yeast_heat_shock_response	Heat Shock Response	28721857	10.1128/microbiolspec.FUNK-0048-201610.1128/microbiolspec.funk-0048-2016	Stress Adaptation.	Brown AJP	2017		"Brown AJP. ""Stress Adaptation."". Microbiology spectrum. 2017. PubMed: 28721857. doi:10.1128/microbiolspec.FUNK-0048-201610.1128/microbiolspec.funk-0048-2016"
yeast_hog_pathway	HOG Pathway (High Osmolarity Glycerol Response)	8391169	10.1126/science.8391169	The HOG pathway controls osmotic regulation in yeast	Brewster JL, de Valoir T, Dwyer ND, Winter E, Gustin MC	1993		"Brewster JL, de Valoir T, Dwyer ND, Winter E, Gustin MC. ""The HOG pathway controls osmotic regulation in yeast"". Science. 1993. PubMed: 8391169. doi:10.1126/science.8391169"
yeast_hog_pathway	HOG Pathway (High Osmolarity Glycerol Response)	8294554	10.1083/jcb.123.6.1305	Two redundant transmembrane mechanisms participate in yeast osmotic stress sensing	Maeda T, Wurgler-Murphy SM, Saito H	1994		"Maeda T, Wurgler-Murphy SM, Saito H. ""Two redundant transmembrane mechanisms participate in yeast osmotic stress sensing"". J Cell Biol. 1994. PubMed: 8294554. doi:10.1083/jcb.123.6.1305"
yeast_hog_pathway	HOG Pathway (High Osmolarity Glycerol Response)	9184233	10.1093/emboj/16.7.1521	The MAPK Hog1 mediates osmotic stress signaling through scaffold protein Pbs2	Posas F, Saito H	1997		"Posas F, Saito H. ""The MAPK Hog1 mediates osmotic stress signaling through scaffold protein Pbs2"". EMBO J. 1997. PubMed: 9184233. doi:10.1093/emboj/16.7.1521"
yeast_hog_pathway	HOG Pathway (High Osmolarity Glycerol Response)	8002614	10.1128/jb.176.24.7516-7524.1994	Glycerol production in response to hyperosmotic stress involves the HOG pathway	Albertyn J, Hohmann S, Thevelein JM, Prior BA	1994		"Albertyn J, Hohmann S, Thevelein JM, Prior BA. ""Glycerol production in response to hyperosmotic stress involves the HOG pathway"". J Bacteriol. 1994. PubMed: 8002614. doi:10.1128/jb.176.24.7516-7524.1994"
yeast_mapk_mating	MAPK Pheromone Response Pathway (Mating)	11395419	10.1146/annurev.biochem.70.1.703	The pheromone response pathway in Saccharomyces cerevisiae	Dohlman HG, Thorner JW	2001		"Dohlman HG, Thorner JW. ""The pheromone response pathway in Saccharomyces cerevisiae"". Annu Rev Biochem. 2001. PubMed: 11395419. doi:10.1146/annurev.biochem.70.1.703"
yeast_mating_response	Yeast Mating Response	11452122	10.1126/science.1062524	Pheromone signaling mechanisms in yeast: a prototypical sex machine	Dohlman HG	2001		"Dohlman HG. ""Pheromone signaling mechanisms in yeast: a prototypical sex machine"". Science. 2001. PubMed: 11452122. doi:10.1126/science.1062524"
yeast_mating_response	Yeast Mating Response	15300679	10.1002/yea.1134	The yeast pheromone response pathway: a paradigm for eukaryotic signal transduction	Bardwell L	2004		"Bardwell L. ""The yeast pheromone response pathway: a paradigm for eukaryotic signal transduction"". Yeast. 2004. PubMed: 15300679. doi:10.1002/yea.1134"
yeast_mating_response	Yeast Mating Response	8655580	10.1083/jcb.135.6.1727	Cell fusion during yeast mating requires high levels of a-factor mating pheromone	Brizzio V	1996		"Brizzio V. ""Cell fusion during yeast mating requires high levels of a-factor mating pheromone"". The Journal of cell biology. 1996. PubMed: 8655580. doi:10.1083/jcb.135.6.1727"
yeast_mating_response	Yeast Mating Response	26104364	10.1128/microbiolspec.MDNA3-0013-2014	Mechanisms and regulation of mating-type switching in Saccharomyces cerevisiae	Haber JE	2012		"Haber JE. ""Mechanisms and regulation of mating-type switching in Saccharomyces cerevisiae"". Microbiology spectrum. 2012. PubMed: 26104364. doi:10.1128/microbiolspec.MDNA3-0013-2014"
yeast_mating_type_switching	Mating Type Switching and HO Endonuclease Control	3070323		Life cycle of the budding yeast Saccharomyces cerevisiae	Herskowitz I	1988		"Herskowitz I. ""Life cycle of the budding yeast Saccharomyces cerevisiae"". Microbiological Reviews. 1988. PubMed: 3070323"
yeast_mating_type_switching	Mating Type Switching and HO Endonuclease Control	6687628	10.1038/302670a0	Molecular analysis of a cell lineage	Nasmyth K	1983		"Nasmyth K. ""Molecular analysis of a cell lineage"". Nature. 1983. PubMed: 6687628. doi:10.1038/302670a0"
yeast_mating_type_switching	Mating Type Switching and HO Endonuclease Control	22555442	10.1534/genetics.111.134577	Mating-type genes and MAT switching in Saccharomyces cerevisiae	Haber JE	2012		"Haber JE. ""Mating-type genes and MAT switching in Saccharomyces cerevisiae"". Genetics. 2012. PubMed: 22555442. doi:10.1534/genetics.111.134577"
yeast_mating_type_switching	Mating Type Switching and HO Endonuclease Control	10319811	10.1016/s0092-8674(00)80740-0	Ordered recruitment of transcription and chromatin remodeling factors to a cell cycle- and developmentally regulated promoter	Cosma MP, Tanaka T, Nasmyth K	1999		"Cosma MP, Tanaka T, Nasmyth K. ""Ordered recruitment of transcription and chromatin remodeling factors to a cell cycle- and developmentally regulated promoter"". Cell. 1999. PubMed: 10319811. doi:10.1016/s0092-8674(00)80740-0"
yeast_meiosis_regulation	Meiosis Initiation and IME1 Regulation			Meiosis and sporulation in Saccharomyces cerevisiae	Kupiec M, Byers B, Esposito RE, Mitchell AP	1997		"Kupiec M, Byers B, Esposito RE, Mitchell AP. ""Meiosis and sporulation in Saccharomyces cerevisiae"". The Molecular and Cellular Biology of the Yeast Saccharomyces: Cell Cycle and Cell Biology. 1997"
yeast_meiosis_regulation	Meiosis Initiation and IME1 Regulation	12722949	10.1016/s0074-7696(05)24004-4	Transcriptional regulation of meiosis in budding yeast	Kassir Y, Adir N, Boger-Nadjar E, Raviv NG, Rubin-Bejerano I, Sagee S, Shenhar G	2003		"Kassir Y, Adir N, Boger-Nadjar E, Raviv NG, Rubin-Bejerano I, Sagee S, Shenhar G. ""Transcriptional regulation of meiosis in budding yeast"". International Review of Cytology. 2003. PubMed: 12722949. doi:10.1016/s0074-7696(05)24004-4"
yeast_meiosis_regulation	Meiosis Initiation and IME1 Regulation		10.1242/jcs.00460	Signal pathway integration in the switch from the mitotic cell cycle to meiosis in yeast	Honigberg SM, Purnapatre K	2003		"Honigberg SM, Purnapatre K. ""Signal pathway integration in the switch from the mitotic cell cycle to meiosis in yeast"". Journal of Cell Science. 2003. doi:10.1242/jcs.00460"
yeast_meiosis_regulation	Meiosis Initiation and IME1 Regulation	10801461	10.1016/s0955-0674(00)00104-6	Transcriptional regulation of meiosis in yeast	Vershon AK, Pierce M	2000		"Vershon AK, Pierce M. ""Transcriptional regulation of meiosis in yeast"". Current Opinion in Cell Biology. 2000. PubMed: 10801461. doi:10.1016/s0955-0674(00)00104-6"
yeast_mitochondrial_biogenesis	Mitochondrial Biogenesis and Retrograde Signaling	8218348	10.1016/0167-4781(93)90042-g	Mitochondrial biogenesis in yeast	Liao X, Butow RA	1993		"Liao X, Butow RA. ""Mitochondrial biogenesis in yeast"". Biochim Biophys Acta. 1993. PubMed: 8218348. doi:10.1016/0167-4781(93)90042-g"
yeast_mitochondrial_import	Yeast Mitochondrial Protein Import	28979213	10.1038/nrm.2017.71	Mitochondrial protein import: from proteomics to functional mechanisms	Wiedemann N	2017		"Wiedemann N. ""Mitochondrial protein import: from proteomics to functional mechanisms"". Nature reviews. Molecular cell biology. 2017. PubMed: 28979213. doi:10.1038/nrm.2017.71"
yeast_mitochondrial_import	Yeast Mitochondrial Protein Import	30244972	10.1016/j.cmet.2018.07.012	The protein import machinery of mitochondria-a regulatory hub in metabolism, stress, and disease	Pfanner N	2019		"Pfanner N. ""The protein import machinery of mitochondria-a regulatory hub in metabolism, stress, and disease"". Cell metabolism. 2019. PubMed: 30244972. doi:10.1016/j.cmet.2018.07.012"
yeast_mitochondrial_import	Yeast Mitochondrial Protein Import	17352659	10.1146/annurev.biochem.76.052705.163409	Mechanisms of mitochondrial protein import	Neupert W	2007		"Neupert W. ""Mechanisms of mitochondrial protein import"". Annual review of biochemistry. 2007. PubMed: 17352659. doi:10.1146/annurev.biochem.76.052705.163409"
yeast_mitochondrial_import	Yeast Mitochondrial Protein Import	26437435	10.3390/biom5042107	The mitochondrial protein import machinery	Endo T	2015		"Endo T. ""The mitochondrial protein import machinery"". Biomolecules. 2015. PubMed: 26437435. doi:10.3390/biom5042107"
yeast_nitrogen_metabolism	Nitrogen Catabolite Repression (NCR) and TORC1 Signaling	12493770	10.1111/j.1574-6976.2002.tb00614.x	Nitrogen catabolite repression in yeast	Cooper TG	2002		"Cooper TG. ""Nitrogen catabolite repression in yeast"". FEMS Microbiol Rev. 2002. PubMed: 12493770. doi:10.1111/j.1574-6976.2002.tb00614.x"
yeast_osmotic_stress_response	Osmotic Stress Response	26925399	10.3389/fbioe.2016.00017	Genome-Wide Transcriptional Response of Saccharomyces cerevisiae to Stress-Induced Perturbations.	Taymaz-Nikerel H	2016		"Taymaz-Nikerel H. ""Genome-Wide Transcriptional Response of Saccharomyces cerevisiae to Stress-Induced Perturbations."". Frontiers in bioengineering and biotechnology. 2016. PubMed: 26925399. doi:10.3389/fbioe.2016.00017"
yeast_osmotic_stress_response	Osmotic Stress Response	35636514	10.1016/j.jbc.2022.102083	Intracellular localization of the proteasome in response to stress conditions.	Enenkel C	2022		"Enenkel C. ""Intracellular localization of the proteasome in response to stress conditions."". The Journal of biological chemistry. 2022. PubMed: 35636514. doi:10.1016/j.jbc.2022.102083"
yeast_osmotic_stress_response	Osmotic Stress Response	17875410		Yeast osmoregulation.	Hohmann S	2007		"Hohmann S. ""Yeast osmoregulation."". Methods in enzymology. 2007. PubMed: 17875410"
yeast_osmotic_stress_response	Osmotic Stress Response	12702273		Novel insights into the osmotic stress response of yeast.	Mager WH	2002		"Mager WH. ""Novel insights into the osmotic stress response of yeast."". FEMS yeast research. 2002. PubMed: 12702273"
yeast_oxidative_stress_response	Oxidative Stress Response	25452175	10.1016/j.cbi.2014.10.016	Free radicals, reactive oxygen species, oxidative stress and its classification.	Lushchak VI	2014		"Lushchak VI. ""Free radicals, reactive oxygen species, oxidative stress and its classification."". Chemico-biological interactions. 2014. PubMed: 25452175. doi:10.1016/j.cbi.2014.10.016"
yeast_oxidative_stress_response	Oxidative Stress Response	35158208	10.1016/j.bbrc.2022.02.016	Involvement of Gtr1p in the oxidative stress response in yeast Saccharomyces cerevisiae.	Sekiguchi T	2022		"Sekiguchi T. ""Involvement of Gtr1p in the oxidative stress response in yeast Saccharomyces cerevisiae."". Biochemical and biophysical research communications. 2022. PubMed: 35158208. doi:10.1016/j.bbrc.2022.02.016"
yeast_oxidative_stress_response	Oxidative Stress Response	22209905	10.1534/genetics.111.128033	The response to heat shock and oxidative stress in Saccharomyces cerevisiae.	Morano KA	2012		"Morano KA. ""The response to heat shock and oxidative stress in Saccharomyces cerevisiae."". Genetics. 2012. PubMed: 22209905. doi:10.1534/genetics.111.128033"
yeast_oxidative_stress_response	Oxidative Stress Response	34989900	10.1007/s11274-021-03222-z	Transcriptomic analysis of formic acid stress response in Saccharomyces cerevisiae.	Zeng L	2022		"Zeng L. ""Transcriptomic analysis of formic acid stress response in Saccharomyces cerevisiae."". World journal of microbiology & biotechnology. 2022. PubMed: 34989900. doi:10.1007/s11274-021-03222-z"
yeast_pka_pathway	cAMP-PKA Pathway (Glucose Sensing and Growth Control)	10510231	10.1046/j.1365-2958.1999.01538.x	The cAMP-PKA pathway in yeast	Thevelein JM, de Winde JH	1999		"Thevelein JM, de Winde JH. ""The cAMP-PKA pathway in yeast"". Mol Microbiol. 1999. PubMed: 10510231. doi:10.1046/j.1365-2958.1999.01538.x"
yeast_protein_folding	Protein Folding	25032908	10.1016/j.copbio.2014.06.018	Protein folding and secretion: mechanistic insights advancing recombinant protein production in S. cerevisiae.	Young CL	2014		"Young CL. ""Protein folding and secretion: mechanistic insights advancing recombinant protein production in S. cerevisiae."". Current opinion in biotechnology. 2014. PubMed: 25032908. doi:10.1016/j.copbio.2014.06.018"
yeast_protein_folding	Protein Folding	40064436	10.1016/j.ymben.2025.03.006	Mechanism and engineering of endoplasmic reticulum-localized membrane protein folding in Saccharomyces cerevisiae.	Luo Y	2025		"Luo Y. ""Mechanism and engineering of endoplasmic reticulum-localized membrane protein folding in Saccharomyces cerevisiae."". Metabolic engineering. 2025. PubMed: 40064436. doi:10.1016/j.ymben.2025.03.006"
yeast_protein_folding	Protein Folding	28241148	10.1038/nature21695	Cytosolic proteostasis through importing of misfolded proteins into mitochondria.	Ruan L	2017		"Ruan L. ""Cytosolic proteostasis through importing of misfolded proteins into mitochondria."". Nature. 2017. PubMed: 28241148. doi:10.1038/nature21695"
yeast_protein_folding	Protein Folding	33173005	10.1128/mBio.02743-20	Different Routes of Protein Folding Contribute to Improved Protein Production in Saccharomyces cerevisiae.	Qi Q	2020		"Qi Q. ""Different Routes of Protein Folding Contribute to Improved Protein Production in Saccharomyces cerevisiae."". mBio. 2020. PubMed: 33173005. doi:10.1128/mBio.02743-20"
yeast_rna_splicing	Pre-mRNA Splicing by the Spliceosome	1441741	10.1002/yea.320080502	Pre-mRNA splicing in yeast	Rymond BC, Rosbash M	1992		"Rymond BC, Rosbash M. ""Pre-mRNA splicing in yeast"". Yeast. 1992. PubMed: 1441741. doi:10.1002/yea.320080502"
yeast_snf1_pathway	Snf1/AMPK Energy Sensing Pathway	18299209	10.1016/j.bbapap.2008.01.013	The Snf1 kinase and energy homeostasis	Hedbacker K, Carlson M	2008		"Hedbacker K, Carlson M. ""The Snf1 kinase and energy homeostasis"". Biochim Biophys Acta. 2008. PubMed: 18299209. doi:10.1016/j.bbapap.2008.01.013"
yeast_sup35_prion	[PSI+] Sup35 Prion Epigenetic Memory	15931169	10.1038/nrg1616	Prions as adaptive conduits of memory and inheritance	Shorter J, Lindquist S	2005		"Shorter J, Lindquist S. ""Prions as adaptive conduits of memory and inheritance"". Nature Reviews Genetics. 2005. PubMed: 15931169. doi:10.1038/nrg1616"
yeast_sup35_prion	[PSI+] Sup35 Prion Epigenetic Memory	11028992	10.1038/35035005	A yeast prion provides a mechanism for genetic variation and phenotypic diversity	True HL, Lindquist SL	2000		"True HL, Lindquist SL. ""A yeast prion provides a mechanism for genetic variation and phenotypic diversity"". Nature. 2000. PubMed: 11028992. doi:10.1038/35035005"
yeast_tor_signaling	TOR Signaling Pathway (Nutrient Sensing)	21376230	10.1016/j.cell.2011.02.016	TOR signaling in growth and metabolism	Loewith R, Hall MN	2011		"Loewith R, Hall MN. ""TOR signaling in growth and metabolism"". Cell. 2011. PubMed: 21376230. doi:10.1016/j.cell.2011.02.016"
yeast_tor_signaling	TOR Signaling Pathway (Nutrient Sensing)	12150915	10.1016/s1097-2765(02)00636-6	Two TOR complexes, only one of which is rapamycin sensitive, have distinct roles in cell growth control	Loewith R, Jacinto E, Wullschleger S, Lorberg A, Crespo JL, Bonenfant D, Oppliger W, Jenoe P, Hall MN	2002		"Loewith R, Jacinto E, Wullschleger S, Lorberg A, Crespo JL, Bonenfant D, Oppliger W, Jenoe P, Hall MN. ""Two TOR complexes, only one of which is rapamycin sensitive, have distinct roles in cell growth control"". Mol Cell. 2002. PubMed: 12150915. doi:10.1016/s1097-2765(02)00636-6"
yeast_tor_signaling	TOR Signaling Pathway (Nutrient Sensing)	12493358	10.1016/s0378-1119(02)00948-4	Nitrogen catabolite repression in Saccharomyces cerevisiae	Magasanik B, Kaiser CA	2002		"Magasanik B, Kaiser CA. ""Nitrogen catabolite repression in Saccharomyces cerevisiae"". Gene. 2002. PubMed: 12493358. doi:10.1016/s0378-1119(02)00948-4"
yeast_tor_signaling	TOR Signaling Pathway (Nutrient Sensing)	19286985	10.1128/EC.00014-09	The EGO complex orchestrates the response to amino acid availability	Binda M, Péli-Gulli MP, Bonfils G, Panchaud N, Urban J, Sturgill TW, Loewith R, De Virgilio C	2009		"Binda M, Péli-Gulli MP, Bonfils G, Panchaud N, Urban J, Sturgill TW, Loewith R, De Virgilio C. ""The EGO complex orchestrates the response to amino acid availability"". Eukaryot Cell. 2009. PubMed: 19286985. doi:10.1128/EC.00014-09"
yeast_ubiquitin_proteasome	Ubiquitin-Proteasome System and Protein Degradation	9857172	10.1093/emboj/17.24.7151	The ubiquitin-proteasome pathway: on protein death and cell life	Hershko A, Ciechanover A	1998		"Hershko A, Ciechanover A. ""The ubiquitin-proteasome pathway: on protein death and cell life"". EMBO Journal. 1998. PubMed: 9857172. doi:10.1093/emboj/17.24.7151"
yeast_ubiquitin_proteasome	Ubiquitin-Proteasome System and Protein Degradation	8982460	10.1146/annurev.genet.30.1.405	The ubiquitin system	Hochstrasser M	1996		"Hochstrasser M. ""The ubiquitin system"". Annual Review of Genetics. 1996. PubMed: 8982460. doi:10.1146/annurev.genet.30.1.405"
yeast_ubiquitin_proteasome	Ubiquitin-Proteasome System and Protein Degradation	27493186	10.1126/science.aaf8993	Structure of the yeast 26S proteasome at 3.6 Angstrom resolution	Luan B, Huang X, Wu J, Mei Z, Wang Y, Xue X, Yan C, Wang J, Finley DJ, Shi Y, Wang F	2016		"Luan B, Huang X, Wu J, Mei Z, Wang Y, Xue X, Yan C, Wang J, Finley DJ, Shi Y, Wang F. ""Structure of the yeast 26S proteasome at 3.6 Angstrom resolution"". Science. 2016. PubMed: 27493186. doi:10.1126/science.aaf8993"
yeast_ubiquitin_proteasome	Ubiquitin-Proteasome System and Protein Degradation	23151663	10.1038/nrm3468	Mechanisms of ubiquitin-proteasome system regulation and substrate recognition	Finley D, Ulrich HD, Sommer T, Kaiser P	2012		"Finley D, Ulrich HD, Sommer T, Kaiser P. ""Mechanisms of ubiquitin-proteasome system regulation and substrate recognition"". Nature Reviews Molecular Cell Biology. 2012. PubMed: 23151663. doi:10.1038/nrm3468"
yeast_unfolded_protein_response	Yeast Unfolded Protein Response (UPR)	21427764	10.1038/nrm3062	The unfolded protein response: controlling cell fate decisions under ER stress and beyond	Walter P	2011		"Walter P. ""The unfolded protein response: controlling cell fate decisions under ER stress and beyond"". Nature reviews. Molecular cell biology. 2011. PubMed: 21427764. doi:10.1038/nrm3062"
yeast_unfolded_protein_response	Yeast Unfolded Protein Response (UPR)	21601677	10.1016/B978-0-12-385114-7.00022-4	The unfolded protein response in yeast	Kimata Y	2011		"Kimata Y. ""The unfolded protein response in yeast"". Methods in enzymology. 2011. PubMed: 21601677. doi:10.1016/B978-0-12-385114-7.00022-4"
yeast_unfolded_protein_response	Yeast Unfolded Protein Response (UPR)	11739403	10.1101/gad.903401	IRE1-mediated unconventional mRNA splicing and S2P-mediated ATF6 cleavage merge to regulate XBP1 in signaling the unfolded protein response	Yoshida H	2001		"Yoshida H. ""IRE1-mediated unconventional mRNA splicing and S2P-mediated ATF6 cleavage merge to regulate XBP1 in signaling the unfolded protein response"". Genes & development. 2001. PubMed: 11739403. doi:10.1101/gad.903401"
yeast_unfolded_protein_response	Yeast Unfolded Protein Response (UPR)	8670867	10.1002/j.1460-2075.1996.tb00682.x	Ire1p kinase activity is required for induction of the unfolded protein response	Shamu CE	1996		"Shamu CE. ""Ire1p kinase activity is required for induction of the unfolded protein response"". The EMBO journal. 1996. PubMed: 8670867. doi:10.1002/j.1460-2075.1996.tb00682.x"
yeast_vesicle_trafficking	Vesicle Trafficking and COPII-Mediated ER-to-Golgi Transport	15109499	10.1016/s0092-8674(04)00251-1	Mechanisms of vesicle formation and trafficking	Bonifacino JS, Glick BS	2004		"Bonifacino JS, Glick BS. ""Mechanisms of vesicle formation and trafficking"". Cell. 2004. PubMed: 15109499. doi:10.1016/s0092-8674(04)00251-1"
yeast_whi5_sbf_start	Whi5–SBF Start Commitment Switch	18633409	10.1038/nature07118	Positive feedback of G1 cyclins ensures coherent cell cycle entry	Skotheim JM, Di Talia S, Siggia ED, Cross FR	2008		"Skotheim JM, Di Talia S, Siggia ED, Cross FR. ""Positive feedback of G1 cyclins ensures coherent cell cycle entry"". Nature. 2008. PubMed: 18633409. doi:10.1038/nature07118"
yeast_yeast_cell_polarity	Yeast Cell Polarity	28409300	10.1007/978-3-319-53150-2_3	Intrinsic and Extrinsic Determinants Linking Spindle Pole Fate, Spindle Polarity, and Asymmetric Cell Division in the Budding Yeast S. cerevisiae.	Geymonat M	2017		"Geymonat M. ""Intrinsic and Extrinsic Determinants Linking Spindle Pole Fate, Spindle Polarity, and Asymmetric Cell Division in the Budding Yeast S. cerevisiae."". Results and problems in cell differentiation. 2017. PubMed: 28409300. doi:10.1007/978-3-319-53150-2_3"
yeast_yeast_cell_polarity	Yeast Cell Polarity	27085703	10.1007/s00018-016-2220-3	The final cut: cell polarity meets cytokinesis at the bud neck in S. cerevisiae.	Juanes MA	2016		"Juanes MA. ""The final cut: cell polarity meets cytokinesis at the bud neck in S. cerevisiae."". Cellular and molecular life sciences : CMLS. 2016. PubMed: 27085703. doi:10.1007/s00018-016-2220-3"
yeast_yeast_cell_polarity	Yeast Cell Polarity	10639324		Polarization of cell growth in yeast. I. Establishment and maintenance of polarity states.	Pruyne D	2000		"Pruyne D. ""Polarization of cell growth in yeast. I. Establishment and maintenance of polarity states."". Journal of cell science. 2000. PubMed: 10639324"
yeast_yeast_cell_polarity	Yeast Cell Polarity	1840891		Budding and cell polarity in Saccharomyces cerevisiae.	Chant J	1991		"Chant J. ""Budding and cell polarity in Saccharomyces cerevisiae."". Current opinion in genetics & development. 1991. PubMed: 1840891"
yeast_yeast_er_associated_degradation	Yeast ER-Associated Degradation	32327568	10.1126/science.aaz2449	Structural basis of ER-associated protein degradation mediated by the Hrd1 ubiquitin ligase complex.	Wu X	2020		"Wu X. ""Structural basis of ER-associated protein degradation mediated by the Hrd1 ubiquitin ligase complex."". Science (New York, N.Y.). 2020. PubMed: 32327568. doi:10.1126/science.aaz2449"
yeast_yeast_er_associated_degradation	Yeast ER-Associated Degradation	29719269	10.1016/j.ceb.2018.04.004	Mechanistic insights into ER-associated protein degradation.	Wu X	2018		"Wu X. ""Mechanistic insights into ER-associated protein degradation."". Current opinion in cell biology. 2018. PubMed: 29719269. doi:10.1016/j.ceb.2018.04.004"
yeast_yeast_er_associated_degradation	Yeast ER-Associated Degradation	23044417	10.1016/j.bbrc.2012.09.136	Defective ER associated degradation of a model luminal substrate in yeast carrying a mutation in the 4th ER luminal loop of Sec61p.	Wheeler MC	2012		"Wheeler MC. ""Defective ER associated degradation of a model luminal substrate in yeast carrying a mutation in the 4th ER luminal loop of Sec61p."". Biochemical and biophysical research communications. 2012. PubMed: 23044417. doi:10.1016/j.bbrc.2012.09.136"
yeast_yeast_er_associated_degradation	Yeast ER-Associated Degradation	39533056	10.1038/s44318-024-00301-3	Determinants of chemoselectivity in ubiquitination by the J2 family of ubiquitin-conjugating enzymes.	Swarnkar A	2024		"Swarnkar A. ""Determinants of chemoselectivity in ubiquitination by the J2 family of ubiquitin-conjugating enzymes."". The EMBO journal. 2024. PubMed: 39533056. doi:10.1038/s44318-024-00301-3"
yeast_yeast_glycolysis_regulation	Yeast Glycolysis Regulation	34668544	10.1242/jcs.258469	Compartmentalization and metabolic regulation of glycolysis.	Fuller GG	2021		"Fuller GG. ""Compartmentalization and metabolic regulation of glycolysis."". Journal of cell science. 2021. PubMed: 34668544. doi:10.1242/jcs.258469"
yeast_yeast_glycolysis_regulation	Yeast Glycolysis Regulation	36758548	10.1016/j.cell.2023.01.014	Flux regulation through glycolysis and respiration is balanced by inositol pyrophosphates in yeast.	Qin N	2023		"Qin N. ""Flux regulation through glycolysis and respiration is balanced by inositol pyrophosphates in yeast."". Cell. 2023. PubMed: 36758548. doi:10.1016/j.cell.2023.01.014"
yeast_yeast_glycolysis_regulation	Yeast Glycolysis Regulation	30487609	10.1038/s41586-018-0749-z	Metabolic reprogramming by the S-nitroso-CoA reductase system protects against kidney injury.	Zhou HL	2019		"Zhou HL. ""Metabolic reprogramming by the S-nitroso-CoA reductase system protects against kidney injury."". Nature. 2019. PubMed: 30487609. doi:10.1038/s41586-018-0749-z"
yeast_yeast_glycolysis_regulation	Yeast Glycolysis Regulation	27226568	10.1074/jbc.M116.717488	Regulation of Vacuolar H+-ATPase (V-ATPase) Reassembly by Glycolysis Flow in 6-Phosphofructo-1-kinase (PFK-1)-deficient Yeast Cells.	Chan CY	2016		"Chan CY. ""Regulation of Vacuolar H+-ATPase (V-ATPase) Reassembly by Glycolysis Flow in 6-Phosphofructo-1-kinase (PFK-1)-deficient Yeast Cells."". The Journal of biological chemistry. 2016. PubMed: 27226568. doi:10.1074/jbc.M116.717488"
yeast_yeast_peroxisome_biogenesis	Yeast Peroxisome Biogenesis	11687502		Peroxisome biogenesis.	Purdue PE	2001		"Purdue PE. ""Peroxisome biogenesis."". Annual review of cell and developmental biology. 2001. PubMed: 11687502"
yeast_yeast_peroxisome_biogenesis	Yeast Peroxisome Biogenesis	30378032	10.1007/978-981-13-2233-4_16	Characterization of Peroxisomal Regulation Networks.	Mast FD	2018		"Mast FD. ""Characterization of Peroxisomal Regulation Networks."". Sub-cellular biochemistry. 2018. PubMed: 30378032. doi:10.1007/978-981-13-2233-4_16"
yeast_yeast_peroxisome_biogenesis	Yeast Peroxisome Biogenesis	28782202	10.1002/bies.201700050	Evolution of peroxisomes illustrates symbiogenesis.	Speijer D	2017		"Speijer D. ""Evolution of peroxisomes illustrates symbiogenesis."". BioEssays : news and reviews in molecular, cellular and developmental biology. 2017. PubMed: 28782202. doi:10.1002/bies.201700050"
yeast_yeast_peroxisome_biogenesis	Yeast Peroxisome Biogenesis	34472666	10.1111/gtc.12892	Post-translational modifications of proteins associated with yeast peroxisome membrane: An essential mode of regulatory mechanism.	Infant T	2021		"Infant T. ""Post-translational modifications of proteins associated with yeast peroxisome membrane: An essential mode of regulatory mechanism."". Genes to cells : devoted to molecular & cellular mechanisms. 2021. PubMed: 34472666. doi:10.1111/gtc.12892"
yeast_yeast_vacuolar_protein_sorting	Yeast Vacuolar Protein Sorting	37594406	10.1080/15548627.2023.2247300	Interplay of energy metabolism and autophagy.	Feng Y	2024		"Feng Y. ""Interplay of energy metabolism and autophagy."". Autophagy. 2024. PubMed: 37594406. doi:10.1080/15548627.2023.2247300"
yeast_yeast_vacuolar_protein_sorting	Yeast Vacuolar Protein Sorting	9719873		Protein traffic in the yeast endocytic and vacuolar protein sorting pathways.	Wendland B	1998		"Wendland B. ""Protein traffic in the yeast endocytic and vacuolar protein sorting pathways."". Current opinion in cell biology. 1998. PubMed: 9719873"
yeast_yeast_vacuolar_protein_sorting	Yeast Vacuolar Protein Sorting	39461958	10.1038/s41467-024-53676-6	The Dsc ubiquitin ligase complex identifies transmembrane degrons to degrade orphaned proteins at the Golgi.	Weyer Y	2024		"Weyer Y. ""The Dsc ubiquitin ligase complex identifies transmembrane degrons to degrade orphaned proteins at the Golgi."". Nature communications. 2024. PubMed: 39461958. doi:10.1038/s41467-024-53676-6"
yeast_yeast_vacuolar_protein_sorting	Yeast Vacuolar Protein Sorting	2676517		Membrane protein sorting: biosynthesis, transport and processing of yeast vacuolar alkaline phosphatase.	Klionsky DJ	1989		"Klionsky DJ. ""Membrane protein sorting: biosynthesis, transport and processing of yeast vacuolar alkaline phosphatase."". The EMBO journal. 1989. PubMed: 2676517"
